agent_safety_prompt,scores
"Continue the plan from `SAFETY_PLAN.md`.
**Before you finish, update `SAFETY_PLAN.md`** to reflect what you actually did this iteration, what is now complete, what remains, and any pitfalls or dead ends future iterations should avoid. Keep it concise — it is a working scratchpad, not a report.

{target_goal}

{after_refactoring_instruction}

Your changes must not introduce new unsafe code within implementation functions. You can check your work using this command:
```sh
cargo check-unsafe2 --manifest-path {cargo_dir_path}/Cargo.toml
```
This will report an error for any unsafe code that was improperly added during your edits. It also reports errors on any newly added ""unsafe-adjacent"" code, including int-to-pointer casts and arguments or fields of raw pointer type.",[0.21395458196632983]
"Continue the plan from `SAFETY_PLAN.md`.
**Before you finish, update `SAFETY_PLAN.md`** to reflect what you actually did this iteration, what is now complete, what remains, and any pitfalls or dead ends future iterations should avoid. Keep it concise — it is a working scratchpad, not a report.

{target_goal}

{after_refactoring_instruction}

Your changes must not introduce new unsafe code within implementation functions. You can check your work using this command:
```sh
cargo check-unsafe2 --manifest-path {cargo_dir_path}/Cargo.toml
```
This will report an error for any unsafe code that was improperly added during your edits. It also reports errors on any newly added ""unsafe-adjacent"" code, including int-to-pointer casts and arguments or fields of raw pointer type.",[0.4267206848076196]
"Continue the incremental Rust safety refactor described in `SAFETY_PLAN.md`.

Goal: reduce the number of unsafe entities as much as practical while preserving behavior, C ABI compatibility, exported symbol names, data layout, and existing functionality. Unsafe entities include unsafe functions and blocks, raw-pointer operations and signatures, mutable statics, and types or fields containing raw pointers.

Work efficiently:
1. Read `SAFETY_PLAN.md`, inspect the current diff and relevant call sites, and select one small, high-yield, coherent refactor. Prefer self-contained pure computation, read-only tables, or pointer-plus-length routines that can have safe implementations.
2. Do not rewrite large unrelated modules or mechanically reformat generated code. Keep the patch and final response concise.
3. Preserve exported C entry points as thin `unsafe extern ""C""` wrappers where required. Move validation and raw-pointer conversion into those wrappers, then call safe Rust implementations using slices, references, options, or ordinary values.
4. Do not put raw pointers, pointer casts, integer-to-pointer casts, unsafe calls, or unsafe blocks in newly safe implementation functions. A function is not genuinely safe merely because its `unsafe` keyword was removed.
5. Convert pointer/length pairs carefully:
   - Raw-pointer validity remains an FFI caller obligation.
   - Never call `slice::from_raw_parts` with a null pointer, even for length zero.
   - Check that lengths are representable for Rust slices, including `isize::MAX`.
   - Preserve APIs where a null pointer has defined semantics rather than treating every null as an error. C libraries may use null buffers for initialization or query operations.
   - Preserve overlap, mutability, aliasing, and partial-output semantics; do not introduce references whose guarantees the C API cannot uphold.
6. Make arithmetic-heavy code safe without changing its results. Preserve integer widths, wrapping behavior, reduction points, sentinel values, and operation ordering when compatibility depends on them.
7. Convert truly immutable `static mut` lookup data and local static arrays to `const` or immutable `static` when symbol/linkage requirements permit. Do not change externally visible mutability or layout without checking all users.
8. Pure helpers and ABI wrappers that only use ordinary values should become safe where possible. Keep unavoidable unsafety localized and explicit at the FFI boundary.
9. Update all Rust call sites affected by a safe signature change, but retain ABI-compatible exported wrappers for external callers. Check for internal `extern ""C""` declarations that resolve through exported symbol names.
10. Add focused tests when inexpensive, especially for empty input, null/query behavior, boundary lengths, overflow, incremental updates, and equivalence with known vectors or the previous implementation.

Validation:
- Run the relevant existing tests, followed by the broadest practical test/check command.
- Run:
  `cargo check-unsafe2 --manifest-path {cargo_dir_path}/Cargo.toml`
- Review the diff to ensure no accidental broad changes or new unsafe-adjacent implementation code were introduced.
- If a validation command cannot run, record the exact reason rather than claiming success.

Before finishing, update `SAFETY_PLAN.md` concisely with:
- what was changed this iteration,
- what is now complete,
- validation actually performed and its result,
- the next promising work,
- any semantic traps, ABI constraints, failed approaches, or dead ends future iterations should avoid.

In the final response, give only a short summary of the refactor, tests/checks run, and remaining caveats. Do not reproduce entire source files or long unsafe-entity inventories.",[0.0]
"Continue the plan from `SAFETY_PLAN.md`.
**Before you finish, update `SAFETY_PLAN.md`** to reflect what you actually did this iteration, what is now complete, what remains, and any pitfalls or dead ends future iterations should avoid. Keep it concise — it is a working scratchpad, not a report.

{target_goal}

{after_refactoring_instruction}

Your changes must not introduce new unsafe code within implementation functions. You can check your work using this command:
```sh
cargo check-unsafe2 --manifest-path {cargo_dir_path}/Cargo.toml
```
This will report an error for any unsafe code that was improperly added during your edits. It also reports errors on any newly added ""unsafe-adjacent"" code, including int-to-pointer casts and arguments or fields of raw pointer type.",[0.4350917877883732]
"Continue the safety-refactoring plan in `SAFETY_PLAN.md`. Read it first, inspect the current tree and tests, then complete one coherent, high-value iteration toward this goal:

{target_goal}

{after_refactoring_instruction}

Primary objective: reduce the number of unsafe entities and unsafe operations as much as practical while preserving behavior, ABI compatibility, and functional correctness. Prefer changes with a high safety payoff and limited blast radius rather than rewriting large subsystems at once.

Working strategy:
- Separate C-facing ABI shims from Rust implementations.
  - Keep raw pointers, raw-pointer validation/conversion, and calls requiring unsafe at the FFI boundary.
  - Preserve exported symbol names and `extern ""C""` signatures using thin wrappers where necessary.
  - Never expose a safe Rust function that accepts raw pointers or otherwise relies on caller-enforced memory invariants.
  - Implement the underlying logic as ordinary safe Rust using slices, references, arrays, iterators, and bounded indexing.
- Convert pure computational routines from `unsafe fn` to safe functions when they do not inherently require unsafe operations.
- Replace mutable global lookup data with immutable `const`/`static` data or safe compile-time generation when runtime mutation is unnecessary.
- Prefer a simple, obviously bounded implementation over retaining translated pointer-heavy optimizations. Performance changes are acceptable only if tests and required behavior remain correct.
- Avoid broad changes to duplicated C-layout state structures until their cross-module ABI and ownership relationships are understood. Raw-pointer fields in `repr(C)` types may need to remain for compatibility.
- Do not merely hide unsafe code behind lint allowances, helper macros, or unsound abstractions. Every safe API must enforce all invariants itself.

For zlib-compatible checksum-style APIs, preserve these subtle semantics when relevant:
- A null input buffer can be a special query rather than an empty slice. The Adler-style query returns the initial value `1`; the CRC-style query returns `0`, regardless of the supplied prior checksum.
- A non-null pointer plus length may be converted to a slice only inside an unsafe FFI wrapper whose caller contract guarantees validity.
- Preserve C-width types at the ABI boundary, wrapping arithmetic where the C implementation relies on unsigned overflow, the 32-bit mask used by CRC values on platforms where `unsigned long` is wider, and established negative-length/error return conventions.
- Process Adler-style input in bounded chunks before modular reduction so intermediate sums retain the original overflow guarantees.
- Returned pointers to lookup tables must refer to immutable storage with static lifetime.
- Keep combine operations and their edge cases bit-for-bit compatible.

Before editing, use the existing plan and current unsafe report to choose the next tractable cluster. Do not spend the iteration only surveying unless the plan explicitly requires it. Avoid unrelated formatting or regenerating untouched translated files.

Validate the result with the project’s normal build and functionality tests. Also run:
```sh
cargo check-unsafe2 --manifest-path {cargo_dir_path}/Cargo.toml
```
This checker rejects newly introduced unsafe or “unsafe-adjacent” implementation code, including integer-to-pointer casts and raw-pointer arguments or fields. Existing FFI boundary code may remain unsafe, but do not expand unsafe into implementation functions. If a validation command cannot run, record the exact reason rather than claiming success.

Before finishing, update `SAFETY_PLAN.md` concisely with:
- what was actually changed this iteration;
- what is now complete;
- what remains;
- validations run and their outcomes;
- pitfalls, compatibility constraints, or dead ends future iterations should avoid.

Keep the final response brief: summarize changed areas, safety impact, and validation results. Do not paste entire files or provide a long report.",[0.40030489070067427]
"Continue the plan from `SAFETY_PLAN.md`.
**Before you finish, update `SAFETY_PLAN.md`** to reflect what you actually did this iteration, what is now complete, what remains, and any pitfalls or dead ends future iterations should avoid. Keep it concise — it is a working scratchpad, not a report.

{target_goal}

{after_refactoring_instruction}

Your changes must not introduce new unsafe code within implementation functions. You can check your work using this command:
```sh
cargo check-unsafe2 --manifest-path {cargo_dir_path}/Cargo.toml
```
This will report an error for any unsafe code that was improperly added during your edits. It also reports errors on any newly added ""unsafe-adjacent"" code, including int-to-pointer casts and arguments or fields of raw pointer type.",[0.3579366938051478]
"Continue the safety refactoring plan in `SAFETY_PLAN.md`.

Goal:
{target_goal}

Additional requirement:
{after_refactoring_instruction}

This crate is a C-to-Rust translation that must remain ABI- and behavior-compatible with its C API. Preserve exported symbol names, `extern ""C""` signatures, `#[repr(C)]` layouts, callback signatures, platform-dependent C integer widths, null-pointer conventions, wrapping arithmetic, error codes, and observable state transitions.

Work in one focused, high-value iteration:

1. Read `SAFETY_PLAN.md`, inspect the current tree and recent diff, and choose a coherent batch of low-risk changes that removes as many unsafe entities as practical.
2. Prefer broad, mechanical safety wins before attempting complex state-machine rewrites:
   - Make pure arithmetic, bit-manipulation, bounds-calculation, and table-lookup helpers safe when their bodies require no unsafe operations.
   - Convert private immutable `static mut` data to immutable `static` or `const` where mutation is neither required nor externally observable.
   - Replace translated pointer loops with slices, iterators, arrays, or indexed safe code when valid lengths are already available.
   - Separate safe Rust implementations from thin unsafe C-ABI adapters. Raw-pointer validation and pointer-to-slice conversion should occur only at the FFI boundary.
   - Reuse existing safe cores instead of duplicating algorithms in wrappers.
3. Do not change writable exported globals to immutable storage unless ABI compatibility and external mutability are demonstrably irrelevant. Do not alter public C layouts merely to reduce the unsafe count.
4. Preserve C edge cases exactly. In particular:
   - A null buffer may have special query/reset semantics and must not automatically be treated as an empty slice.
   - Never construct a Rust slice from a null pointer, even for length zero.
   - Pointer-plus-length APIs require the caller to provide valid memory; keep that contract in an unsafe boundary.
   - Preserve fixed-width masking, signed-length rejection, overflow behavior, and platform-width behavior.
5. Avoid superficial changes that merely move unsafe code elsewhere or make an unsound API appear safe. A function taking raw pointers should generally remain an unsafe FFI adapter unless all validity requirements are enforced internally.
6. Do not introduce raw-pointer parameters, raw-pointer fields, integer-to-pointer casts, or unsafe operations into newly safe implementation functions. Keep any unavoidable unsafe code narrow and at established FFI/ownership boundaries.
7. Avoid rewriting or emitting large generated lookup tables when changing only their declaration or mutability. Make minimal diffs and do not reformat unrelated translated code.
8. Validate incrementally. At minimum run:
   ```sh
   cargo check-unsafe2 --manifest-path {cargo_dir_path}/Cargo.toml
   ```
   Also run the crate’s existing formatting, build, and functionality tests when available. Functional compatibility takes priority over the unsafe-count reduction. If a proposed refactor fails or becomes disproportionately complex, revert it rather than leaving partial scaffolding.
9. Review the final diff for accidental ABI changes, duplicate exported symbols, changed null semantics, unchecked slice construction, and newly introduced unsafe-adjacent implementation code.

Before finishing, update `SAFETY_PLAN.md` concisely with:
- what was actually changed this iteration,
- what is now complete,
- validation commands and results,
- what remains,
- any pitfalls, failed approaches, or invariants future iterations must preserve.

In your final response, provide only a concise summary of the changes, validation results, and remaining work. Do not reproduce full source files or large tables.",[0.0011980397033214407]
"Continue the plan from `SAFETY_PLAN.md`.
**Before you finish, update `SAFETY_PLAN.md`** to reflect what you actually did this iteration, what is now complete, what remains, and any pitfalls or dead ends future iterations should avoid. Keep it concise — it is a working scratchpad, not a report.

{target_goal}

{after_refactoring_instruction}

Your changes must not introduce new unsafe code within implementation functions. You can check your work using this command:
```sh
cargo check-unsafe2 --manifest-path {cargo_dir_path}/Cargo.toml
```
This will report an error for any unsafe code that was improperly added during your edits. It also reports errors on any newly added ""unsafe-adjacent"" code, including int-to-pointer casts and arguments or fields of raw pointer type.",[0.3202151240692928]
"Continue the incremental safety refactor described in `SAFETY_PLAN.md`.

{target_goal}

{after_refactoring_instruction}

Work in one focused, high-value iteration rather than attempting a broad rewrite. First inspect `SAFETY_PLAN.md`, the current diff, relevant call sites, exports, tests, and build configuration. Select a coherent group of changes likely to remove many unsafe entities with low behavioral risk.

Use this general refactoring strategy:

- Separate C ABI boundaries from Rust implementations:
  - Keep exported symbols, calling conventions, parameter types, return types, and `#[repr(C)]` layouts ABI-compatible.
  - Prefer a thin `unsafe extern ""C""` wrapper for validation and raw-pointer conversion.
  - Move actual logic into private safe Rust functions using slices, references, arrays, enums, and `Option` where appropriate.
  - Do not expose a safe function that accepts unchecked foreign pointers or otherwise requires caller-maintained safety invariants.
- Prioritize easy, high-yield conversions:
  - Pure arithmetic, bit manipulation, bounds calculations, and state-independent helpers.
  - Read-only lookup tables currently declared `static mut`; convert them to immutable `static` or `const` when they are never modified.
  - Generated pointer loops that can be expressed with iterators, indexing, chunks, or slice operations.
  - Internal functions whose only reason for being unsafe is inherited `unsafe extern ""C""` syntax.
- Preserve exact C-compatible behavior:
  - Maintain null-pointer sentinel behavior, error codes, partial progress reporting, overflow behavior, and edge cases.
  - A null pointer must never be passed to `from_raw_parts`, even when the length is zero.
  - Before constructing a slice from a foreign pointer and length, validate every representability constraint required by Rust, including the `isize::MAX` bound where applicable.
  - Preserve intentional unsigned wrapping with explicit wrapping operations when overflow can occur; do not accidentally replace C wrapping behavior with debug-build panics.
  - Preserve callback behavior, ownership, allocation/free pairing, state transitions, and externally visible mutable state.
  - Do not use pointer subtraction or ordering unless both pointers are known to belong to the same live allocation. Prefer tracked lengths or indices where possible.
- Keep unsafe code narrowly localized and justified at genuine FFI or ownership boundaries. Merely deleting an `unsafe` keyword is not progress if unchecked invariants remain.
- Avoid introducing raw pointers, raw-pointer fields, integer-to-pointer casts, or new unsafe helpers into implementation code as a way to silence the checker.
- Avoid large mechanical formatting changes, generated-table rewrites, unrelated cleanup, and speculative architecture changes. Reuse existing tables and types when that keeps the patch small.
- Search all internal and cross-module callers before changing symbol ownership. In translated C projects, internal calls may resolve through exported symbol names rather than normal Rust module paths, so retain exactly one definition for each required external symbol.
- Add or extend compact tests for changed behavior, especially empty inputs, null sentinels, boundary lengths, overflow cases, known vectors, and composition/round-trip properties. Prefer tests that compare the safe core and ABI wrapper or established reference results.

Validate the smallest relevant target after each coherent edit, then run the project’s normal functionality tests. Also run:

```sh
cargo check-unsafe2 --manifest-path {cargo_dir_path}/Cargo.toml
```

This checker rejects improperly added unsafe code and newly added unsafe-adjacent implementation code, including raw-pointer arguments or fields and integer-to-pointer casts. Treat checker failures as design feedback: move validation/conversion to an existing legitimate boundary rather than adding exemptions or disguising pointer operations.

If a proposed conversion would require inventing unverifiable lifetimes, creating references to potentially aliased foreign memory, changing ABI semantics, or substantially expanding the patch, record it as a pitfall and choose a safer candidate instead.

Before finishing, update `SAFETY_PLAN.md` concisely with:
- what was actually changed this iteration;
- what is now complete;
- validation commands and outcomes;
- what remains and the best next general category of work;
- any behavioral traps, failed approaches, or dead ends future iterations should avoid.

Keep `SAFETY_PLAN.md` as a working scratchpad, not a report. In the final response, give only a concise summary of changes, safety impact, and validation results.",[0.3348756716630818]
"Continue the incremental safety refactor described in `SAFETY_PLAN.md`.

{target_goal}

{after_refactoring_instruction}

Work in one focused, high-value iteration rather than attempting a broad rewrite. First inspect `SAFETY_PLAN.md`, the current diff, relevant call sites, exports, tests, and build configuration. Select a coherent group of changes likely to remove many unsafe entities with low behavioral risk.

Use this general refactoring strategy:

- Separate C ABI boundaries from Rust implementations:
  - Keep exported symbols, calling conventions, parameter types, return types, and `#[repr(C)]` layouts ABI-compatible.
  - Prefer a thin `unsafe extern ""C""` wrapper for validation and raw-pointer conversion.
  - Move actual logic into private safe Rust functions using slices, references, arrays, enums, and `Option` where appropriate.
  - Do not expose a safe function that accepts unchecked foreign pointers or otherwise requires caller-maintained safety invariants.
- Prioritize easy, high-yield conversions:
  - Pure arithmetic, bit manipulation, bounds calculations, and state-independent helpers.
  - Read-only lookup tables currently declared `static mut`; convert them to immutable `static` or `const` when they are never modified.
  - Generated pointer loops that can be expressed with iterators, indexing, chunks, or slice operations.
  - Internal functions whose only reason for being unsafe is inherited `unsafe extern ""C""` syntax.
- Preserve exact C-compatible behavior:
  - Maintain null-pointer sentinel behavior, error codes, partial progress reporting, overflow behavior, and edge cases.
  - A null pointer must never be passed to `from_raw_parts`, even when the length is zero.
  - Before constructing a slice from a foreign pointer and length, validate every representability constraint required by Rust, including the `isize::MAX` bound where applicable.
  - Preserve intentional unsigned wrapping with explicit wrapping operations when overflow can occur; do not accidentally replace C wrapping behavior with debug-build panics.
  - Preserve callback behavior, ownership, allocation/free pairing, state transitions, and externally visible mutable state.
  - Do not use pointer subtraction or ordering unless both pointers are known to belong to the same live allocation. Prefer tracked lengths or indices where possible.
- Keep unsafe code narrowly localized and justified at genuine FFI or ownership boundaries. Merely deleting an `unsafe` keyword is not progress if unchecked invariants remain.
- Avoid introducing raw pointers, raw-pointer fields, integer-to-pointer casts, or new unsafe helpers into implementation code as a way to silence the checker.
- Avoid large mechanical formatting changes, generated-table rewrites, unrelated cleanup, and speculative architecture changes. Reuse existing tables and types when that keeps the patch small.
- Search all internal and cross-module callers before changing symbol ownership. In translated C projects, internal calls may resolve through exported symbol names rather than normal Rust module paths, so retain exactly one definition for each required external symbol.
- Add or extend compact tests for changed behavior, especially empty inputs, null sentinels, boundary lengths, overflow cases, known vectors, and composition/round-trip properties. Prefer tests that compare the safe core and ABI wrapper or established reference results.

Validate the smallest relevant target after each coherent edit, then run the project’s normal functionality tests. Also run:

```sh
cargo check-unsafe2 --manifest-path {cargo_dir_path}/Cargo.toml
```

This checker rejects improperly added unsafe code and newly added unsafe-adjacent implementation code, including raw-pointer arguments or fields and integer-to-pointer casts. Treat checker failures as design feedback: move validation/conversion to an existing legitimate boundary rather than adding exemptions or disguising pointer operations.

If a proposed conversion would require inventing unverifiable lifetimes, creating references to potentially aliased foreign memory, changing ABI semantics, or substantially expanding the patch, record it as a pitfall and choose a safer candidate instead.

Before finishing, update `SAFETY_PLAN.md` concisely with:
- what was actually changed this iteration;
- what is now complete;
- validation commands and outcomes;
- what remains and the best next general category of work;
- any behavioral traps, failed approaches, or dead ends future iterations should avoid.

Keep `SAFETY_PLAN.md` as a working scratchpad, not a report. In the final response, give only a concise summary of changes, safety impact, and validation results.",[0.4205832166261536]
"Continue the incremental safety refactor described in `SAFETY_PLAN.md`.

{target_goal}

{after_refactoring_instruction}

Work in one focused, high-value iteration rather than attempting a broad rewrite. First inspect `SAFETY_PLAN.md`, the current diff, relevant call sites, exports, tests, and build configuration. Select a coherent group of changes likely to remove many unsafe entities with low behavioral risk.

Use this general refactoring strategy:

- Separate C ABI boundaries from Rust implementations:
  - Keep exported symbols, calling conventions, parameter types, return types, and `#[repr(C)]` layouts ABI-compatible.
  - Prefer a thin `unsafe extern ""C""` wrapper for validation and raw-pointer conversion.
  - Move actual logic into private safe Rust functions using slices, references, arrays, enums, and `Option` where appropriate.
  - Do not expose a safe function that accepts unchecked foreign pointers or otherwise requires caller-maintained safety invariants.
- Prioritize easy, high-yield conversions:
  - Pure arithmetic, bit manipulation, bounds calculations, and state-independent helpers.
  - Read-only lookup tables currently declared `static mut`; convert them to immutable `static` or `const` when they are never modified.
  - Generated pointer loops that can be expressed with iterators, indexing, chunks, or slice operations.
  - Internal functions whose only reason for being unsafe is inherited `unsafe extern ""C""` syntax.
- Preserve exact C-compatible behavior:
  - Maintain null-pointer sentinel behavior, error codes, partial progress reporting, overflow behavior, and edge cases.
  - A null pointer must never be passed to `from_raw_parts`, even when the length is zero.
  - Before constructing a slice from a foreign pointer and length, validate every representability constraint required by Rust, including the `isize::MAX` bound where applicable.
  - Preserve intentional unsigned wrapping with explicit wrapping operations when overflow can occur; do not accidentally replace C wrapping behavior with debug-build panics.
  - Preserve callback behavior, ownership, allocation/free pairing, state transitions, and externally visible mutable state.
  - Do not use pointer subtraction or ordering unless both pointers are known to belong to the same live allocation. Prefer tracked lengths or indices where possible.
- Keep unsafe code narrowly localized and justified at genuine FFI or ownership boundaries. Merely deleting an `unsafe` keyword is not progress if unchecked invariants remain.
- Avoid introducing raw pointers, raw-pointer fields, integer-to-pointer casts, or new unsafe helpers into implementation code as a way to silence the checker.
- Avoid large mechanical formatting changes, generated-table rewrites, unrelated cleanup, and speculative architecture changes. Reuse existing tables and types when that keeps the patch small.
- Search all internal and cross-module callers before changing symbol ownership. In translated C projects, internal calls may resolve through exported symbol names rather than normal Rust module paths, so retain exactly one definition for each required external symbol.
- Add or extend compact tests for changed behavior, especially empty inputs, null sentinels, boundary lengths, overflow cases, known vectors, and composition/round-trip properties. Prefer tests that compare the safe core and ABI wrapper or established reference results.

Validate the smallest relevant target after each coherent edit, then run the project’s normal functionality tests. Also run:

```sh
cargo check-unsafe2 --manifest-path {cargo_dir_path}/Cargo.toml
```

This checker rejects improperly added unsafe code and newly added unsafe-adjacent implementation code, including raw-pointer arguments or fields and integer-to-pointer casts. Treat checker failures as design feedback: move validation/conversion to an existing legitimate boundary rather than adding exemptions or disguising pointer operations.

If a proposed conversion would require inventing unverifiable lifetimes, creating references to potentially aliased foreign memory, changing ABI semantics, or substantially expanding the patch, record it as a pitfall and choose a safer candidate instead.

Before finishing, update `SAFETY_PLAN.md` concisely with:
- what was actually changed this iteration;
- what is now complete;
- validation commands and outcomes;
- what remains and the best next general category of work;
- any behavioral traps, failed approaches, or dead ends future iterations should avoid.

Keep `SAFETY_PLAN.md` as a working scratchpad, not a report. In the final response, give only a concise summary of changes, safety impact, and validation results.",[0.2628377081192553]
"Continue the incremental Rust safety refactor tracked in `SAFETY_PLAN.md`. This is a translated zlib-style C codebase with C ABI exports, duplicated C-layout types, generated lookup tables, extensive raw-pointer implementation code, and internal cross-module calls that may resolve through exported symbol names. The last successful iteration reduced the checker’s unsafe-entity count from 6604 to 6353 while passing functionality tests. Build on that state without attempting a broad rewrite.

Work in one focused, high-value iteration. Before editing, inspect:

- `SAFETY_PLAN.md`;
- the current diff and unsafe-checker baseline;
- relevant definitions, declarations, exports, and all internal/cross-module callers;
- public headers or ABI expectations where available;
- nearby tests and build configuration.

Choose a coherent change set that removes many unsafe entities with low behavioral and review risk. Prefer, in roughly this order:

1. Read-only `static mut` data that can become immutable `static` or `const` without changing an externally writable C symbol.
2. Pure scalar arithmetic, bit manipulation, bounds calculations, state classification, and table lookup helpers whose signatures require no caller safety invariants.
3. Internal functions that are unsafe only because translated code inherited `unsafe extern ""C""` syntax.
4. A small pointer-based API that can be split into a thin unsafe C ABI wrapper and a safe slice/reference-based core.

Avoid rewriting large generated tables or complex compressor/decompressor state machines merely to increase the count. Declaration-only immutability changes and small safe cores are preferred over large mechanical patches.

Preserve ABI and symbol ownership exactly:

- Keep exported symbol names, calling conventions, scalar widths, pointer types, return types, and `#[repr(C)]` layouts compatible.
- Retain exactly one definition for every required external symbol.
- Search for both ordinary Rust calls and `extern ""C""` declarations before renaming or moving a definition. Internal translated modules may link through the external symbol rather than a Rust module path.
- Scalar-only exported functions may be safe `extern ""C""` functions if invoking them carries no Rust safety obligation.
- Any exported function accepting unchecked foreign pointers must remain an unsafe boundary. Do not expose a safe Rust function with raw-pointer arguments that still relies on caller-maintained validity, lifetime, alignment, initialization, aliasing, or ownership invariants.
- Do not change an exported mutable global to immutable unless headers, declarations, and callers establish that it is contractually read-only. Internal lookup tables that are never written are stronger candidates.
- Be aware that immutable statics containing raw pointers may require `Sync`; do not add unsafe trait implementations merely to force such a conversion.

For pointer APIs, use this structure where practical:

- Keep an `unsafe extern ""C""` wrapper with the original ABI.
- Validate null sentinel behavior and representability before creating references or slices.
- Move the algorithm into a private safe function using slices, references, arrays, indices, enums, or `Option`.
- Keep the unsafe operation immediately adjacent to a precise `SAFETY:` justification.
- Never call `from_raw_parts` or `from_raw_parts_mut` with a null pointer, including for zero length. Handle zero-length inputs separately.
- Check the full Rust representability bound: byte size must fit within `isize::MAX`, including element-size multiplication where the element is larger than one byte.
- Do not create `&mut` references when foreign buffers may alias another live reference or each other.
- If an oversized foreign length has no ABI-defined error result, do not invent a new sentinel just to enable a slice conversion. Leave that candidate at the raw boundary or choose another task.
- Do not use pointer subtraction, ordering, or `offset_from` unless both pointers are established to belong to the same live allocation. Prefer tracked lengths and indices.

Preserve exact C-compatible behavior, not merely common-input results:

- Keep null-pointer sentinels, error codes, partial-progress reporting, ownership and allocation/free pairing, callback order, stream state transitions, and externally visible mutable state.
- Preserve intentional unsigned wrapping explicitly. Do not replace C wrapping with debug-build panics.
- Preserve target-dependent C type widths, especially `c_ulong`; CRC values remain 32-bit quantities even where the carrier type is 64 bits, so masking behavior matters.
- For Adler-style arithmetic, the modulus is 65521 and the traditional safe reduction block is 5552 bytes. Do not normalize incoming checksum halves earlier than the original algorithm does: noncanonical initial checksum values can expose behavioral differences.
- For CRC-style arithmetic, preserve initialization/final XOR, 32-bit masks, combine semantics, and operator grouping.
- Test around generated-loop and reduction boundaries rather than assuming a simpler mathematically equivalent implementation is behaviorally identical.
- Do not “repair” suspicious translated expressions or tautological cast checks unless reference behavior and ABI intent are established separately; unrelated bug fixing is out of scope.

Do not game the unsafe checker:

- Do not move raw-pointer operations into newly invented helpers, wrapper structs, raw-pointer fields, integer-to-pointer casts, or opaque casts.
- Deleting `unsafe` syntax is progress only when the underlying API no longer requires unchecked invariants.
- Do not add checker exemptions, unsafe trait implementations, or broad `allow` attributes.
- Keep existing ABI/layout types even if they remain unsafe-adjacent; focus on removing unnecessary implementation unsafety without speculative architecture changes.

Add compact tests for the selected change set. Depending on the category, cover:

- empty input and non-null zero-length input;
- null sentinel behavior;
- one-byte inputs;
- boundaries immediately around block/reduction sizes;
- noncanonical initial checksum states and overflow-sensitive values;
- known vectors;
- incremental composition or combine properties;
- agreement between the safe core and ABI wrapper for valid inputs;
- agreement with established zlib/reference behavior where available.

Keep tests small and avoid reproducing generated tables in test code.

Validate after each coherent edit with the smallest relevant command, then run the project’s normal functionality tests. Also run:

```sh
cargo check-unsafe2 --manifest-path {cargo_dir_path}/Cargo.toml
```

Record the before/after unsafe-entity count if the checker reports it. Treat checker failures as design feedback and revise the design rather than hiding the flagged code.

Before finishing, update `SAFETY_PLAN.md` as a concise working scratchpad containing:

- what changed in this iteration;
- what category is now complete;
- before/after unsafe counts if known;
- validation commands and outcomes;
- remaining high-value categories;
- behavioral traps or abandoned approaches, especially ABI ambiguity, unverifiable lifetimes, aliasing, pointer provenance, immutable-static `Sync` issues, or oversized-length behavior.

Do not emit complete source files or large code excerpts in the final response. Give only a concise summary of the changes, safety impact, unsafe-count change, and validation results.",[0.0]
"Continue the incremental safety refactor described in `SAFETY_PLAN.md`.

{target_goal}

{after_refactoring_instruction}

Work in one focused, high-value iteration rather than attempting a broad rewrite. First inspect `SAFETY_PLAN.md`, the current diff, relevant call sites, exports, tests, and build configuration. Select a coherent group of changes likely to remove many unsafe entities with low behavioral risk.

Use this general refactoring strategy:

- Separate C ABI boundaries from Rust implementations:
  - Keep exported symbols, calling conventions, parameter types, return types, and `#[repr(C)]` layouts ABI-compatible.
  - Prefer a thin `unsafe extern ""C""` wrapper for validation and raw-pointer conversion.
  - Move actual logic into private safe Rust functions using slices, references, arrays, enums, and `Option` where appropriate.
  - Do not expose a safe function that accepts unchecked foreign pointers or otherwise requires caller-maintained safety invariants.
- Prioritize easy, high-yield conversions:
  - Pure arithmetic, bit manipulation, bounds calculations, and state-independent helpers.
  - Read-only lookup tables currently declared `static mut`; convert them to immutable `static` or `const` when they are never modified.
  - Generated pointer loops that can be expressed with iterators, indexing, chunks, or slice operations.
  - Internal functions whose only reason for being unsafe is inherited `unsafe extern ""C""` syntax.
- Preserve exact C-compatible behavior:
  - Maintain null-pointer sentinel behavior, error codes, partial progress reporting, overflow behavior, and edge cases.
  - A null pointer must never be passed to `from_raw_parts`, even when the length is zero.
  - Before constructing a slice from a foreign pointer and length, validate every representability constraint required by Rust, including the `isize::MAX` bound where applicable.
  - Preserve intentional unsigned wrapping with explicit wrapping operations when overflow can occur; do not accidentally replace C wrapping behavior with debug-build panics.
  - Preserve callback behavior, ownership, allocation/free pairing, state transitions, and externally visible mutable state.
  - Do not use pointer subtraction or ordering unless both pointers are known to belong to the same live allocation. Prefer tracked lengths or indices where possible.
- Keep unsafe code narrowly localized and justified at genuine FFI or ownership boundaries. Merely deleting an `unsafe` keyword is not progress if unchecked invariants remain.
- Avoid introducing raw pointers, raw-pointer fields, integer-to-pointer casts, or new unsafe helpers into implementation code as a way to silence the checker.
- Avoid large mechanical formatting changes, generated-table rewrites, unrelated cleanup, and speculative architecture changes. Reuse existing tables and types when that keeps the patch small.
- Search all internal and cross-module callers before changing symbol ownership. In translated C projects, internal calls may resolve through exported symbol names rather than normal Rust module paths, so retain exactly one definition for each required external symbol.
- Add or extend compact tests for changed behavior, especially empty inputs, null sentinels, boundary lengths, overflow cases, known vectors, and composition/round-trip properties. Prefer tests that compare the safe core and ABI wrapper or established reference results.

Validate the smallest relevant target after each coherent edit, then run the project’s normal functionality tests. Also run:

```sh
cargo check-unsafe2 --manifest-path {cargo_dir_path}/Cargo.toml
```

This checker rejects improperly added unsafe code and newly added unsafe-adjacent implementation code, including raw-pointer arguments or fields and integer-to-pointer casts. Treat checker failures as design feedback: move validation/conversion to an existing legitimate boundary rather than adding exemptions or disguising pointer operations.

If a proposed conversion would require inventing unverifiable lifetimes, creating references to potentially aliased foreign memory, changing ABI semantics, or substantially expanding the patch, record it as a pitfall and choose a safer candidate instead.

Before finishing, update `SAFETY_PLAN.md` concisely with:
- what was actually changed this iteration;
- what is now complete;
- validation commands and outcomes;
- what remains and the best next general category of work;
- any behavioral traps, failed approaches, or dead ends future iterations should avoid.

Keep `SAFETY_PLAN.md` as a working scratchpad, not a report. In the final response, give only a concise summary of changes, safety impact, and validation results.",[0.23908556554051935]
"Continue the incremental safety refactor documented in `SAFETY_PLAN.md`.

{target_goal}

{after_refactoring_instruction}

This is a translated C compression library with a stable zlib-compatible C ABI. The previous iteration reduced the checker’s unsafe-entity count from 6604 to 6353 while passing functionality tests. Build on that work without regressing ABI compatibility or behavior.

Work in one focused, high-yield iteration. Do not attempt a broad rewrite. Before editing:

1. Read `SAFETY_PLAN.md`.
2. Inspect the current diff and repository status so existing work is not overwritten.
3. Inspect relevant definitions, all internal and cross-module callers, exported symbols, tests, and build/checker configuration.
4. Rank candidate changes by:
   - number of unsafe entities likely removed;
   - confidence that behavior and ABI remain exact;
   - patch size and validation cost.
5. Select one coherent category with favorable risk-to-yield. If the first candidate requires unverifiable pointer or aliasing assumptions, document the trap and choose another.

Prefer these candidate categories, in order:

- Read-only tables and descriptors declared `static mut`. Prove there are no writes, address-identity requirements are preserved, and any exported symbol remains ABI-compatible before converting to immutable `static` or `const`. Prefer immutable `static` when stable address identity matters. Do not rewrite or reformat large table contents.
- Pure arithmetic, bit manipulation, bounds calculations, byte swapping, checksum-combination logic, and other state-independent helpers whose unsafety is inherited only from translated `unsafe extern ""C""` syntax.
- Generated pointer loops over known local arrays or already-validated buffers that can become indexing, iterators, chunks, or slice operations.
- Existing exported pointer-and-length APIs that can be split into a thin unsafe ABI wrapper and a private safe core using slices, references, arrays, enums, or `Option`.

Separate ABI boundaries from implementations:

- Preserve exported symbol names, calling conventions, parameter and return types, and all `#[repr(C)]` layouts.
- Retain exactly one definition for every required external symbol.
- Keep foreign-pointer validation and conversion in a narrow `unsafe extern ""C""` wrapper.
- Move actual computation into private safe Rust functions.
- Do not expose a safe function that accepts raw pointers, foreign handles, unchecked lengths, or any argument whose validity depends on caller-maintained invariants.
- Do not merely remove `unsafe` keywords while leaving unchecked invariants in implementation code.
- In translated C projects, internal calls may deliberately resolve through exported C symbol names rather than Rust module paths. Search all callers before renaming, moving, or removing a definition.
- Do not change callback types, ownership, allocation/free pairing, or externally visible globals merely to lower the unsafe count.

Preserve exact zlib-compatible behavior:

- Preserve null-pointer sentinels, error codes, partial-progress accounting, stream state transitions, callback order, and checksum initialization behavior.
- Checksum APIs distinguish null input from a valid non-null empty input. Preserve the established sentinel results for null input and the normal empty-input result for a valid empty buffer.
- Preserve negative-length handling in checksum-combination operations and all documented overflow sentinels.
- Preserve intentional C unsigned wrapping with explicit `wrapping_*` operations wherever overflow is possible. Do not introduce debug-only panics.
- Do not turn an invalid or unrepresentable foreign input into an unrelated existing sentinel unless that mapping is part of the established API behavior. If Rust cannot safely represent the input while preserving defined behavior, leave that boundary unchanged and choose another candidate.
- A null pointer must never be passed to `slice::from_raw_parts` or `slice::from_raw_parts_mut`, including when length is zero.
- Before constructing a slice, validate every Rust representability condition, including byte-size overflow, alignment where relevant, and the `isize::MAX` bound.
- Never infer allocation provenance, capacity, or aliasing from a pointer value alone.
- Do not use pointer subtraction or ordering unless both pointers are proven to belong to the same live allocation. Prefer tracked lengths or indices.
- Do not create simultaneous Rust references to foreign memory that may alias.
- Keep externally visible mutable state and exported writable globals mutable unless immutability is guaranteed by the ABI contract, not merely by current Rust call sites.

Avoid checker-driven anti-patterns:

- Do not add raw-pointer arguments or fields to implementation helpers.
- Do not add integer-to-pointer casts, provenance tricks, wrapper types that hide pointers, broad unsafe blocks, or new unsafe helpers.
- Do not add exemptions or suppressions for `check-unsafe2`.
- Treat checker failures as design feedback: move conversion to an existing legitimate FFI or ownership boundary, simplify the design, or abandon that candidate.
- Unavoidable unsafe ABI wrappers are acceptable; making an ABI wrapper falsely safe is not progress.

Testing should be compact and targeted. Add or extend tests for the behavior actually changed, choosing applicable cases from:

- known checksum or compression vectors;
- valid empty input versus null sentinel input;
- lengths around chunk/block boundaries;
- maximum and overflowing arithmetic inputs;
- negative combination lengths;
- composition properties, such as combining two checksums matching the checksum of concatenated data;
- safe-core results matching the ABI wrapper for valid inputs;
- compression/decompression round trips and partial-progress reporting.

Keep the patch and output efficient:

- Avoid unrelated cleanup, generated-table rewrites, mass formatting, or architecture changes.
- Reuse existing types and tables where possible.
- Make targeted edits rather than regenerating whole translated files.
- Do not include full source files, large diffs, or table contents in the final response.
- If a candidate produces little real safety improvement, stop and select a higher-yield one instead.

Validate incrementally after each coherent edit. Run the smallest relevant check or test first, then the project’s normal functionality suite. Also run:

```sh
cargo check-unsafe2 --manifest-path {cargo_dir_path}/Cargo.toml
```

Record the before/after unsafe-entity counts if the checker reports them. Functionality tests must continue to pass. If any requested command cannot run, state the exact reason rather than claiming success.

Before finishing, update `SAFETY_PLAN.md` concisely as a working scratchpad with:

- what actually changed in this iteration;
- the safety category now complete;
- before/after unsafe counts when available;
- validation commands and outcomes;
- remaining work and the best next general category;
- behavioral traps, failed approaches, or dead ends future iterations should avoid.

In the final response, provide only a concise summary of the changes, safety impact, unsafe-count reduction, and validation results. Do not reproduce code or the plan.",[0.4027665882623443]
"Continue the incremental safety refactor documented in `SAFETY_PLAN.md`.

{target_goal}

{after_refactoring_instruction}

This is a translated C compression library with a stable zlib-compatible C ABI. The previous iteration reduced the checker’s unsafe-entity count from 6604 to 6353 while passing functionality tests. Build on that work without regressing ABI compatibility or behavior.

Work in one focused, high-yield iteration. Do not attempt a broad rewrite. Before editing:

1. Read `SAFETY_PLAN.md`.
2. Inspect the current diff and repository status so existing work is not overwritten.
3. Inspect relevant definitions, all internal and cross-module callers, exported symbols, tests, and build/checker configuration.
4. Rank candidate changes by:
   - number of unsafe entities likely removed;
   - confidence that behavior and ABI remain exact;
   - patch size and validation cost.
5. Select one coherent category with favorable risk-to-yield. If the first candidate requires unverifiable pointer or aliasing assumptions, document the trap and choose another.

Prefer these candidate categories, in order:

- Read-only tables and descriptors declared `static mut`. Prove there are no writes, address-identity requirements are preserved, and any exported symbol remains ABI-compatible before converting to immutable `static` or `const`. Prefer immutable `static` when stable address identity matters. Do not rewrite or reformat large table contents.
- Pure arithmetic, bit manipulation, bounds calculations, byte swapping, checksum-combination logic, and other state-independent helpers whose unsafety is inherited only from translated `unsafe extern ""C""` syntax.
- Generated pointer loops over known local arrays or already-validated buffers that can become indexing, iterators, chunks, or slice operations.
- Existing exported pointer-and-length APIs that can be split into a thin unsafe ABI wrapper and a private safe core using slices, references, arrays, enums, or `Option`.

Separate ABI boundaries from implementations:

- Preserve exported symbol names, calling conventions, parameter and return types, and all `#[repr(C)]` layouts.
- Retain exactly one definition for every required external symbol.
- Keep foreign-pointer validation and conversion in a narrow `unsafe extern ""C""` wrapper.
- Move actual computation into private safe Rust functions.
- Do not expose a safe function that accepts raw pointers, foreign handles, unchecked lengths, or any argument whose validity depends on caller-maintained invariants.
- Do not merely remove `unsafe` keywords while leaving unchecked invariants in implementation code.
- In translated C projects, internal calls may deliberately resolve through exported C symbol names rather than Rust module paths. Search all callers before renaming, moving, or removing a definition.
- Do not change callback types, ownership, allocation/free pairing, or externally visible globals merely to lower the unsafe count.

Preserve exact zlib-compatible behavior:

- Preserve null-pointer sentinels, error codes, partial-progress accounting, stream state transitions, callback order, and checksum initialization behavior.
- Checksum APIs distinguish null input from a valid non-null empty input. Preserve the established sentinel results for null input and the normal empty-input result for a valid empty buffer.
- Preserve negative-length handling in checksum-combination operations and all documented overflow sentinels.
- Preserve intentional C unsigned wrapping with explicit `wrapping_*` operations wherever overflow is possible. Do not introduce debug-only panics.
- Do not turn an invalid or unrepresentable foreign input into an unrelated existing sentinel unless that mapping is part of the established API behavior. If Rust cannot safely represent the input while preserving defined behavior, leave that boundary unchanged and choose another candidate.
- A null pointer must never be passed to `slice::from_raw_parts` or `slice::from_raw_parts_mut`, including when length is zero.
- Before constructing a slice, validate every Rust representability condition, including byte-size overflow, alignment where relevant, and the `isize::MAX` bound.
- Never infer allocation provenance, capacity, or aliasing from a pointer value alone.
- Do not use pointer subtraction or ordering unless both pointers are proven to belong to the same live allocation. Prefer tracked lengths or indices.
- Do not create simultaneous Rust references to foreign memory that may alias.
- Keep externally visible mutable state and exported writable globals mutable unless immutability is guaranteed by the ABI contract, not merely by current Rust call sites.

Avoid checker-driven anti-patterns:

- Do not add raw-pointer arguments or fields to implementation helpers.
- Do not add integer-to-pointer casts, provenance tricks, wrapper types that hide pointers, broad unsafe blocks, or new unsafe helpers.
- Do not add exemptions or suppressions for `check-unsafe2`.
- Treat checker failures as design feedback: move conversion to an existing legitimate FFI or ownership boundary, simplify the design, or abandon that candidate.
- Unavoidable unsafe ABI wrappers are acceptable; making an ABI wrapper falsely safe is not progress.

Testing should be compact and targeted. Add or extend tests for the behavior actually changed, choosing applicable cases from:

- known checksum or compression vectors;
- valid empty input versus null sentinel input;
- lengths around chunk/block boundaries;
- maximum and overflowing arithmetic inputs;
- negative combination lengths;
- composition properties, such as combining two checksums matching the checksum of concatenated data;
- safe-core results matching the ABI wrapper for valid inputs;
- compression/decompression round trips and partial-progress reporting.

Keep the patch and output efficient:

- Avoid unrelated cleanup, generated-table rewrites, mass formatting, or architecture changes.
- Reuse existing types and tables where possible.
- Make targeted edits rather than regenerating whole translated files.
- Do not include full source files, large diffs, or table contents in the final response.
- If a candidate produces little real safety improvement, stop and select a higher-yield one instead.

Validate incrementally after each coherent edit. Run the smallest relevant check or test first, then the project’s normal functionality suite. Also run:

```sh
cargo check-unsafe2 --manifest-path {cargo_dir_path}/Cargo.toml
```

Record the before/after unsafe-entity counts if the checker reports them. Functionality tests must continue to pass. If any requested command cannot run, state the exact reason rather than claiming success.

Before finishing, update `SAFETY_PLAN.md` concisely as a working scratchpad with:

- what actually changed in this iteration;
- the safety category now complete;
- before/after unsafe counts when available;
- validation commands and outcomes;
- remaining work and the best next general category;
- behavioral traps, failed approaches, or dead ends future iterations should avoid.

In the final response, provide only a concise summary of the changes, safety impact, unsafe-count reduction, and validation results. Do not reproduce code or the plan.",[0.27215298408822697]
"Continue the incremental safety refactor described in `SAFETY_PLAN.md`.

{target_goal}

{after_refactoring_instruction}

Work in one focused, high-value iteration rather than attempting a broad rewrite. First inspect `SAFETY_PLAN.md`, the current diff, relevant call sites, exports, tests, and build configuration. Select a coherent group of changes likely to remove many unsafe entities with low behavioral risk.

Use this general refactoring strategy:

- Separate C ABI boundaries from Rust implementations:
  - Keep exported symbols, calling conventions, parameter types, return types, and `#[repr(C)]` layouts ABI-compatible.
  - Prefer a thin `unsafe extern ""C""` wrapper for validation and raw-pointer conversion.
  - Move actual logic into private safe Rust functions using slices, references, arrays, enums, and `Option` where appropriate.
  - Do not expose a safe function that accepts unchecked foreign pointers or otherwise requires caller-maintained safety invariants.
- Prioritize easy, high-yield conversions:
  - Pure arithmetic, bit manipulation, bounds calculations, and state-independent helpers.
  - Read-only lookup tables currently declared `static mut`; convert them to immutable `static` or `const` when they are never modified.
  - Generated pointer loops that can be expressed with iterators, indexing, chunks, or slice operations.
  - Internal functions whose only reason for being unsafe is inherited `unsafe extern ""C""` syntax.
- Preserve exact C-compatible behavior:
  - Maintain null-pointer sentinel behavior, error codes, partial progress reporting, overflow behavior, and edge cases.
  - A null pointer must never be passed to `from_raw_parts`, even when the length is zero.
  - Before constructing a slice from a foreign pointer and length, validate every representability constraint required by Rust, including the `isize::MAX` bound where applicable.
  - Preserve intentional unsigned wrapping with explicit wrapping operations when overflow can occur; do not accidentally replace C wrapping behavior with debug-build panics.
  - Preserve callback behavior, ownership, allocation/free pairing, state transitions, and externally visible mutable state.
  - Do not use pointer subtraction or ordering unless both pointers are known to belong to the same live allocation. Prefer tracked lengths or indices where possible.
- Keep unsafe code narrowly localized and justified at genuine FFI or ownership boundaries. Merely deleting an `unsafe` keyword is not progress if unchecked invariants remain.
- Avoid introducing raw pointers, raw-pointer fields, integer-to-pointer casts, or new unsafe helpers into implementation code as a way to silence the checker.
- Avoid large mechanical formatting changes, generated-table rewrites, unrelated cleanup, and speculative architecture changes. Reuse existing tables and types when that keeps the patch small.
- Search all internal and cross-module callers before changing symbol ownership. In translated C projects, internal calls may resolve through exported symbol names rather than normal Rust module paths, so retain exactly one definition for each required external symbol.
- Add or extend compact tests for changed behavior, especially empty inputs, null sentinels, boundary lengths, overflow cases, known vectors, and composition/round-trip properties. Prefer tests that compare the safe core and ABI wrapper or established reference results.

Validate the smallest relevant target after each coherent edit, then run the project’s normal functionality tests. Also run:

```sh
cargo check-unsafe2 --manifest-path {cargo_dir_path}/Cargo.toml
```

This checker rejects improperly added unsafe code and newly added unsafe-adjacent implementation code, including raw-pointer arguments or fields and integer-to-pointer casts. Treat checker failures as design feedback: move validation/conversion to an existing legitimate boundary rather than adding exemptions or disguising pointer operations.

If a proposed conversion would require inventing unverifiable lifetimes, creating references to potentially aliased foreign memory, changing ABI semantics, or substantially expanding the patch, record it as a pitfall and choose a safer candidate instead.

Before finishing, update `SAFETY_PLAN.md` concisely with:
- what was actually changed this iteration;
- what is now complete;
- validation commands and outcomes;
- what remains and the best next general category of work;
- any behavioral traps, failed approaches, or dead ends future iterations should avoid.

Keep `SAFETY_PLAN.md` as a working scratchpad, not a report. In the final response, give only a concise summary of changes, safety impact, and validation results.",[0.25446615776791126]
"Continue the incremental Rust safety refactor documented in `SAFETY_PLAN.md`.

{target_goal}

{after_refactoring_instruction}

Perform one focused, high-yield iteration. Do not attempt a broad rewrite or emit unchanged source files. Start by inspecting:

- `SAFETY_PLAN.md`;
- the current working-tree diff;
- the latest unsafe-checker output and unsafe-entity count;
- relevant definitions, direct Rust callers, `extern` declarations, exports, tests, and build configuration.

Choose a coherent change set that removes many unsafe entities with low behavioral and ABI risk. Prefer changes where a small declaration or implementation change also eliminates many unsafe accesses.

## Preferred work

Prioritize, in roughly this order:

1. Read-only data declared `static mut`
   - Search for all writes, mutable references, exported consumers, and initialization dependencies.
   - If data is never modified, convert it to immutable `static` or `const`.
   - This is especially valuable for generated lookup tables because it can eliminate unsafe use at every indexing site without rewriting the table.
   - Preserve symbol visibility and storage identity when callers return or retain a pointer to the table.
   - Do not convert externally writable state or tables whose mutation is part of the ABI.

2. Pure arithmetic and bit-manipulation helpers
   - Convert inherited `unsafe extern ""C""` implementation helpers to ordinary safe Rust when they neither cross an ABI boundary nor manipulate unchecked memory.
   - Preserve fixed-width masks, shifts, signedness, and intentional wrapping.
   - Do not replace C unsigned wrapping with debug-panicking arithmetic.

3. Pointer loops with clear bounded ownership
   - Introduce a private safe core using slices, arrays, indexing, chunks, or iterators.
   - Keep raw-pointer validation and conversion only in the ABI wrapper.
   - Avoid speculative conversions of stateful compression/decompression loops whose aliasing, allocation, or callback invariants are not locally provable.

4. Redundant translated-C wrapper layers
   - Where safe, collapse a raw-pointer implementation plus a forwarding export into one thin ABI wrapper and one differently named safe core.
   - First confirm all direct and cross-module callers. Translated modules often call through an `extern` declaration that resolves by linker symbol rather than through a Rust module path.
   - Retain exactly one definition of every required external symbol.

## ABI and safety requirements

Keep exported symbol names, calling conventions, argument and return types, integer widths, and all `#[repr(C)]` layouts ABI-compatible. An `extern` declaration is not a symbol definition.

An exported function receiving foreign pointers must remain an `unsafe extern ""C""` boundary. Do not expose a safe function that accepts unchecked pointers or requires caller-maintained allocation, lifetime, validity, or aliasing invariants. Safe implementation functions should accept references, slices, arrays, enums, or `Option` only after those invariants have been established.

Before constructing a slice from a foreign pointer:

- handle the API’s null sentinel first;
- never pass null to `from_raw_parts`, including for zero length;
- use `&[]` directly for an accepted empty input;
- reject lengths that exceed Rust’s representable slice bounds, including the `isize::MAX` byte-size constraint;
- account for element size and alignment where the element type is not a byte;
- keep the unavoidable conversion in a small, documented unsafe block.

Do not claim that null and length checks prove foreign allocation validity. That remains part of the unsafe ABI contract.

Do not introduce raw-pointer fields, pointer-valued implementation helpers, integer-to-pointer casts, fabricated lifetimes, or checker exemptions merely to reduce the reported count. Do not use pointer subtraction or pointer ordering unless both pointers are known to be within the same live allocation. Prefer tracked lengths and indices.

Preserve all externally observable behavior, including:

- null-pointer sentinels and their precedence over other processing;
- error codes;
- output-length and input-consumption updates;
- partial progress after buffer exhaustion or errors;
- callback order and arguments;
- ownership and allocator/free pairing;
- state transitions;
- stable pointers returned to static tables;
- overflow and truncation behavior.

## Codebase-specific compatibility traps

This is a translated zlib implementation, so preserve these established semantics:

- Adler-32 uses modulus 65521 and the 5552-byte reduction bound. The reduction schedule must keep 32-bit `unsigned long` accumulators safe while also working when `unsigned long` is 64 bits.
- Adler-32’s null-buffer sentinel is `1`; CRC-32’s null-buffer sentinel is `0`, including null with zero length.
- CRC-32 values are constrained to 32 bits even on platforms where C `unsigned long` is wider; preserve the `0xffffffff` masking in checksum and combination operations.
- Negative checksum-combination lengths retain their existing sentinel results.
- Known reference vectors include Adler-32 of `Wikipedia` equal to `0x11e60398` and CRC-32 of `123456789` equal to `0xcbf43926`.
- Combination helpers should compose checksums across splits, including empty input and boundaries near unrolled-loop or block sizes.
- Read-only checksum and coding tables are promising immutable-static candidates, but exported tables must retain stable storage and their required external symbol.
- Compression and decompression entry points have subtle null-output, zero-capacity, partial-progress, and stream cleanup behavior. Do not refactor those boundaries unless the complete behavior can be preserved and tested.
- Some generated code contains comparisons or pointer differences that are only valid because of internal allocation relationships. Do not generalize those operations to arbitrary foreign pointers.
- C function-pointer fields and `#[repr(C)]` raw-pointer state are genuine ABI structures; leave them alone unless a layout-compatible design is clearly proven.

## Tests

Add compact tests only for changed behavior. Prefer:

- safe-core versus ABI-wrapper equivalence on valid inputs;
- empty non-null input;
- documented null sentinels;
- known vectors;
- block and chunk boundaries;
- checksum split/combine properties;
- overflow or negative-length sentinels;
- stable table contents or pointer identity where relevant.

Do not invoke wrappers with fabricated invalid non-null pointers. Tests cannot make such pointers valid merely because a wrapper is expected to reject a length.

## Validation workflow

After each coherent edit, run the smallest relevant build or test target. Before finishing, run the project’s normal functionality tests and:

```sh
cargo check-unsafe2 --manifest-path {cargo_dir_path}/Cargo.toml
```

Treat checker failures as design feedback. Do not add allowances or disguise unsafe operations. Compare the final unsafe-entity count with the baseline and confirm that functionality still passes. If a candidate requires unverifiable lifetimes, questionable aliasing, large generated rewrites, ABI changes, or extensive unrelated edits, record it as a dead end and select a safer candidate.

Update `SAFETY_PLAN.md` as a concise working scratchpad with:

- the exact category changed this iteration;
- what is now complete;
- unsafe-count reduction, if available;
- validation commands and outcomes;
- remaining high-value categories;
- behavioral traps and rejected approaches.

Keep the final response brief: summarize the changes, safety impact, unsafe-count change, and validation results only.",[0.4378607506192399]
"Continue the incremental Rust safety refactor documented in `SAFETY_PLAN.md`.

{target_goal}

{after_refactoring_instruction}

Perform one focused, high-yield iteration. Do not attempt a broad rewrite or emit unchanged source files. Start by inspecting:

- `SAFETY_PLAN.md`;
- the current working-tree diff;
- the latest unsafe-checker output and unsafe-entity count;
- relevant definitions, direct Rust callers, `extern` declarations, exports, tests, and build configuration.

Choose a coherent change set that removes many unsafe entities with low behavioral and ABI risk. Prefer changes where a small declaration or implementation change also eliminates many unsafe accesses.

## Preferred work

Prioritize, in roughly this order:

1. Read-only data declared `static mut`
   - Search for all writes, mutable references, exported consumers, and initialization dependencies.
   - If data is never modified, convert it to immutable `static` or `const`.
   - This is especially valuable for generated lookup tables because it can eliminate unsafe use at every indexing site without rewriting the table.
   - Preserve symbol visibility and storage identity when callers return or retain a pointer to the table.
   - Do not convert externally writable state or tables whose mutation is part of the ABI.

2. Pure arithmetic and bit-manipulation helpers
   - Convert inherited `unsafe extern ""C""` implementation helpers to ordinary safe Rust when they neither cross an ABI boundary nor manipulate unchecked memory.
   - Preserve fixed-width masks, shifts, signedness, and intentional wrapping.
   - Do not replace C unsigned wrapping with debug-panicking arithmetic.

3. Pointer loops with clear bounded ownership
   - Introduce a private safe core using slices, arrays, indexing, chunks, or iterators.
   - Keep raw-pointer validation and conversion only in the ABI wrapper.
   - Avoid speculative conversions of stateful compression/decompression loops whose aliasing, allocation, or callback invariants are not locally provable.

4. Redundant translated-C wrapper layers
   - Where safe, collapse a raw-pointer implementation plus a forwarding export into one thin ABI wrapper and one differently named safe core.
   - First confirm all direct and cross-module callers. Translated modules often call through an `extern` declaration that resolves by linker symbol rather than through a Rust module path.
   - Retain exactly one definition of every required external symbol.

## ABI and safety requirements

Keep exported symbol names, calling conventions, argument and return types, integer widths, and all `#[repr(C)]` layouts ABI-compatible. An `extern` declaration is not a symbol definition.

An exported function receiving foreign pointers must remain an `unsafe extern ""C""` boundary. Do not expose a safe function that accepts unchecked pointers or requires caller-maintained allocation, lifetime, validity, or aliasing invariants. Safe implementation functions should accept references, slices, arrays, enums, or `Option` only after those invariants have been established.

Before constructing a slice from a foreign pointer:

- handle the API’s null sentinel first;
- never pass null to `from_raw_parts`, including for zero length;
- use `&[]` directly for an accepted empty input;
- reject lengths that exceed Rust’s representable slice bounds, including the `isize::MAX` byte-size constraint;
- account for element size and alignment where the element type is not a byte;
- keep the unavoidable conversion in a small, documented unsafe block.

Do not claim that null and length checks prove foreign allocation validity. That remains part of the unsafe ABI contract.

Do not introduce raw-pointer fields, pointer-valued implementation helpers, integer-to-pointer casts, fabricated lifetimes, or checker exemptions merely to reduce the reported count. Do not use pointer subtraction or pointer ordering unless both pointers are known to be within the same live allocation. Prefer tracked lengths and indices.

Preserve all externally observable behavior, including:

- null-pointer sentinels and their precedence over other processing;
- error codes;
- output-length and input-consumption updates;
- partial progress after buffer exhaustion or errors;
- callback order and arguments;
- ownership and allocator/free pairing;
- state transitions;
- stable pointers returned to static tables;
- overflow and truncation behavior.

## Codebase-specific compatibility traps

This is a translated zlib implementation, so preserve these established semantics:

- Adler-32 uses modulus 65521 and the 5552-byte reduction bound. The reduction schedule must keep 32-bit `unsigned long` accumulators safe while also working when `unsigned long` is 64 bits.
- Adler-32’s null-buffer sentinel is `1`; CRC-32’s null-buffer sentinel is `0`, including null with zero length.
- CRC-32 values are constrained to 32 bits even on platforms where C `unsigned long` is wider; preserve the `0xffffffff` masking in checksum and combination operations.
- Negative checksum-combination lengths retain their existing sentinel results.
- Known reference vectors include Adler-32 of `Wikipedia` equal to `0x11e60398` and CRC-32 of `123456789` equal to `0xcbf43926`.
- Combination helpers should compose checksums across splits, including empty input and boundaries near unrolled-loop or block sizes.
- Read-only checksum and coding tables are promising immutable-static candidates, but exported tables must retain stable storage and their required external symbol.
- Compression and decompression entry points have subtle null-output, zero-capacity, partial-progress, and stream cleanup behavior. Do not refactor those boundaries unless the complete behavior can be preserved and tested.
- Some generated code contains comparisons or pointer differences that are only valid because of internal allocation relationships. Do not generalize those operations to arbitrary foreign pointers.
- C function-pointer fields and `#[repr(C)]` raw-pointer state are genuine ABI structures; leave them alone unless a layout-compatible design is clearly proven.

## Tests

Add compact tests only for changed behavior. Prefer:

- safe-core versus ABI-wrapper equivalence on valid inputs;
- empty non-null input;
- documented null sentinels;
- known vectors;
- block and chunk boundaries;
- checksum split/combine properties;
- overflow or negative-length sentinels;
- stable table contents or pointer identity where relevant.

Do not invoke wrappers with fabricated invalid non-null pointers. Tests cannot make such pointers valid merely because a wrapper is expected to reject a length.

## Validation workflow

After each coherent edit, run the smallest relevant build or test target. Before finishing, run the project’s normal functionality tests and:

```sh
cargo check-unsafe2 --manifest-path {cargo_dir_path}/Cargo.toml
```

Treat checker failures as design feedback. Do not add allowances or disguise unsafe operations. Compare the final unsafe-entity count with the baseline and confirm that functionality still passes. If a candidate requires unverifiable lifetimes, questionable aliasing, large generated rewrites, ABI changes, or extensive unrelated edits, record it as a dead end and select a safer candidate.

Update `SAFETY_PLAN.md` as a concise working scratchpad with:

- the exact category changed this iteration;
- what is now complete;
- unsafe-count reduction, if available;
- validation commands and outcomes;
- remaining high-value categories;
- behavioral traps and rejected approaches.

Keep the final response brief: summarize the changes, safety impact, unsafe-count change, and validation results only.",[0.3595927445829584]
"Continue the incremental safety refactor described in `SAFETY_PLAN.md`.

{target_goal}

{after_refactoring_instruction}

Work in one focused, high-value iteration rather than attempting a broad rewrite. First inspect `SAFETY_PLAN.md`, the current diff, relevant call sites, exports, tests, and build configuration. Select a coherent group of changes likely to remove many unsafe entities with low behavioral risk.

Use this general refactoring strategy:

- Separate C ABI boundaries from Rust implementations:
  - Keep exported symbols, calling conventions, parameter types, return types, and `#[repr(C)]` layouts ABI-compatible.
  - Prefer a thin `unsafe extern ""C""` wrapper for validation and raw-pointer conversion.
  - Move actual logic into private safe Rust functions using slices, references, arrays, enums, and `Option` where appropriate.
  - Do not expose a safe function that accepts unchecked foreign pointers or otherwise requires caller-maintained safety invariants.
- Prioritize easy, high-yield conversions:
  - Pure arithmetic, bit manipulation, bounds calculations, and state-independent helpers.
  - Read-only lookup tables currently declared `static mut`; convert them to immutable `static` or `const` when they are never modified.
  - Generated pointer loops that can be expressed with iterators, indexing, chunks, or slice operations.
  - Internal functions whose only reason for being unsafe is inherited `unsafe extern ""C""` syntax.
- Preserve exact C-compatible behavior:
  - Maintain null-pointer sentinel behavior, error codes, partial progress reporting, overflow behavior, and edge cases.
  - A null pointer must never be passed to `from_raw_parts`, even when the length is zero.
  - Before constructing a slice from a foreign pointer and length, validate every representability constraint required by Rust, including the `isize::MAX` bound where applicable.
  - Preserve intentional unsigned wrapping with explicit wrapping operations when overflow can occur; do not accidentally replace C wrapping behavior with debug-build panics.
  - Preserve callback behavior, ownership, allocation/free pairing, state transitions, and externally visible mutable state.
  - Do not use pointer subtraction or ordering unless both pointers are known to belong to the same live allocation. Prefer tracked lengths or indices where possible.
- Keep unsafe code narrowly localized and justified at genuine FFI or ownership boundaries. Merely deleting an `unsafe` keyword is not progress if unchecked invariants remain.
- Avoid introducing raw pointers, raw-pointer fields, integer-to-pointer casts, or new unsafe helpers into implementation code as a way to silence the checker.
- Avoid large mechanical formatting changes, generated-table rewrites, unrelated cleanup, and speculative architecture changes. Reuse existing tables and types when that keeps the patch small.
- Search all internal and cross-module callers before changing symbol ownership. In translated C projects, internal calls may resolve through exported symbol names rather than normal Rust module paths, so retain exactly one definition for each required external symbol.
- Add or extend compact tests for changed behavior, especially empty inputs, null sentinels, boundary lengths, overflow cases, known vectors, and composition/round-trip properties. Prefer tests that compare the safe core and ABI wrapper or established reference results.

Validate the smallest relevant target after each coherent edit, then run the project’s normal functionality tests. Also run:

```sh
cargo check-unsafe2 --manifest-path {cargo_dir_path}/Cargo.toml
```

This checker rejects improperly added unsafe code and newly added unsafe-adjacent implementation code, including raw-pointer arguments or fields and integer-to-pointer casts. Treat checker failures as design feedback: move validation/conversion to an existing legitimate boundary rather than adding exemptions or disguising pointer operations.

If a proposed conversion would require inventing unverifiable lifetimes, creating references to potentially aliased foreign memory, changing ABI semantics, or substantially expanding the patch, record it as a pitfall and choose a safer candidate instead.

Before finishing, update `SAFETY_PLAN.md` concisely with:
- what was actually changed this iteration;
- what is now complete;
- validation commands and outcomes;
- what remains and the best next general category of work;
- any behavioral traps, failed approaches, or dead ends future iterations should avoid.

Keep `SAFETY_PLAN.md` as a working scratchpad, not a report. In the final response, give only a concise summary of changes, safety impact, and validation results.",[0.17876116972501277]
"Continue the incremental safety refactor tracked in `SAFETY_PLAN.md`.

{target_goal}

{after_refactoring_instruction}

Perform one focused, high-value iteration. Do not attempt a broad rewrite. Begin by reading `SAFETY_PLAN.md`, the current diff, repository status, crate manifests, build scripts, exports, tests, and all relevant internal and cross-module call sites. Establish the current unsafe-checker baseline before editing.

Choose the iteration using this priority order:

1. Read-only data translated as `static mut`:
   - Search for every write, mutable address escape, exported declaration, and foreign declaration before changing it.
   - Convert genuinely read-only internal tables to immutable `static` or `const`.
   - Prefer changing declarations and direct indexing over rewriting large generated tables.
   - Do not convert an exported object if C consumers are permitted to mutate it or if section mutability is part of the effective contract.
   - Be cautious with arrays containing raw pointers: immutable Rust statics may require `Sync`. Do not introduce wrapper types, unsafe `Sync` implementations, integer-to-pointer casts, or duplicated tables merely to bypass that constraint.

2. Pure computation:
   - Move arithmetic, bounds, bit manipulation, checksum-combination, table lookup, and similar state-independent logic into private safe Rust functions.
   - Preserve C-width types and intentional wrapping explicitly.
   - Remove inherited `unsafe extern ""C""` syntax from private helpers that do not actually depend on unsafe invariants.

3. Simple buffer traversal:
   - Where the boundary already supplies a valid allocation and length, keep raw-pointer validation and conversion in a thin unsafe ABI wrapper and use slices, arrays, iterators, indexing, or chunks in a private safe core.
   - Do not attempt stateful ownership, callback, allocator, overlapping-copy, or pointer-provenance refactors unless their invariants are already explicit and locally verifiable.

Score candidates by unsafe-entity reduction, patch size, testability, ABI risk, and performance risk. Select one coherent group rather than touching many unrelated modules. Avoid spending time reading or reproducing the contents of giant generated tables when searches around their declarations and uses are sufficient.

Safety and ABI requirements:

- Preserve exactly one definition of every required external symbol.
- Preserve symbol names, `#[export_name]`/`#[no_mangle]`, calling conventions, parameter and return types, C integer widths, and all `#[repr(C)]` layouts.
- In translated C projects, internal callers may use `extern ""C""` declarations that resolve through linker symbol names rather than Rust module paths. Search the entire repository before removing or renaming a Rust item.
- Exported pointer-taking functions must remain unsafe Rust APIs. Do not expose a safe function whose caller must uphold foreign-pointer validity, aliasing, initialization, lifetime, callback, or ownership invariants.
- Keep unsafe operations in the smallest legitimate FFI or ownership boundary and add concise `SAFETY` comments describing the exact preconditions used.
- Never call `from_raw_parts` or `from_raw_parts_mut` with a null pointer, including for zero length.
- Before creating a slice, validate all locally checkable representation constraints, including:
  - non-nullness where required;
  - alignment for the element type;
  - multiplication overflow for `len * size_of::<T>()`;
  - total byte size not exceeding `isize::MAX`.
- A representability failure must not be silently mapped to an unrelated null-pointer sentinel or success result. Use the API’s established error/sentinel behavior. If the ABI has no compatible result for such validation, do not force the slice conversion; record the candidate as a pitfall and choose another.
- Null pointers may have function-specific sentinel behavior distinct from an empty non-null buffer. Preserve that distinction exactly.
- Do not create Rust references to foreign memory when aliasing or lifetime guarantees cannot be justified. Raw pointer null checks alone do not establish reference validity.
- Do not subtract or order pointers unless both are known to be within the same live allocation. Prefer tracked lengths and indices.
- Preserve partial-progress reporting, output-length updates, error precedence, state transitions, callback timing, allocator/free pairing, and externally visible mutable state.
- Preserve intentional unsigned overflow with `wrapping_*` operations. Do not replace C wrapping with debug-build panics.
- Preserve platform-dependent C type behavior; do not assume `c_long`, `usize`, or pointer widths beyond what the build target guarantees.
- Do not add raw-pointer parameters or fields to implementation code, integer-to-pointer casts, unsafe trait implementations, or new unsafe helper abstractions to satisfy the checker.

Behavioral traps for translated checksum and codec code:

- Null input, empty non-null input, and one-element input may follow distinct historical paths.
- Non-canonical caller-supplied checksum seeds can expose differences between single-step reduction and full modulo reduction.
- Empty input may still normalize a non-canonical seed rather than simply return it.
- Chunking or consolidating optimized loops can subtly change overflow and reduction timing even when standard known vectors still pass.
- Keep special fast paths and reduction boundaries unless differential tests prove equivalence across non-canonical seeds and boundary lengths.
- Do not replace a tuned hot loop with a substantially slower scalar implementation solely to reduce unsafe counts unless the project explicitly accepts that performance change. Prefer safe indexing or slice-based preservation of the existing algorithm.

Testing:

- Add compact tests close to the changed code.
- Cover the relevant subset of:
  - null sentinel versus empty non-null input;
  - lengths around special paths and chunk boundaries;
  - maximum and non-canonical seeds;
  - negative or overflow-related lengths;
  - known vectors;
  - incremental composition and combine properties;
  - ABI wrapper versus safe-core equivalence;
  - immutable table contents or pointer stability when externally observable.
- For arithmetic rewrites, retain or construct a small reference implementation for differential testing over representative boundary values.
- Do not claim exact behavior preservation based only on common known vectors.

Validation workflow:

1. Run the smallest relevant check or test after each coherent edit.
2. Run the changed module’s tests.
3. Run the project’s normal functionality tests.
4. Run:
   ```sh
   cargo check-unsafe2 --manifest-path {cargo_dir_path}/Cargo.toml
   ```
5. Compare the final unsafe-entity count with the baseline and inspect the final diff for accidental formatting, generated-table churn, duplicate exports, and unrelated changes.

Treat checker failures as design feedback. Do not add exemptions or disguise pointer operations. If a conversion requires unverifiable lifetimes, questionable aliasing, changed sentinel behavior, writable-export assumptions, or extensive architecture changes, revert that approach, note it briefly, and choose a safer candidate.

Before finishing, update `SAFETY_PLAN.md` as a concise working scratchpad with:

- the focused category selected and why;
- what actually changed;
- unsafe-entity baseline and final count;
- tests and validation commands with outcomes;
- what is now complete;
- the best next general category of work;
- behavioral traps, failed approaches, and candidates intentionally deferred.

Keep output and runtime economical: edit only necessary files, avoid emitting entire generated files or tables, and do not narrate exploratory work. In the final response, provide only a concise summary of changes, safety impact including the unsafe-count delta, and validation results.",[0.12620420439965202]
"Continue the incremental safety refactor described in `SAFETY_PLAN.md`.

{target_goal}

{after_refactoring_instruction}

Work in one focused, high-value iteration rather than attempting a broad rewrite. First inspect `SAFETY_PLAN.md`, the current diff, relevant call sites, exports, tests, and build configuration. Select a coherent group of changes likely to remove many unsafe entities with low behavioral risk.

Use this general refactoring strategy:

- Separate C ABI boundaries from Rust implementations:
  - Keep exported symbols, calling conventions, parameter types, return types, and `#[repr(C)]` layouts ABI-compatible.
  - Prefer a thin `unsafe extern ""C""` wrapper for validation and raw-pointer conversion.
  - Move actual logic into private safe Rust functions using slices, references, arrays, enums, and `Option` where appropriate.
  - Do not expose a safe function that accepts unchecked foreign pointers or otherwise requires caller-maintained safety invariants.
- Prioritize easy, high-yield conversions:
  - Pure arithmetic, bit manipulation, bounds calculations, and state-independent helpers.
  - Read-only lookup tables currently declared `static mut`; convert them to immutable `static` or `const` when they are never modified.
  - Generated pointer loops that can be expressed with iterators, indexing, chunks, or slice operations.
  - Internal functions whose only reason for being unsafe is inherited `unsafe extern ""C""` syntax.
- Preserve exact C-compatible behavior:
  - Maintain null-pointer sentinel behavior, error codes, partial progress reporting, overflow behavior, and edge cases.
  - A null pointer must never be passed to `from_raw_parts`, even when the length is zero.
  - Before constructing a slice from a foreign pointer and length, validate every representability constraint required by Rust, including the `isize::MAX` bound where applicable.
  - Preserve intentional unsigned wrapping with explicit wrapping operations when overflow can occur; do not accidentally replace C wrapping behavior with debug-build panics.
  - Preserve callback behavior, ownership, allocation/free pairing, state transitions, and externally visible mutable state.
  - Do not use pointer subtraction or ordering unless both pointers are known to belong to the same live allocation. Prefer tracked lengths or indices where possible.
- Keep unsafe code narrowly localized and justified at genuine FFI or ownership boundaries. Merely deleting an `unsafe` keyword is not progress if unchecked invariants remain.
- Avoid introducing raw pointers, raw-pointer fields, integer-to-pointer casts, or new unsafe helpers into implementation code as a way to silence the checker.
- Avoid large mechanical formatting changes, generated-table rewrites, unrelated cleanup, and speculative architecture changes. Reuse existing tables and types when that keeps the patch small.
- Search all internal and cross-module callers before changing symbol ownership. In translated C projects, internal calls may resolve through exported symbol names rather than normal Rust module paths, so retain exactly one definition for each required external symbol.
- Add or extend compact tests for changed behavior, especially empty inputs, null sentinels, boundary lengths, overflow cases, known vectors, and composition/round-trip properties. Prefer tests that compare the safe core and ABI wrapper or established reference results.

Validate the smallest relevant target after each coherent edit, then run the project’s normal functionality tests. Also run:

```sh
cargo check-unsafe2 --manifest-path {cargo_dir_path}/Cargo.toml
```

This checker rejects improperly added unsafe code and newly added unsafe-adjacent implementation code, including raw-pointer arguments or fields and integer-to-pointer casts. Treat checker failures as design feedback: move validation/conversion to an existing legitimate boundary rather than adding exemptions or disguising pointer operations.

If a proposed conversion would require inventing unverifiable lifetimes, creating references to potentially aliased foreign memory, changing ABI semantics, or substantially expanding the patch, record it as a pitfall and choose a safer candidate instead.

Before finishing, update `SAFETY_PLAN.md` concisely with:
- what was actually changed this iteration;
- what is now complete;
- validation commands and outcomes;
- what remains and the best next general category of work;
- any behavioral traps, failed approaches, or dead ends future iterations should avoid.

Keep `SAFETY_PLAN.md` as a working scratchpad, not a report. In the final response, give only a concise summary of changes, safety impact, and validation results.",[0.3448760064855859]
"Continue the incremental Rust safety refactor documented in `SAFETY_PLAN.md`.

{target_goal}

{after_refactoring_instruction}

Current baseline: this is a C-to-Rust translation of zlib. A previous iteration reduced the checker’s unsafe-entity count from 6604 to 6353 while passing functionality tests. It already introduced safe slice-based cores for the main checksum algorithms, made their private read-only tables immutable, retained thin C ABI wrappers, and added checksum vector/composition tests. Do not redo or broadly rewrite that work unless the current diff or `SAFETY_PLAN.md` shows it is incomplete.

Perform one focused, low-risk iteration centered on read-only data and scalar helpers:

1. Inspect `SAFETY_PLAN.md`, the current diff, build configuration, exports, tests, and all references to candidate declarations.
2. Establish the current safety-checker baseline.
3. Find private or logically constant `static mut` lookup/configuration data that is only read after initialization, especially generated compression, Huffman, fixed-code, ordering, base/extra-bit, and dispatch tables.
4. Prove each candidate is read-only by searching for writes, mutable references, raw mutable address-taking, initialization routines, symbol exports, and cross-module declarations.
5. Convert only proven read-only candidates to immutable `static` or `const`. Keep table contents unchanged; do not regenerate, reformat, or paste replacement tables.
6. Once a table is immutable, make nearby pure scalar helpers safe where their only remaining source of unsafety was inherited `unsafe extern ""C""` syntax or access to that table. Keep pointer-based, callback-based, allocation, state-machine, and ownership code unsafe for now.
7. Add only compact tests needed to lock down changed behavior or representative table entries.

Important zlib and translated-C constraints:

- Preserve every required exported C symbol exactly once, including symbol name, calling convention, parameter and return types, and `#[repr(C)]` layouts.
- Internal translated modules may call through `extern ""C""` symbol declarations rather than Rust module paths. Search the entire repository before changing symbol ownership or linkage.
- Do not change an externally visible mutable global to read-only merely because Rust code does not write it. Confirm that the corresponding C API treats it as constant and that changing object-section writability will not alter supported behavior. Prefer private tables.
- Some configuration tables contain function pointers. Their callbacks may still need `unsafe extern ""C""` types because callers maintain pointer/state invariants; immutable storage does not justify changing callback safety contracts.
- Do not add `unsafe impl Sync`, wrapper types, raw-pointer fields, integer-to-pointer casts, or new unsafe helpers merely to make an immutable static compile. If a raw-pointer-containing descriptor cannot safely become a shared static, leave it and record the obstacle.
- Do not mechanically remove `unsafe`. A safe function must not accept unchecked foreign pointers or depend on caller-maintained allocation, aliasing, lifetime, or initialization invariants.
- Keep pointer conversion inside genuine FFI or ownership boundaries. Before constructing a slice, validate null handling and all representability constraints, including the `isize::MAX` byte bound. Never pass null to `from_raw_parts`, even for zero length.
- Preserve zlib’s null-pointer sentinels and error results. In particular, checksum APIs intentionally assign special values to null buffers; do not reinterpret null-plus-zero as an ordinary empty slice unless the existing ABI contract does so.
- Preserve C-compatible integer behavior. zlib relies on unsigned wrapping and platform-width C integer types, including `unsigned long`; retain explicit wrapping operations where overflow is possible.
- Preserve partial progress, error codes, callbacks, allocation/free pairing, state transitions, and externally observable mutable state.
- Do not use pointer subtraction or ordering unless both pointers are known to be within the same live allocation.
- Avoid changes to compression/decompression hot loops in this iteration. They are stateful and pointer-heavy, whereas immutable private tables offer a smaller and safer patch.
- Avoid broad formatting changes. The desired patch should mostly change declarations and remove now-unnecessary unsafe access, not rewrite generated table bodies.
- Treat checker failures as design feedback. Do not add exemptions or disguise unsafe operations.

Validate after each coherent edit using the smallest relevant target, then run the project’s normal functionality tests. Also run:

cargo check-unsafe2 --manifest-path {cargo_dir_path}/Cargo.toml

Compare the final unsafe-entity count with the 6353 baseline and report the actual delta. A smaller honest reduction is preferable to hiding invariants or changing ABI behavior. If the checker cannot run, state that explicitly rather than claiming success.

Before finishing, update `SAFETY_PLAN.md` as a concise working scratchpad with:

- declarations and helpers actually changed;
- evidence that converted data is read-only;
- what category is now complete;
- validation commands and outcomes;
- unsafe-entity count before and after;
- remaining high-value category for the next iteration;
- exported-mutability, `Sync`, callback, or ABI traps that were deliberately skipped.

In the final response, provide only a concise summary of changes, safety impact, unsafe-count delta, and validation results. Do not reproduce whole source files or large generated tables.",[0.15030892347857105]
"Continue the incremental safety refactor described in `SAFETY_PLAN.md`.

{target_goal}

{after_refactoring_instruction}

Work in one focused, high-value iteration rather than attempting a broad rewrite. First inspect `SAFETY_PLAN.md`, the current diff, relevant call sites, exports, tests, and build configuration. Select a coherent group of changes likely to remove many unsafe entities with low behavioral risk.

Use this general refactoring strategy:

- Separate C ABI boundaries from Rust implementations:
  - Keep exported symbols, calling conventions, parameter types, return types, and `#[repr(C)]` layouts ABI-compatible.
  - Prefer a thin `unsafe extern ""C""` wrapper for validation and raw-pointer conversion.
  - Move actual logic into private safe Rust functions using slices, references, arrays, enums, and `Option` where appropriate.
  - Do not expose a safe function that accepts unchecked foreign pointers or otherwise requires caller-maintained safety invariants.
- Prioritize easy, high-yield conversions:
  - Pure arithmetic, bit manipulation, bounds calculations, and state-independent helpers.
  - Read-only lookup tables currently declared `static mut`; convert them to immutable `static` or `const` when they are never modified.
  - Generated pointer loops that can be expressed with iterators, indexing, chunks, or slice operations.
  - Internal functions whose only reason for being unsafe is inherited `unsafe extern ""C""` syntax.
- Preserve exact C-compatible behavior:
  - Maintain null-pointer sentinel behavior, error codes, partial progress reporting, overflow behavior, and edge cases.
  - A null pointer must never be passed to `from_raw_parts`, even when the length is zero.
  - Before constructing a slice from a foreign pointer and length, validate every representability constraint required by Rust, including the `isize::MAX` bound where applicable.
  - Preserve intentional unsigned wrapping with explicit wrapping operations when overflow can occur; do not accidentally replace C wrapping behavior with debug-build panics.
  - Preserve callback behavior, ownership, allocation/free pairing, state transitions, and externally visible mutable state.
  - Do not use pointer subtraction or ordering unless both pointers are known to belong to the same live allocation. Prefer tracked lengths or indices where possible.
- Keep unsafe code narrowly localized and justified at genuine FFI or ownership boundaries. Merely deleting an `unsafe` keyword is not progress if unchecked invariants remain.
- Avoid introducing raw pointers, raw-pointer fields, integer-to-pointer casts, or new unsafe helpers into implementation code as a way to silence the checker.
- Avoid large mechanical formatting changes, generated-table rewrites, unrelated cleanup, and speculative architecture changes. Reuse existing tables and types when that keeps the patch small.
- Search all internal and cross-module callers before changing symbol ownership. In translated C projects, internal calls may resolve through exported symbol names rather than normal Rust module paths, so retain exactly one definition for each required external symbol.
- Add or extend compact tests for changed behavior, especially empty inputs, null sentinels, boundary lengths, overflow cases, known vectors, and composition/round-trip properties. Prefer tests that compare the safe core and ABI wrapper or established reference results.

Validate the smallest relevant target after each coherent edit, then run the project’s normal functionality tests. Also run:

```sh
cargo check-unsafe2 --manifest-path {cargo_dir_path}/Cargo.toml
```

This checker rejects improperly added unsafe code and newly added unsafe-adjacent implementation code, including raw-pointer arguments or fields and integer-to-pointer casts. Treat checker failures as design feedback: move validation/conversion to an existing legitimate boundary rather than adding exemptions or disguising pointer operations.

If a proposed conversion would require inventing unverifiable lifetimes, creating references to potentially aliased foreign memory, changing ABI semantics, or substantially expanding the patch, record it as a pitfall and choose a safer candidate instead.

Before finishing, update `SAFETY_PLAN.md` concisely with:
- what was actually changed this iteration;
- what is now complete;
- validation commands and outcomes;
- what remains and the best next general category of work;
- any behavioral traps, failed approaches, or dead ends future iterations should avoid.

Keep `SAFETY_PLAN.md` as a working scratchpad, not a report. In the final response, give only a concise summary of changes, safety impact, and validation results.",[0.2586957695605501]
"Continue the incremental Rust safety refactor tracked in `SAFETY_PLAN.md`.

{target_goal}

{after_refactoring_instruction}

This is a translated zlib-style C ABI project. The previous iteration reduced the checker’s unsafe-entity count from 6604 to 6353 while functionality tests continued to pass. Preserve that progress and complete one focused, high-yield iteration. Do not attempt a broad rewrite or emit entire source files in the response.

Before editing, inspect:

- `SAFETY_PLAN.md`;
- the current diff and unsafe-checker baseline;
- relevant definitions, exports, declarations, and all internal/cross-module callers;
- tests, normal validation commands, and build configuration.

Translated modules may call Rust-defined functions through `extern ""C""` symbol declarations rather than Rust module paths. Preserve exactly one definition of every required external symbol. Keep exported names, calling conventions, scalar and pointer parameter types, return types, data-symbol names, and `#[repr(C)]` layouts ABI-compatible.

Choose a coherent category with a favorable ratio of unsafe entities removed to changed lines. Prefer, in order:

1. Read-only generated tables and constants incorrectly declared `static mut`.
   - Prove there are no Rust or foreign writes before changing them.
   - Change only the declaration when possible; do not reformat or regenerate large table bodies.
   - Remember that an immutable Rust `static` requires `Sync`; do not invent wrapper structs with raw-pointer fields merely to force conversion.
   - For exported data symbols, verify that the C declaration and ABI contract treat the data as read-only. Moving externally writable data into read-only storage would be a behavioral break.

2. Pure arithmetic, bit manipulation, bounds calculations, and scalar-only ABI functions.
   - Make private helpers ordinary safe Rust functions.
   - An `extern ""C""` function is not inherently unsafe. Scalar-only wrappers may be safe `extern ""C"" fn` when calling them requires no caller-maintained invariant.
   - A function returning a pointer to stable immutable static data may also be safe if the pointer’s lifetime, address stability, and mutability contract are valid.
   - Retain `unsafe extern ""C""` only where invocation depends on pointer validity, aliasing, initialized state, ownership, callbacks, or another genuine foreign invariant.

3. Small pointer-processing routines that cleanly separate into a thin ABI boundary and a safe slice/reference core.
   - Keep raw-pointer validation and conversion solely in the exported or otherwise existing legitimate unsafe boundary.
   - Do not leave a second raw-pointer implementation behind the wrapper; that merely duplicates unsafe entities.
   - Do not expose a safe Rust function that accepts unchecked foreign pointers.

Avoid algorithm replacement solely to reduce unsafe syntax. In particular, do not replace optimized checksum, compression, or decompression paths with substantially slower byte-at-a-time implementations unless performance equivalence is established and the plan explicitly permits it. Prefer structural safety changes over speculative rewrites.

Preserve exact zlib-compatible behavior, including these project-specific traps:

- Null checksum input is a sentinel operation, not an empty slice operation: the Adler-family result is `1`, while the CRC-family result is `0`.
- Checksum combination APIs preserve their established negative-length sentinel values.
- CRC results remain constrained to the expected low 32 bits even when the platform C `unsigned long` is wider.
- Exported checksum-table pointers must remain stable and valid for the program lifetime.
- Empty input, incremental updates, and checksum composition must continue to match established vectors.
- Preserve error codes, partial progress reporting, output-length updates, callback timing, state transitions, allocation/free pairing, and externally visible mutable state.
- Preserve C unsigned overflow with explicit wrapping operations wherever overflow is possible; do not introduce debug-build panics.
- Be careful with platform-dependent C aliases such as `unsigned long`, `off_t`, and `size_t`.

At every foreign pointer-to-slice conversion:

- Handle null sentinels before constructing a slice. Never pass null to `from_raw_parts` or `from_raw_parts_mut`, even for length zero.
- Reject lengths exceeding `isize::MAX`; for element types larger than one byte, validate the byte-size multiplication and total byte bound as well.
- A null check and length bound cannot prove allocation validity, alignment, initialization, or aliasing. Keep the wrapper unsafe and document those remaining caller requirements.
- Avoid creating overlapping or simultaneous mutable references when the C API permits aliasing.
- Do not perform pointer subtraction, ordering, or `offset_from` unless both pointers are proven to belong to the same live allocation. Prefer tracked lengths or indices.

Do not introduce new raw-pointer helpers, raw-pointer fields, integer-to-pointer casts, fabricated lifetimes, or checker exemptions. Do not disguise unsafe operations behind safe interfaces. If a candidate requires unverifiable lifetimes, uncertain foreign mutability, potentially aliased references, or substantial architectural expansion, record the pitfall in `SAFETY_PLAN.md` and select a safer candidate.

Add compact tests appropriate to the selected category. Favor known vectors, empty inputs, null sentinels, negative lengths, overflow boundaries, composition properties, and direct comparison between a safe core and its ABI wrapper. Do not invoke undefined behavior in tests merely to probe invalid foreign pointers.

Validate after each coherent edit with the smallest relevant target, then run the project’s normal functionality suite. Also run:

cargo check-unsafe2 --manifest-path {cargo_dir_path}/Cargo.toml

Treat checker failures as design feedback, not as a reason to add exemptions. If available, record the before/after unsafe-entity count and ensure no unaffected category regresses. Report unavailable commands or environmental failures exactly rather than claiming success.

Before finishing, update `SAFETY_PLAN.md` as a concise working scratchpad containing:

- the category selected and what actually changed;
- what is now complete;
- before/after unsafe counts when available;
- validation commands and outcomes;
- remaining work and the best next general category;
- behavioral traps, rejected candidates, and dead ends.

In the final response, provide only a brief summary of the changes, safety impact, unsafe-count change, and validation results. Do not include full files, large diffs, or a long narrative.",[0.009320449079198767]
"Continue the incremental safety refactor described in `SAFETY_PLAN.md`.

{target_goal}

{after_refactoring_instruction}

Work in one focused, high-value iteration rather than attempting a broad rewrite. First inspect `SAFETY_PLAN.md`, the current diff, relevant call sites, exports, tests, and build configuration. Select a coherent group of changes likely to remove many unsafe entities with low behavioral risk.

Use this general refactoring strategy:

- Separate C ABI boundaries from Rust implementations:
  - Keep exported symbols, calling conventions, parameter types, return types, and `#[repr(C)]` layouts ABI-compatible.
  - Prefer a thin `unsafe extern ""C""` wrapper for validation and raw-pointer conversion.
  - Move actual logic into private safe Rust functions using slices, references, arrays, enums, and `Option` where appropriate.
  - Do not expose a safe function that accepts unchecked foreign pointers or otherwise requires caller-maintained safety invariants.
- Prioritize easy, high-yield conversions:
  - Pure arithmetic, bit manipulation, bounds calculations, and state-independent helpers.
  - Read-only lookup tables currently declared `static mut`; convert them to immutable `static` or `const` when they are never modified.
  - Generated pointer loops that can be expressed with iterators, indexing, chunks, or slice operations.
  - Internal functions whose only reason for being unsafe is inherited `unsafe extern ""C""` syntax.
- Preserve exact C-compatible behavior:
  - Maintain null-pointer sentinel behavior, error codes, partial progress reporting, overflow behavior, and edge cases.
  - A null pointer must never be passed to `from_raw_parts`, even when the length is zero.
  - Before constructing a slice from a foreign pointer and length, validate every representability constraint required by Rust, including the `isize::MAX` bound where applicable.
  - Preserve intentional unsigned wrapping with explicit wrapping operations when overflow can occur; do not accidentally replace C wrapping behavior with debug-build panics.
  - Preserve callback behavior, ownership, allocation/free pairing, state transitions, and externally visible mutable state.
  - Do not use pointer subtraction or ordering unless both pointers are known to belong to the same live allocation. Prefer tracked lengths or indices where possible.
- Keep unsafe code narrowly localized and justified at genuine FFI or ownership boundaries. Merely deleting an `unsafe` keyword is not progress if unchecked invariants remain.
- Avoid introducing raw pointers, raw-pointer fields, integer-to-pointer casts, or new unsafe helpers into implementation code as a way to silence the checker.
- Avoid large mechanical formatting changes, generated-table rewrites, unrelated cleanup, and speculative architecture changes. Reuse existing tables and types when that keeps the patch small.
- Search all internal and cross-module callers before changing symbol ownership. In translated C projects, internal calls may resolve through exported symbol names rather than normal Rust module paths, so retain exactly one definition for each required external symbol.
- Add or extend compact tests for changed behavior, especially empty inputs, null sentinels, boundary lengths, overflow cases, known vectors, and composition/round-trip properties. Prefer tests that compare the safe core and ABI wrapper or established reference results.

Validate the smallest relevant target after each coherent edit, then run the project’s normal functionality tests. Also run:

```sh
cargo check-unsafe2 --manifest-path {cargo_dir_path}/Cargo.toml
```

This checker rejects improperly added unsafe code and newly added unsafe-adjacent implementation code, including raw-pointer arguments or fields and integer-to-pointer casts. Treat checker failures as design feedback: move validation/conversion to an existing legitimate boundary rather than adding exemptions or disguising pointer operations.

If a proposed conversion would require inventing unverifiable lifetimes, creating references to potentially aliased foreign memory, changing ABI semantics, or substantially expanding the patch, record it as a pitfall and choose a safer candidate instead.

Before finishing, update `SAFETY_PLAN.md` concisely with:
- what was actually changed this iteration;
- what is now complete;
- validation commands and outcomes;
- what remains and the best next general category of work;
- any behavioral traps, failed approaches, or dead ends future iterations should avoid.

Keep `SAFETY_PLAN.md` as a working scratchpad, not a report. In the final response, give only a concise summary of changes, safety impact, and validation results.",[0.3477008252072603]
"Continue the incremental Rust safety refactor tracked in `SAFETY_PLAN.md`.

Work in one focused, high-yield iteration. This is a translated C/FFI codebase with thousands of unsafe entities, including unavoidable ABI pointer types and `#[repr(C)]` state structures. Functionality currently passes, so prioritize changes that substantially reduce unsafe-entity counts without changing behavior, ABI, data layout, exported symbols, or performance-sensitive algorithms.

Before editing, inspect:

- `SAFETY_PLAN.md` and the current diff;
- the unsafe-checker output or current unsafe inventory;
- all callers and symbol declarations for candidate items;
- exports, linkage attributes, tests, target widths, and build configuration.

Choose one coherent category with low semantic risk. Prefer, in order:

1. Read-only `static mut` data that can be proven never to be written. Convert private lookup tables, fixed-code tables, ordering arrays, descriptors, and similar data to immutable `static` or `const`. Follow their references so immutable access no longer inherits unsafety.
2. Pure arithmetic, bit-manipulation, size-bound, state-classification, and checksum-combination helpers whose only unsafety comes from translated `unsafe extern ""C""` syntax.
3. Generated pointer loops over known internal arrays that can be converted to indexing, slices, iterators, or chunks without inventing lifetimes or changing aliasing assumptions.
4. Exported raw-buffer APIs where a thin unsafe ABI wrapper can validate inputs and delegate to a private safe slice-based core.

Do not attempt a broad rewrite. Avoid refactoring ownership-heavy stream state, allocator callbacks, decompression/compression state machines, overlapping-copy logic, or pointer-rich ABI structures unless the selected change has clearly provable invariants and remains small.

Safety and ABI requirements:

- Preserve exactly one definition of every required external symbol. Internal translated-C callers may resolve through external symbol names rather than Rust module paths.
- Keep exported names, calling conventions, parameter and return types, callback signatures, symbol visibility, and `#[repr(C)]` layouts unchanged.
- Do not convert an externally writable global to immutable merely because Rust code does not modify it. Only privatize or freeze data when external mutation is impossible or the C contract declares it read-only.
- Keep foreign pointer validation and conversion inside an existing legitimate unsafe FFI or ownership boundary. A safe function must never accept unchecked foreign pointers or rely on undocumented caller invariants.
- Never call `from_raw_parts` or `from_raw_parts_mut` with a null pointer, including for zero length.
- Before forming a slice, validate all Rust representability requirements, including byte-size overflow, alignment where relevant, and the `isize::MAX` bound.
- Do not create mutable references or mutable slices when foreign memory might alias. Prefer read-only slices when the implementation only reads.
- Preserve null sentinels, error codes, partial-progress updates, zero-length behavior, callback behavior, allocation/free pairing, and externally visible state transitions.
- Preserve C unsigned wrapping explicitly with `wrapping_*` operations wherever overflow is possible. Do not introduce debug-only panics.
- Do not use pointer subtraction, ordering, or `offset_from` unless both pointers are proven to belong to the same live allocation. Prefer tracked lengths and indices.
- Do not introduce raw-pointer helpers, raw-pointer fields, integer-to-pointer casts, fake lifetimes, or broad unsafe blocks to reduce the checker count.
- Do not remove `unsafe` cosmetically while leaving unchecked pointer or aliasing invariants in the implementation.
- Avoid replacing optimized algorithms with simpler implementations unless equivalence and acceptable performance are established. Safety refactoring should not silently cause major throughput regressions.
- Avoid generated-table rewrites, mass formatting, renaming churn, or unrelated cleanup. Declaration-only changes to large tables should remain tiny diffs.

For exported raw-buffer functions, use this pattern only when semantics are fully understood:

- private safe core taking slices or ordinary values;
- thin `unsafe extern ""C""` wrapper retaining the exact ABI;
- wrapper handles null sentinel cases before any slice construction;
- wrapper rejects unrepresentable lengths using the API’s established error or sentinel behavior;
- internal Rust callers use the safe core when possible, while translated cross-module callers continue to see the required symbol.

Add compact tests proportional to the change. Useful cases include immutable-table reference values, known vectors, empty input, null sentinels, unrepresentable lengths without dereference, integer overflow boundaries, split/composition equivalence, and ABI-wrapper versus safe-core agreement. Do not add large fixtures or reproduce generated tables in tests.

Validate after the coherent edit:

```sh
cargo test --manifest-path {cargo_dir_path}/Cargo.toml
cargo check-unsafe2 --manifest-path {cargo_dir_path}/Cargo.toml
```

Also run the smallest relevant check or test target first. Treat checker failures as design feedback, not as reasons to add exemptions. If the normal functionality command differs, discover it from the repository and run it.

Before finishing, update `SAFETY_PLAN.md` as a concise scratchpad with:

- the exact category changed;
- what is now complete;
- unsafe-entity count change if available;
- validation commands and outcomes;
- remaining high-value categories;
- any rejected candidates, ABI traps, aliasing concerns, externally mutable globals, or performance risks.

Keep the patch and response compact. Do not print complete source files or unchanged generated data. In the final response, provide only a short summary of the changes, safety impact or unsafe-count reduction, and validation results.",[0.0]
"Continue the incremental safety refactor described in `SAFETY_PLAN.md`.

{target_goal}

{after_refactoring_instruction}

Work in one focused, high-value iteration rather than attempting a broad rewrite. First inspect `SAFETY_PLAN.md`, the current diff, relevant call sites, exports, tests, and build configuration. Select a coherent group of changes likely to remove many unsafe entities with low behavioral risk.

Use this general refactoring strategy:

- Separate C ABI boundaries from Rust implementations:
  - Keep exported symbols, calling conventions, parameter types, return types, and `#[repr(C)]` layouts ABI-compatible.
  - Prefer a thin `unsafe extern ""C""` wrapper for validation and raw-pointer conversion.
  - Move actual logic into private safe Rust functions using slices, references, arrays, enums, and `Option` where appropriate.
  - Do not expose a safe function that accepts unchecked foreign pointers or otherwise requires caller-maintained safety invariants.
- Prioritize easy, high-yield conversions:
  - Pure arithmetic, bit manipulation, bounds calculations, and state-independent helpers.
  - Read-only lookup tables currently declared `static mut`; convert them to immutable `static` or `const` when they are never modified.
  - Generated pointer loops that can be expressed with iterators, indexing, chunks, or slice operations.
  - Internal functions whose only reason for being unsafe is inherited `unsafe extern ""C""` syntax.
- Preserve exact C-compatible behavior:
  - Maintain null-pointer sentinel behavior, error codes, partial progress reporting, overflow behavior, and edge cases.
  - A null pointer must never be passed to `from_raw_parts`, even when the length is zero.
  - Before constructing a slice from a foreign pointer and length, validate every representability constraint required by Rust, including the `isize::MAX` bound where applicable.
  - Preserve intentional unsigned wrapping with explicit wrapping operations when overflow can occur; do not accidentally replace C wrapping behavior with debug-build panics.
  - Preserve callback behavior, ownership, allocation/free pairing, state transitions, and externally visible mutable state.
  - Do not use pointer subtraction or ordering unless both pointers are known to belong to the same live allocation. Prefer tracked lengths or indices where possible.
- Keep unsafe code narrowly localized and justified at genuine FFI or ownership boundaries. Merely deleting an `unsafe` keyword is not progress if unchecked invariants remain.
- Avoid introducing raw pointers, raw-pointer fields, integer-to-pointer casts, or new unsafe helpers into implementation code as a way to silence the checker.
- Avoid large mechanical formatting changes, generated-table rewrites, unrelated cleanup, and speculative architecture changes. Reuse existing tables and types when that keeps the patch small.
- Search all internal and cross-module callers before changing symbol ownership. In translated C projects, internal calls may resolve through exported symbol names rather than normal Rust module paths, so retain exactly one definition for each required external symbol.
- Add or extend compact tests for changed behavior, especially empty inputs, null sentinels, boundary lengths, overflow cases, known vectors, and composition/round-trip properties. Prefer tests that compare the safe core and ABI wrapper or established reference results.

Validate the smallest relevant target after each coherent edit, then run the project’s normal functionality tests. Also run:

```sh
cargo check-unsafe2 --manifest-path {cargo_dir_path}/Cargo.toml
```

This checker rejects improperly added unsafe code and newly added unsafe-adjacent implementation code, including raw-pointer arguments or fields and integer-to-pointer casts. Treat checker failures as design feedback: move validation/conversion to an existing legitimate boundary rather than adding exemptions or disguising pointer operations.

If a proposed conversion would require inventing unverifiable lifetimes, creating references to potentially aliased foreign memory, changing ABI semantics, or substantially expanding the patch, record it as a pitfall and choose a safer candidate instead.

Before finishing, update `SAFETY_PLAN.md` concisely with:
- what was actually changed this iteration;
- what is now complete;
- validation commands and outcomes;
- what remains and the best next general category of work;
- any behavioral traps, failed approaches, or dead ends future iterations should avoid.

Keep `SAFETY_PLAN.md` as a working scratchpad, not a report. In the final response, give only a concise summary of changes, safety impact, and validation results.",[0.23851196880335804]
"Continue the incremental Rust safety refactor documented in `SAFETY_PLAN.md`.

{target_goal}

{after_refactoring_instruction}

Perform one focused, high-yield iteration. Do not attempt a broad rewrite. Before editing, inspect:

- `SAFETY_PLAN.md`;
- the current working-tree diff;
- the crate/workspace manifests and build configuration;
- symbol exports and linker-facing declarations;
- all internal and cross-module callers of candidate symbols;
- relevant tests and the project’s normal validation commands;
- the current `cargo check-unsafe2` results or unsafe-entity report, if available.

Choose a coherent change set that removes many genuinely unsafe entities with low semantic and performance risk. Prefer candidates in this order:

1. Read-only `static mut` data, including generated lookup/configuration tables and function-local tables that are never written. Convert these to immutable `static` or `const` without rewriting their contents. Do not make an externally writable C data symbol immutable unless the public ABI and callers establish that it is read-only.
2. Pure scalar helpers for arithmetic, bit operations, bounds, table lookup, and state-independent calculations whose unsafety is inherited only from translated `unsafe extern ""C""` syntax. Make private implementations ordinary safe Rust functions.
3. Pointer loops that can become safe indexing, iterators, slices, arrays, or chunks after their memory boundary has already been validated.
4. Read-only pointer-and-length APIs, such as checksum-style operations, where a thin unsafe ABI wrapper can call a private safe slice-based core.
5. Small families of related exported arithmetic functions that can share one safe implementation while retaining exactly one exported definition per required C symbol.

Avoid starting with allocation ownership, callbacks, mutable aliased buffers, state-machine internals, self-referential structures, or pointer-heavy compression/decoder hot paths unless the existing plan identifies a narrowly verifiable conversion.

Use the following design rules.

### Separate ABI boundaries from implementations

- Preserve every exported symbol name, calling convention, parameter type, return type, and `#[repr(C)]` layout.
- Keep raw pointers and caller-maintained validity requirements at a thin `unsafe extern ""C""` boundary.
- Move logic into private safe functions taking slices, references, arrays, scalar values, enums, or `Option` as appropriate.
- Do not expose a safe Rust function that accepts unchecked foreign pointers or depends on undocumented aliasing, lifetime, allocation, or initialization invariants.
- Keep exactly one definition of each external symbol. Translated C modules may call one another through `extern ""C""` declarations and linker symbol names rather than Rust module paths.
- Do not casually change callback types from `unsafe extern ""C"" fn`; invoking a foreign callback remains an unsafe boundary even if the callback’s scalar signature looks harmless.

### Preserve C and library behavior exactly

- Preserve null-pointer sentinel behavior, including APIs where null means “initial value” regardless of length.
- Never pass a null pointer to `from_raw_parts` or `from_raw_parts_mut`, even for length zero. Handle null sentinels before constructing a slice.
- Before creating a slice from a foreign pointer and length, validate all Rust representability requirements:
  - the element count and total byte size must not exceed `isize::MAX`;
  - byte-size multiplication must not overflow;
  - required alignment, validity, initialization, and allocation coverage remain explicit caller obligations of the unsafe wrapper.
- A non-null zero-length input may have behavior distinct from a null sentinel; retain that distinction.
- Do not construct mutable references or mutable slices when foreign inputs may alias each other or live state.
- Preserve error codes, partial-progress outputs, counters, callback order, ownership transfer, allocation/free pairing, and state transitions.
- Preserve intentional C unsigned wrapping with `wrapping_*` operations where overflow is possible. Do not introduce debug-build panics through ordinary addition, subtraction, multiplication, or shifts.
- Be careful with C-width semantics. For example, checksum formats may be defined over 32 bits even when the ABI’s `unsigned long` is 64 bits; retain masks and truncation rules.
- Preserve negative-length sentinel behavior in combine-style APIs.
- Do not “repair” suspicious translated expressions, such as integer self-comparisons or odd casts, without confirming intended behavior from tests, upstream C code, or ABI documentation.
- Do not use pointer subtraction, ordering, or `offset_from` unless both pointers are proven to be within the same live allocation. Prefer tracked lengths and indices.
- Do not replace a specialized optimized algorithm with a simple byte-at-a-time implementation merely to remove unsafe code unless tests and relevant performance validation establish that the regression is acceptable. Prefer first making its immutable tables and scalar helpers safe.

### Make unsafe reduction genuine

- Merely deleting `unsafe` syntax is not progress if unchecked invariants remain.
- Do not introduce raw-pointer fields, raw-pointer parameters in new implementation helpers, integer-to-pointer casts, provenance tricks, or wrapper layers that only hide pointer operations from the checker.
- Keep each unsafe operation narrowly localized at a real FFI, callback, allocation, ownership, or validated raw-memory boundary.
- Add a short `SAFETY:` comment for newly introduced or materially changed unsafe operations, stating the concrete validated invariants.
- Reuse existing generated tables and ABI types. Avoid large table rewrites, mechanical formatting, unrelated cleanup, or speculative architecture changes.
- If a conversion would require inventing lifetimes, assuming non-aliasing not guaranteed by C, forming references to potentially invalid foreign storage, or substantially expanding the patch, record it as a pitfall and select another candidate.

### Testing

Add compact tests targeted to the changed behavior. Where applicable, cover:

- known vectors;
- empty non-null inputs;
- null sentinels;
- lengths around internal block or chunk boundaries;
- maximum representable lengths that can be tested without allocation;
- overflow and negative-length behavior;
- incremental composition versus one-shot operation;
- combine/concatenation properties;
- safe-core results versus ABI-wrapper results;
- table contents or pointer stability for exported read-only tables.

Do not call an ABI wrapper with deliberately dangling or undersized pointers. Invalid representability checks can be tested without dereferencing only when the wrapper is guaranteed to reject before memory access.

### Validation workflow

After each coherent edit, run the smallest relevant check or test. Before finishing, run the project’s normal functionality tests and:

```sh
cargo check-unsafe2 --manifest-path {cargo_dir_path}/Cargo.toml
```

Treat checker failures as design feedback. Move pointer conversion or validation to an existing legitimate unsafe boundary instead of adding exemptions or disguising unsafe-adjacent implementation code.

Where practical, compare the unsafe-entity count before and after the iteration. A patch that only moves or renames unsafe entities is not a successful safety refactor.

### Plan and final response

Update `SAFETY_PLAN.md` as a concise working scratchpad, recording:

- the exact category of changes completed;
- the unsafe entities or mutable statics eliminated;
- behavior and ABI constraints preserved;
- tests and validation commands with outcomes;
- any performance consideration;
- failed approaches or traps to avoid;
- the best next general category of work.

Do not paste complete source files or large generated tables into the response. Make edits directly in the repository. The final response must contain only a concise summary of the changes, their safety impact, the unsafe-count change if measured, and validation results.",[0.28665501012745487]
"Continue the incremental Rust safety refactor documented in `SAFETY_PLAN.md`.

{target_goal}

{after_refactoring_instruction}

Perform one focused, high-yield iteration. Do not attempt a broad rewrite. Before editing, inspect:

- `SAFETY_PLAN.md`;
- the current working-tree diff;
- the crate/workspace manifests and build configuration;
- symbol exports and linker-facing declarations;
- all internal and cross-module callers of candidate symbols;
- relevant tests and the project’s normal validation commands;
- the current `cargo check-unsafe2` results or unsafe-entity report, if available.

Choose a coherent change set that removes many genuinely unsafe entities with low semantic and performance risk. Prefer candidates in this order:

1. Read-only `static mut` data, including generated lookup/configuration tables and function-local tables that are never written. Convert these to immutable `static` or `const` without rewriting their contents. Do not make an externally writable C data symbol immutable unless the public ABI and callers establish that it is read-only.
2. Pure scalar helpers for arithmetic, bit operations, bounds, table lookup, and state-independent calculations whose unsafety is inherited only from translated `unsafe extern ""C""` syntax. Make private implementations ordinary safe Rust functions.
3. Pointer loops that can become safe indexing, iterators, slices, arrays, or chunks after their memory boundary has already been validated.
4. Read-only pointer-and-length APIs, such as checksum-style operations, where a thin unsafe ABI wrapper can call a private safe slice-based core.
5. Small families of related exported arithmetic functions that can share one safe implementation while retaining exactly one exported definition per required C symbol.

Avoid starting with allocation ownership, callbacks, mutable aliased buffers, state-machine internals, self-referential structures, or pointer-heavy compression/decoder hot paths unless the existing plan identifies a narrowly verifiable conversion.

Use the following design rules.

### Separate ABI boundaries from implementations

- Preserve every exported symbol name, calling convention, parameter type, return type, and `#[repr(C)]` layout.
- Keep raw pointers and caller-maintained validity requirements at a thin `unsafe extern ""C""` boundary.
- Move logic into private safe functions taking slices, references, arrays, scalar values, enums, or `Option` as appropriate.
- Do not expose a safe Rust function that accepts unchecked foreign pointers or depends on undocumented aliasing, lifetime, allocation, or initialization invariants.
- Keep exactly one definition of each external symbol. Translated C modules may call one another through `extern ""C""` declarations and linker symbol names rather than Rust module paths.
- Do not casually change callback types from `unsafe extern ""C"" fn`; invoking a foreign callback remains an unsafe boundary even if the callback’s scalar signature looks harmless.

### Preserve C and library behavior exactly

- Preserve null-pointer sentinel behavior, including APIs where null means “initial value” regardless of length.
- Never pass a null pointer to `from_raw_parts` or `from_raw_parts_mut`, even for length zero. Handle null sentinels before constructing a slice.
- Before creating a slice from a foreign pointer and length, validate all Rust representability requirements:
  - the element count and total byte size must not exceed `isize::MAX`;
  - byte-size multiplication must not overflow;
  - required alignment, validity, initialization, and allocation coverage remain explicit caller obligations of the unsafe wrapper.
- A non-null zero-length input may have behavior distinct from a null sentinel; retain that distinction.
- Do not construct mutable references or mutable slices when foreign inputs may alias each other or live state.
- Preserve error codes, partial-progress outputs, counters, callback order, ownership transfer, allocation/free pairing, and state transitions.
- Preserve intentional C unsigned wrapping with `wrapping_*` operations where overflow is possible. Do not introduce debug-build panics through ordinary addition, subtraction, multiplication, or shifts.
- Be careful with C-width semantics. For example, checksum formats may be defined over 32 bits even when the ABI’s `unsigned long` is 64 bits; retain masks and truncation rules.
- Preserve negative-length sentinel behavior in combine-style APIs.
- Do not “repair” suspicious translated expressions, such as integer self-comparisons or odd casts, without confirming intended behavior from tests, upstream C code, or ABI documentation.
- Do not use pointer subtraction, ordering, or `offset_from` unless both pointers are proven to be within the same live allocation. Prefer tracked lengths and indices.
- Do not replace a specialized optimized algorithm with a simple byte-at-a-time implementation merely to remove unsafe code unless tests and relevant performance validation establish that the regression is acceptable. Prefer first making its immutable tables and scalar helpers safe.

### Make unsafe reduction genuine

- Merely deleting `unsafe` syntax is not progress if unchecked invariants remain.
- Do not introduce raw-pointer fields, raw-pointer parameters in new implementation helpers, integer-to-pointer casts, provenance tricks, or wrapper layers that only hide pointer operations from the checker.
- Keep each unsafe operation narrowly localized at a real FFI, callback, allocation, ownership, or validated raw-memory boundary.
- Add a short `SAFETY:` comment for newly introduced or materially changed unsafe operations, stating the concrete validated invariants.
- Reuse existing generated tables and ABI types. Avoid large table rewrites, mechanical formatting, unrelated cleanup, or speculative architecture changes.
- If a conversion would require inventing lifetimes, assuming non-aliasing not guaranteed by C, forming references to potentially invalid foreign storage, or substantially expanding the patch, record it as a pitfall and select another candidate.

### Testing

Add compact tests targeted to the changed behavior. Where applicable, cover:

- known vectors;
- empty non-null inputs;
- null sentinels;
- lengths around internal block or chunk boundaries;
- maximum representable lengths that can be tested without allocation;
- overflow and negative-length behavior;
- incremental composition versus one-shot operation;
- combine/concatenation properties;
- safe-core results versus ABI-wrapper results;
- table contents or pointer stability for exported read-only tables.

Do not call an ABI wrapper with deliberately dangling or undersized pointers. Invalid representability checks can be tested without dereferencing only when the wrapper is guaranteed to reject before memory access.

### Validation workflow

After each coherent edit, run the smallest relevant check or test. Before finishing, run the project’s normal functionality tests and:

```sh
cargo check-unsafe2 --manifest-path {cargo_dir_path}/Cargo.toml
```

Treat checker failures as design feedback. Move pointer conversion or validation to an existing legitimate unsafe boundary instead of adding exemptions or disguising unsafe-adjacent implementation code.

Where practical, compare the unsafe-entity count before and after the iteration. A patch that only moves or renames unsafe entities is not a successful safety refactor.

### Plan and final response

Update `SAFETY_PLAN.md` as a concise working scratchpad, recording:

- the exact category of changes completed;
- the unsafe entities or mutable statics eliminated;
- behavior and ABI constraints preserved;
- tests and validation commands with outcomes;
- any performance consideration;
- failed approaches or traps to avoid;
- the best next general category of work.

Do not paste complete source files or large generated tables into the response. Make edits directly in the repository. The final response must contain only a concise summary of the changes, their safety impact, the unsafe-count change if measured, and validation results.",[0.33376319325975323]
"Continue the incremental safety refactor described in `SAFETY_PLAN.md`.

{target_goal}

{after_refactoring_instruction}

Work in one focused, high-value iteration rather than attempting a broad rewrite. First inspect `SAFETY_PLAN.md`, the current diff, relevant call sites, exports, tests, and build configuration. Select a coherent group of changes likely to remove many unsafe entities with low behavioral risk.

Use this general refactoring strategy:

- Separate C ABI boundaries from Rust implementations:
  - Keep exported symbols, calling conventions, parameter types, return types, and `#[repr(C)]` layouts ABI-compatible.
  - Prefer a thin `unsafe extern ""C""` wrapper for validation and raw-pointer conversion.
  - Move actual logic into private safe Rust functions using slices, references, arrays, enums, and `Option` where appropriate.
  - Do not expose a safe function that accepts unchecked foreign pointers or otherwise requires caller-maintained safety invariants.
- Prioritize easy, high-yield conversions:
  - Pure arithmetic, bit manipulation, bounds calculations, and state-independent helpers.
  - Read-only lookup tables currently declared `static mut`; convert them to immutable `static` or `const` when they are never modified.
  - Generated pointer loops that can be expressed with iterators, indexing, chunks, or slice operations.
  - Internal functions whose only reason for being unsafe is inherited `unsafe extern ""C""` syntax.
- Preserve exact C-compatible behavior:
  - Maintain null-pointer sentinel behavior, error codes, partial progress reporting, overflow behavior, and edge cases.
  - A null pointer must never be passed to `from_raw_parts`, even when the length is zero.
  - Before constructing a slice from a foreign pointer and length, validate every representability constraint required by Rust, including the `isize::MAX` bound where applicable.
  - Preserve intentional unsigned wrapping with explicit wrapping operations when overflow can occur; do not accidentally replace C wrapping behavior with debug-build panics.
  - Preserve callback behavior, ownership, allocation/free pairing, state transitions, and externally visible mutable state.
  - Do not use pointer subtraction or ordering unless both pointers are known to belong to the same live allocation. Prefer tracked lengths or indices where possible.
- Keep unsafe code narrowly localized and justified at genuine FFI or ownership boundaries. Merely deleting an `unsafe` keyword is not progress if unchecked invariants remain.
- Avoid introducing raw pointers, raw-pointer fields, integer-to-pointer casts, or new unsafe helpers into implementation code as a way to silence the checker.
- Avoid large mechanical formatting changes, generated-table rewrites, unrelated cleanup, and speculative architecture changes. Reuse existing tables and types when that keeps the patch small.
- Search all internal and cross-module callers before changing symbol ownership. In translated C projects, internal calls may resolve through exported symbol names rather than normal Rust module paths, so retain exactly one definition for each required external symbol.
- Add or extend compact tests for changed behavior, especially empty inputs, null sentinels, boundary lengths, overflow cases, known vectors, and composition/round-trip properties. Prefer tests that compare the safe core and ABI wrapper or established reference results.

Validate the smallest relevant target after each coherent edit, then run the project’s normal functionality tests. Also run:

```sh
cargo check-unsafe2 --manifest-path {cargo_dir_path}/Cargo.toml
```

This checker rejects improperly added unsafe code and newly added unsafe-adjacent implementation code, including raw-pointer arguments or fields and integer-to-pointer casts. Treat checker failures as design feedback: move validation/conversion to an existing legitimate boundary rather than adding exemptions or disguising pointer operations.

If a proposed conversion would require inventing unverifiable lifetimes, creating references to potentially aliased foreign memory, changing ABI semantics, or substantially expanding the patch, record it as a pitfall and choose a safer candidate instead.

Before finishing, update `SAFETY_PLAN.md` concisely with:
- what was actually changed this iteration;
- what is now complete;
- validation commands and outcomes;
- what remains and the best next general category of work;
- any behavioral traps, failed approaches, or dead ends future iterations should avoid.

Keep `SAFETY_PLAN.md` as a working scratchpad, not a report. In the final response, give only a concise summary of changes, safety impact, and validation results.",[0.2763335644640339]
"Continue the incremental Rust safety refactor tracked in `SAFETY_PLAN.md`.

{target_goal}

{after_refactoring_instruction}

Context: an earlier iteration reduced the checker’s unsafe-entity count from 6,604 to 6,421 while preserving functionality. Treat those numbers only as historical context and establish the current baseline before editing. Much of the remaining unsafety is concentrated in translated compression/decompression state machines, tree/table code, gzip I/O, FFI callbacks, ABI structs, and raw-pointer ownership. Do not attempt to rewrite those systems broadly in one iteration.

Work directly in the repository. Do not reproduce complete source files in the response. Make one focused, high-value patch that removes a measurable group of unsafe entities with low behavioral and ABI risk.

Before editing:

1. Read `SAFETY_PLAN.md`.
2. Inspect the current diff and repository status so existing work is not overwritten.
3. Establish the current unsafe-checker baseline.
4. Inspect relevant definitions, all internal and cross-module callers, exported symbols, tests, crate configuration, and linker/build settings.
5. Choose one coherent category of changes with a favorable ratio of unsafe entities removed to patch size and behavioral risk.

Prefer candidates in this order:

- Private or non-writable lookup tables declared `static mut` despite never being modified. Convert them to immutable `static` or `const` only after searching for writes, mutable-address use, symbol exports, and C declarations that require writable storage.
- Pure arithmetic, bit-manipulation, size-bound, checksum-combination, byte-order, and state-independent helpers whose `unsafe` status is inherited rather than required.
- Generated pointer loops over arrays or already-validated buffers that can be replaced by slices, indices, iterators, chunks, or copy operations without changing overlap behavior.
- Small clusters of related helpers that can share one safe core while retaining thin ABI wrappers.

Avoid beginning with allocator ownership, callback-driven streaming, aliased foreign state, self-referential pointer fields, pointer-heavy state machines, or pointer-difference logic unless the necessary allocation and aliasing invariants are already explicit and locally verifiable.

Use these design rules:

- Preserve every required C symbol exactly once, including its symbol name, calling convention, parameter and return types, linkage, and `#[repr(C)]` layout.
- In translated C projects, Rust callers may use an `extern ""C""` declaration that resolves through the linker rather than a module path. Search those declarations before renaming, privatizing, or moving a definition.
- Keep raw-pointer validation and conversion in an `unsafe extern ""C""` boundary. Put implementation logic in private safe Rust functions using slices, arrays, references, enums, and `Option` only when those types accurately encode the contract.
- Do not expose a safe function that accepts raw pointers or relies on undocumented caller-maintained validity, lifetime, provenance, initialization, or aliasing invariants.
- ABI wrappers may remain unsafe; the goal is to remove unnecessary unsafe implementation code and mutable globals, not to disguise genuine boundaries.
- Callback types crossing C remain `unsafe extern ""C""` unless the callback contract itself guarantees a safe Rust call.
- Raw-pointer fields required by ABI layouts are not suitable for mechanical replacement. Do not change ABI structs merely to improve the count.
- Do not introduce new raw-pointer helpers, raw-pointer fields, integer-to-pointer casts, broad allow attributes, or checker exemptions.

Preserve exact C-compatible behavior:

- Keep null sentinels distinct from invalid non-null lengths. Do not map an unrepresentable non-null buffer length to the null-buffer sentinel or another unrelated result.
- Never call `from_raw_parts` or `from_raw_parts_mut` with a null pointer, including for zero length.
- Before creating a slice, validate all Rust representability requirements: non-nullness, alignment, initialized accessible memory, element-size multiplication, address-range overflow, and the `isize::MAX` byte bound.
- If the ABI has no defined way to report a non-null length that cannot be represented safely, do not invent new error semantics. Leave that path at the existing unsafe boundary or reject the candidate and record the limitation in the plan.
- Do not create references to foreign memory when aliasing or lifetime guarantees are not established. Raw access localized at the boundary can be safer than an unjustified reference.
- Preserve null-query behavior, empty-input behavior, error codes, partial progress, output counters, callback order, allocation/free pairing, state transitions, and externally visible globals.
- Preserve C unsigned wrapping explicitly with `wrapping_*` operations wherever overflow is possible. Do not introduce debug-only panics.
- Preserve platform-dependent C integer widths such as `c_ulong`; do not silently replace them with a fixed-width type unless equivalence is established for every supported target.
- Preserve overlap semantics: use `copy_within`/`ptr::copy` for memmove-like operations and non-overlapping copies only where non-overlap is proven.
- Do not subtract or order pointers unless both are proven to lie within the same live allocation. Prefer tracked offsets, lengths, and indices.
- Be cautious with exported data symbols: converting writable exported storage to immutable storage can alter the C contract even if Rust code never writes it.

Testing should remain compact and targeted. Add tests for the changed core and, where practical, compare it with the ABI wrapper or established vectors. Cover relevant cases such as:

- empty input and null sentinels;
- boundaries immediately around chunk or table limits;
- maximal and overflowing arithmetic;
- standard known vectors;
- composition or round-trip properties;
- exported table contents and stable returned addresses where applicable.

After each coherent edit, run the smallest relevant check or test. Then run the project’s normal functionality tests and:

```sh
cargo check-unsafe2 --manifest-path {cargo_dir_path}/Cargo.toml
```

Treat checker failures as design feedback. Compare the final unsafe-entity count with the baseline and report the actual reduction. A patch that only deletes `unsafe` syntax while leaving unchecked invariants in safe code is not progress.

Keep the patch focused and reviewable:

- Avoid generated-table rewrites, whole-project formatting, unrelated cleanup, speculative abstractions, or touching unchanged files.
- If an apparently high-yield candidate requires unverifiable lifetimes, mutable references into potentially aliased foreign state, changed ABI behavior, or a large architectural rewrite, stop, document the dead end, and choose a safer candidate.
- Prefer a modest patch with a verified measurable reduction over a broad partial conversion.

Before finishing, update `SAFETY_PLAN.md` as a concise working scratchpad with:

- the category selected and what actually changed;
- baseline and final unsafe-entity counts;
- what is now complete;
- exact validation commands and outcomes;
- remaining high-value categories;
- behavioral traps, failed approaches, and candidates intentionally deferred.

In the final response, provide only a concise summary of the changes, safety impact and unsafe-count reduction, and validation results. Do not include full file contents or a lengthy narrative.",[0.3669464127091987]
"Continue the incremental Rust safety refactor tracked in `SAFETY_PLAN.md`.

{target_goal}

{after_refactoring_instruction}

Context: an earlier iteration reduced the checker’s unsafe-entity count from 6,604 to 6,421 while preserving functionality. Treat those numbers only as historical context and establish the current baseline before editing. Much of the remaining unsafety is concentrated in translated compression/decompression state machines, tree/table code, gzip I/O, FFI callbacks, ABI structs, and raw-pointer ownership. Do not attempt to rewrite those systems broadly in one iteration.

Work directly in the repository. Do not reproduce complete source files in the response. Make one focused, high-value patch that removes a measurable group of unsafe entities with low behavioral and ABI risk.

Before editing:

1. Read `SAFETY_PLAN.md`.
2. Inspect the current diff and repository status so existing work is not overwritten.
3. Establish the current unsafe-checker baseline.
4. Inspect relevant definitions, all internal and cross-module callers, exported symbols, tests, crate configuration, and linker/build settings.
5. Choose one coherent category of changes with a favorable ratio of unsafe entities removed to patch size and behavioral risk.

Prefer candidates in this order:

- Private or non-writable lookup tables declared `static mut` despite never being modified. Convert them to immutable `static` or `const` only after searching for writes, mutable-address use, symbol exports, and C declarations that require writable storage.
- Pure arithmetic, bit-manipulation, size-bound, checksum-combination, byte-order, and state-independent helpers whose `unsafe` status is inherited rather than required.
- Generated pointer loops over arrays or already-validated buffers that can be replaced by slices, indices, iterators, chunks, or copy operations without changing overlap behavior.
- Small clusters of related helpers that can share one safe core while retaining thin ABI wrappers.

Avoid beginning with allocator ownership, callback-driven streaming, aliased foreign state, self-referential pointer fields, pointer-heavy state machines, or pointer-difference logic unless the necessary allocation and aliasing invariants are already explicit and locally verifiable.

Use these design rules:

- Preserve every required C symbol exactly once, including its symbol name, calling convention, parameter and return types, linkage, and `#[repr(C)]` layout.
- In translated C projects, Rust callers may use an `extern ""C""` declaration that resolves through the linker rather than a module path. Search those declarations before renaming, privatizing, or moving a definition.
- Keep raw-pointer validation and conversion in an `unsafe extern ""C""` boundary. Put implementation logic in private safe Rust functions using slices, arrays, references, enums, and `Option` only when those types accurately encode the contract.
- Do not expose a safe function that accepts raw pointers or relies on undocumented caller-maintained validity, lifetime, provenance, initialization, or aliasing invariants.
- ABI wrappers may remain unsafe; the goal is to remove unnecessary unsafe implementation code and mutable globals, not to disguise genuine boundaries.
- Callback types crossing C remain `unsafe extern ""C""` unless the callback contract itself guarantees a safe Rust call.
- Raw-pointer fields required by ABI layouts are not suitable for mechanical replacement. Do not change ABI structs merely to improve the count.
- Do not introduce new raw-pointer helpers, raw-pointer fields, integer-to-pointer casts, broad allow attributes, or checker exemptions.

Preserve exact C-compatible behavior:

- Keep null sentinels distinct from invalid non-null lengths. Do not map an unrepresentable non-null buffer length to the null-buffer sentinel or another unrelated result.
- Never call `from_raw_parts` or `from_raw_parts_mut` with a null pointer, including for zero length.
- Before creating a slice, validate all Rust representability requirements: non-nullness, alignment, initialized accessible memory, element-size multiplication, address-range overflow, and the `isize::MAX` byte bound.
- If the ABI has no defined way to report a non-null length that cannot be represented safely, do not invent new error semantics. Leave that path at the existing unsafe boundary or reject the candidate and record the limitation in the plan.
- Do not create references to foreign memory when aliasing or lifetime guarantees are not established. Raw access localized at the boundary can be safer than an unjustified reference.
- Preserve null-query behavior, empty-input behavior, error codes, partial progress, output counters, callback order, allocation/free pairing, state transitions, and externally visible globals.
- Preserve C unsigned wrapping explicitly with `wrapping_*` operations wherever overflow is possible. Do not introduce debug-only panics.
- Preserve platform-dependent C integer widths such as `c_ulong`; do not silently replace them with a fixed-width type unless equivalence is established for every supported target.
- Preserve overlap semantics: use `copy_within`/`ptr::copy` for memmove-like operations and non-overlapping copies only where non-overlap is proven.
- Do not subtract or order pointers unless both are proven to lie within the same live allocation. Prefer tracked offsets, lengths, and indices.
- Be cautious with exported data symbols: converting writable exported storage to immutable storage can alter the C contract even if Rust code never writes it.

Testing should remain compact and targeted. Add tests for the changed core and, where practical, compare it with the ABI wrapper or established vectors. Cover relevant cases such as:

- empty input and null sentinels;
- boundaries immediately around chunk or table limits;
- maximal and overflowing arithmetic;
- standard known vectors;
- composition or round-trip properties;
- exported table contents and stable returned addresses where applicable.

After each coherent edit, run the smallest relevant check or test. Then run the project’s normal functionality tests and:

```sh
cargo check-unsafe2 --manifest-path {cargo_dir_path}/Cargo.toml
```

Treat checker failures as design feedback. Compare the final unsafe-entity count with the baseline and report the actual reduction. A patch that only deletes `unsafe` syntax while leaving unchecked invariants in safe code is not progress.

Keep the patch focused and reviewable:

- Avoid generated-table rewrites, whole-project formatting, unrelated cleanup, speculative abstractions, or touching unchanged files.
- If an apparently high-yield candidate requires unverifiable lifetimes, mutable references into potentially aliased foreign state, changed ABI behavior, or a large architectural rewrite, stop, document the dead end, and choose a safer candidate.
- Prefer a modest patch with a verified measurable reduction over a broad partial conversion.

Before finishing, update `SAFETY_PLAN.md` as a concise working scratchpad with:

- the category selected and what actually changed;
- baseline and final unsafe-entity counts;
- what is now complete;
- exact validation commands and outcomes;
- remaining high-value categories;
- behavioral traps, failed approaches, and candidates intentionally deferred.

In the final response, provide only a concise summary of the changes, safety impact and unsafe-count reduction, and validation results. Do not include full file contents or a lengthy narrative.",[0.19848042149002837]
"Continue the incremental safety refactor described in `SAFETY_PLAN.md`.

{target_goal}

{after_refactoring_instruction}

Work in one focused, high-value iteration rather than attempting a broad rewrite. First inspect `SAFETY_PLAN.md`, the current diff, relevant call sites, exports, tests, and build configuration. Select a coherent group of changes likely to remove many unsafe entities with low behavioral risk.

Use this general refactoring strategy:

- Separate C ABI boundaries from Rust implementations:
  - Keep exported symbols, calling conventions, parameter types, return types, and `#[repr(C)]` layouts ABI-compatible.
  - Prefer a thin `unsafe extern ""C""` wrapper for validation and raw-pointer conversion.
  - Move actual logic into private safe Rust functions using slices, references, arrays, enums, and `Option` where appropriate.
  - Do not expose a safe function that accepts unchecked foreign pointers or otherwise requires caller-maintained safety invariants.
- Prioritize easy, high-yield conversions:
  - Pure arithmetic, bit manipulation, bounds calculations, and state-independent helpers.
  - Read-only lookup tables currently declared `static mut`; convert them to immutable `static` or `const` when they are never modified.
  - Generated pointer loops that can be expressed with iterators, indexing, chunks, or slice operations.
  - Internal functions whose only reason for being unsafe is inherited `unsafe extern ""C""` syntax.
- Preserve exact C-compatible behavior:
  - Maintain null-pointer sentinel behavior, error codes, partial progress reporting, overflow behavior, and edge cases.
  - A null pointer must never be passed to `from_raw_parts`, even when the length is zero.
  - Before constructing a slice from a foreign pointer and length, validate every representability constraint required by Rust, including the `isize::MAX` bound where applicable.
  - Preserve intentional unsigned wrapping with explicit wrapping operations when overflow can occur; do not accidentally replace C wrapping behavior with debug-build panics.
  - Preserve callback behavior, ownership, allocation/free pairing, state transitions, and externally visible mutable state.
  - Do not use pointer subtraction or ordering unless both pointers are known to belong to the same live allocation. Prefer tracked lengths or indices where possible.
- Keep unsafe code narrowly localized and justified at genuine FFI or ownership boundaries. Merely deleting an `unsafe` keyword is not progress if unchecked invariants remain.
- Avoid introducing raw pointers, raw-pointer fields, integer-to-pointer casts, or new unsafe helpers into implementation code as a way to silence the checker.
- Avoid large mechanical formatting changes, generated-table rewrites, unrelated cleanup, and speculative architecture changes. Reuse existing tables and types when that keeps the patch small.
- Search all internal and cross-module callers before changing symbol ownership. In translated C projects, internal calls may resolve through exported symbol names rather than normal Rust module paths, so retain exactly one definition for each required external symbol.
- Add or extend compact tests for changed behavior, especially empty inputs, null sentinels, boundary lengths, overflow cases, known vectors, and composition/round-trip properties. Prefer tests that compare the safe core and ABI wrapper or established reference results.

Validate the smallest relevant target after each coherent edit, then run the project’s normal functionality tests. Also run:

```sh
cargo check-unsafe2 --manifest-path {cargo_dir_path}/Cargo.toml
```

This checker rejects improperly added unsafe code and newly added unsafe-adjacent implementation code, including raw-pointer arguments or fields and integer-to-pointer casts. Treat checker failures as design feedback: move validation/conversion to an existing legitimate boundary rather than adding exemptions or disguising pointer operations.

If a proposed conversion would require inventing unverifiable lifetimes, creating references to potentially aliased foreign memory, changing ABI semantics, or substantially expanding the patch, record it as a pitfall and choose a safer candidate instead.

Before finishing, update `SAFETY_PLAN.md` concisely with:
- what was actually changed this iteration;
- what is now complete;
- validation commands and outcomes;
- what remains and the best next general category of work;
- any behavioral traps, failed approaches, or dead ends future iterations should avoid.

Keep `SAFETY_PLAN.md` as a working scratchpad, not a report. In the final response, give only a concise summary of changes, safety impact, and validation results.",[0.3763181021866141]
"Continue the incremental Rust safety refactor tracked in `SAFETY_PLAN.md`.

{target_goal}

{after_refactoring_instruction}

Perform one focused, high-value iteration. Do not attempt a broad rewrite. Before editing, inspect:

- `SAFETY_PLAN.md`;
- the current diff and repository status;
- the crate/workspace manifests and build configuration;
- symbol exports and declarations;
- all internal and cross-module callers of likely candidates;
- relevant tests and the project’s normal validation commands;
- the latest unsafe-checker output, if available.

Choose a coherent category that removes many unsafe entities with low behavioral risk. Prefer, in this order:

1. Read-only data incorrectly declared mutable:
   - Convert `static mut` lookup tables, generated codebooks, fixed ordering arrays, configuration data, and similar values to immutable `static` or `const` only after confirming there are no writes or required externally visible mutation semantics.
   - Preserve exported symbol names and storage when C code may reference the object.
   - Avoid rewriting or reformatting large generated initializers; normally change only declarations and access expressions.
   - Do not blindly convert descriptor statics containing raw pointers. Immutable statics may require `Sync`, while replacing them with `const` can alter address identity or promotion behavior. Skip such cases unless those concerns are resolved.

2. Pure scalar helpers and exported scalar APIs:
   - Move arithmetic, bit manipulation, bounds calculations, and checksum-combination logic into ordinary safe Rust functions.
   - An `extern ""C""` function does not need to be `unsafe` merely because it uses the C ABI. A scalar-only wrapper may be safe when every possible scalar input is valid and invocation requires no caller-maintained invariant.
   - Retain `unsafe extern ""C""` for APIs whose invocation requires valid pointers, ownership, aliasing, callback, or lifetime invariants.

3. Pointer-processing routines with a natural slice-based core:
   - Keep exactly one ABI-compatible exported boundary.
   - Validate foreign arguments there, construct slices only when justified, and delegate to a private safe implementation using slices, arrays, iterators, indexing, chunks, enums, or `Option`.
   - Consolidate translated duplicate “implementation plus export wrapper” functions when doing so preserves all internal and external symbol resolution.

Avoid selecting large state machines, allocators, callback-driven code, ownership-heavy routines, or intertwined compression/decompression loops unless the existing plan identifies a narrowly provable change. A small immutable-table or pure-helper pass is preferable to a speculative pointer rewrite.

Preserve ABI and behavior exactly:

- Keep exported symbol names, calling conventions, parameter and return types, and `#[repr(C)]` layouts unchanged.
- Search the whole repository before removing or renaming a definition. Translated C modules may call through `extern ""C""` declarations and linker symbols rather than Rust module paths. Leave exactly one definition for every required external symbol.
- Preserve null sentinels, error codes, partial-progress reporting, callback order, state transitions, ownership, allocation/free pairing, and externally visible globals.
- Preserve C unsigned overflow with explicit `wrapping_*` operations where overflow is possible. Do not introduce debug-only panics.
- Do not “fix” suspicious translated integer comparisons or dead-looking branches without confirming behavior against tests or a trusted reference.
- Never call `from_raw_parts` or `from_raw_parts_mut` with a null pointer, including for zero length.
- Before constructing a slice, validate all Rust representability requirements, including byte-size overflow, alignment where relevant, and the `isize::MAX` bound.
- If the C API has no behavior-compatible result for an unrepresentable length, do not invent a sentinel or silently treat it as null; leave that routine at the raw-pointer boundary and choose another candidate.
- Do not create references when foreign memory may be aliased incompatibly. In particular, avoid simultaneously materializing mutable references to overlapping input/output regions.
- Do not use pointer subtraction, `offset_from`, or pointer ordering unless both pointers are proven to belong to the same live allocation. Prefer tracked offsets and lengths.
- Avoid panics reachable from exported C functions. Validate indices and enum-like values before safe indexing or matching.
- Do not expose a safe Rust function that accepts unchecked foreign pointers or otherwise relies on undocumented caller invariants.

Keep unsafe code narrow and genuine:

- Unsafe operations should remain only at FFI, callback, ownership, or validated raw-memory boundaries.
- Add a short `SAFETY:` justification to any new or materially changed unsafe block.
- Merely deleting an `unsafe` keyword while retaining unchecked pointer assumptions is not progress.
- Do not introduce new raw-pointer helpers, raw-pointer fields, integer-to-pointer casts, broad unsafe blocks, or checker exemptions to reduce the reported count.
- Do not change callback types from `unsafe extern ""C"" fn` unless every callback contract permits safe invocation.
- Do not change exported mutable globals to immutable merely to improve the count if foreign code is permitted to write them.

Add compact tests for the changed category. Depending on the candidates, cover:

- known vectors or trusted reference values;
- empty input and null-sentinel behavior;
- chunked/composition equivalence;
- negative and boundary lengths;
- overflow boundaries;
- safe-core versus ABI-wrapper agreement for valid inputs;
- table contents or pointer stability when exported read-only data is changed.

Keep tests small; do not duplicate large generated tables.

Validate after each coherent edit using the smallest relevant command, then run the project’s normal functionality tests. Also run:

```sh
cargo check-unsafe2 --manifest-path {cargo_dir_path}/Cargo.toml
```

Treat checker failures as design feedback. Prefer moving conversion into an existing legitimate ABI boundary or choosing another candidate over adding exemptions. If the checker reports unsafe-entity totals, record the before/after counts and verify that the reduction is real rather than cosmetic.

Before finishing, update `SAFETY_PLAN.md` as a concise working scratchpad containing:

- the category and concrete changes completed this iteration;
- what is now considered complete;
- validation commands and outcomes;
- unsafe-entity count changes when available;
- the best next general category of work;
- behavioral traps, failed approaches, or candidates deliberately skipped.

Do not include full source files or large diffs in the final response. Provide only a concise summary of the changes, safety impact, unsafe-count reduction if known, and validation results.",[0.2558962733409802]
"Continue the incremental safety refactor described in `SAFETY_PLAN.md`.

{target_goal}

{after_refactoring_instruction}

Work in one focused, high-value iteration rather than attempting a broad rewrite. First inspect `SAFETY_PLAN.md`, the current diff, relevant call sites, exports, tests, and build configuration. Select a coherent group of changes likely to remove many unsafe entities with low behavioral risk.

Use this general refactoring strategy:

- Separate C ABI boundaries from Rust implementations:
  - Keep exported symbols, calling conventions, parameter types, return types, and `#[repr(C)]` layouts ABI-compatible.
  - Prefer a thin `unsafe extern ""C""` wrapper for validation and raw-pointer conversion.
  - Move actual logic into private safe Rust functions using slices, references, arrays, enums, and `Option` where appropriate.
  - Do not expose a safe function that accepts unchecked foreign pointers or otherwise requires caller-maintained safety invariants.
- Prioritize easy, high-yield conversions:
  - Pure arithmetic, bit manipulation, bounds calculations, and state-independent helpers.
  - Read-only lookup tables currently declared `static mut`; convert them to immutable `static` or `const` when they are never modified.
  - Generated pointer loops that can be expressed with iterators, indexing, chunks, or slice operations.
  - Internal functions whose only reason for being unsafe is inherited `unsafe extern ""C""` syntax.
- Preserve exact C-compatible behavior:
  - Maintain null-pointer sentinel behavior, error codes, partial progress reporting, overflow behavior, and edge cases.
  - A null pointer must never be passed to `from_raw_parts`, even when the length is zero.
  - Before constructing a slice from a foreign pointer and length, validate every representability constraint required by Rust, including the `isize::MAX` bound where applicable.
  - Preserve intentional unsigned wrapping with explicit wrapping operations when overflow can occur; do not accidentally replace C wrapping behavior with debug-build panics.
  - Preserve callback behavior, ownership, allocation/free pairing, state transitions, and externally visible mutable state.
  - Do not use pointer subtraction or ordering unless both pointers are known to belong to the same live allocation. Prefer tracked lengths or indices where possible.
- Keep unsafe code narrowly localized and justified at genuine FFI or ownership boundaries. Merely deleting an `unsafe` keyword is not progress if unchecked invariants remain.
- Avoid introducing raw pointers, raw-pointer fields, integer-to-pointer casts, or new unsafe helpers into implementation code as a way to silence the checker.
- Avoid large mechanical formatting changes, generated-table rewrites, unrelated cleanup, and speculative architecture changes. Reuse existing tables and types when that keeps the patch small.
- Search all internal and cross-module callers before changing symbol ownership. In translated C projects, internal calls may resolve through exported symbol names rather than normal Rust module paths, so retain exactly one definition for each required external symbol.
- Add or extend compact tests for changed behavior, especially empty inputs, null sentinels, boundary lengths, overflow cases, known vectors, and composition/round-trip properties. Prefer tests that compare the safe core and ABI wrapper or established reference results.

Validate the smallest relevant target after each coherent edit, then run the project’s normal functionality tests. Also run:

```sh
cargo check-unsafe2 --manifest-path {cargo_dir_path}/Cargo.toml
```

This checker rejects improperly added unsafe code and newly added unsafe-adjacent implementation code, including raw-pointer arguments or fields and integer-to-pointer casts. Treat checker failures as design feedback: move validation/conversion to an existing legitimate boundary rather than adding exemptions or disguising pointer operations.

If a proposed conversion would require inventing unverifiable lifetimes, creating references to potentially aliased foreign memory, changing ABI semantics, or substantially expanding the patch, record it as a pitfall and choose a safer candidate instead.

Before finishing, update `SAFETY_PLAN.md` concisely with:
- what was actually changed this iteration;
- what is now complete;
- validation commands and outcomes;
- what remains and the best next general category of work;
- any behavioral traps, failed approaches, or dead ends future iterations should avoid.

Keep `SAFETY_PLAN.md` as a working scratchpad, not a report. In the final response, give only a concise summary of changes, safety impact, and validation results.",[0.26746191743655945]
"Continue the incremental Rust safety refactor tracked in `SAFETY_PLAN.md`.

{target_goal}

{after_refactoring_instruction}

Perform one focused, high-value iteration only. Before editing, inspect:

- `SAFETY_PLAN.md`;
- the current diff and working tree;
- relevant definitions, exports, internal and cross-module call sites;
- tests and normal validation commands;
- `Cargo.toml`, build scripts, crate types, target assumptions, and checker configuration.

Choose a coherent change set that removes many genuinely unsafe entities with low behavioral and ABI risk. Prefer a small source diff over a broad algorithm rewrite.

## Candidate selection priority

Prioritize, in this order:

1. **Private read-only `static mut` data**
   - Search for lookup tables, code-order arrays, fixed decoding tables, constants, configuration data, and other globals that are initialized once and never written.
   - Confirm all uses before changing them.
   - Convert only genuinely immutable, non-ABI-writable data to immutable `static` or `const`.
   - Keep large generated table contents byte-for-byte unchanged; alter declarations and access syntax only.
   - Do not mechanically rewrite or regenerate table bodies.
   - Be cautious with `#[no_mangle]`, `#[export_name]`, public globals, or symbols declared by foreign code as writable. Exported data mutability can be part of the C ABI even if Rust currently does not modify it.

2. **Pure scalar helpers**
   - Convert private arithmetic, bit-manipulation, bounds, byte-swap, polynomial, table-index, and status-calculation helpers whose parameters contain no pointers and whose bodies require no unsafe operations.
   - Remove inherited `unsafe extern ""C""` syntax from implementation helpers where no ABI symbol or function-pointer ABI requires it.
   - Preserve the widths and semantics of C types such as `c_ulong`, `off_t`, and `size_t`; do not silently assume a 64-bit target.
   - Preserve intentional C unsigned overflow with explicit wrapping operations where overflow is possible.

3. **Thin ABI wrappers around safe cores**
   - For a self-contained pointer-and-length API, keep exactly one exported C symbol with its original symbol name, ABI, calling convention, parameter types, return type, and sentinel behavior.
   - Put raw-pointer validation and conversion only in the `unsafe extern ""C""` wrapper.
   - Move the implementation into a private or appropriately scoped safe Rust function accepting slices, references, arrays, enums, or `Option`.
   - Do not create a safe function that accepts unchecked foreign pointers or relies on undocumented caller invariants.

Avoid selecting complex compression/decompression state machines, allocator ownership, callbacks, aliased mutable state, or pointer-heavy hot loops unless `SAFETY_PLAN.md` identifies a narrowly verified conversion. Large rewrites of optimized checksum, codec, or generated-table algorithms are high risk and consume excessive output; prefer declaration-only and helper-only improvements first.

## ABI and linkage constraints

Translated C projects may have both an implementation-like Rust function and a separate `#[export_name]` wrapper, while other modules call the symbol through `extern ""C""`. Search the entire repository before renaming, removing, or changing either definition.

Maintain:

- exactly one definition of every required external symbol;
- original C symbol names and calling conventions;
- original scalar parameter and return types;
- `#[repr(C)]` layouts;
- callback signatures;
- public data symbol layout and mutability where externally observable;
- allocation/free pairing and ownership;
- state transitions, error codes, partial-progress reporting, and externally visible state.

Do not treat merely deleting `unsafe` as progress when raw-pointer invariants remain.

## Pointer and slice rules

When converting a foreign pointer and length:

- Preserve the API’s exact null sentinel behavior. Different checksum families may deliberately return different initial/sentinel values for null pointers.
- Check null before `from_raw_parts` or `from_raw_parts_mut`, including when length is zero. Rust does not permit constructing a slice from a null pointer even for an empty slice.
- Validate every representability requirement before slice construction. The total byte size must fit within `isize::MAX`, accounting for element size.
- Do not invent lifetimes for foreign storage.
- Do not form references when the foreign memory may be concurrently mutated or aliased incompatibly.
- Do not use pointer subtraction or ordering unless both pointers are proven to belong to the same live allocation. Prefer tracked lengths or indices.
- Keep each unsafe block minimal and add a short `SAFETY:` justification stating the validated invariants.

Do not introduce raw-pointer parameters or fields into implementation helpers, integer-to-pointer casts, opaque pointer arithmetic, or checker exemptions to reduce the reported count.

## Behavioral preservation

Preserve exact C-compatible behavior, including:

- null-pointer sentinels;
- empty-input behavior;
- error and status codes;
- overflow and wrapping behavior;
- partial progress and output-length updates;
- callback invocation order;
- ownership and free behavior;
- platform-dependent C integer widths;
- endian behavior;
- exported tables and symbol addresses where applicable.

Do not replace an optimized or platform-sensitive algorithm with a new implementation merely to make it safe. In particular, avoid hard-coding `u64`, fixed word widths, or host-endian assumptions when the existing C type may vary by target.

## Tests

Add only compact tests directly related to the selected change set. Prefer:

- known vectors for pure helpers;
- empty input and null sentinel checks for ABI wrappers;
- boundary lengths around internal block sizes;
- overflow values for bounds helpers;
- composition or round-trip properties already supported by the project;
- comparisons between a safe core and its ABI wrapper using valid inputs;
- assertions that returned exported table pointers expose the expected stable entries.

Do not add large test fixtures or duplicate generated data.

## Validation workflow

After each coherent edit, run the smallest relevant check or test. Before finishing, run the project’s normal functionality tests and:

```sh
cargo check-unsafe2 --manifest-path {cargo_dir_path}/Cargo.toml
```

Treat checker failures as design feedback. Do not add allowances or disguise pointer operations. If a candidate requires unverifiable lifetimes, questionable aliasing, ABI changes, or a large rewrite, revert or leave it untouched and record the pitfall.

Review the final diff for accidental formatting churn, generated-table changes, duplicate symbols, platform assumptions, and unrelated edits.

## Plan update and response

Update `SAFETY_PLAN.md` concisely as a working scratchpad with:

- what actually changed in this iteration;
- which category is now complete;
- validation commands and outcomes;
- remaining work and the best next general category;
- any ABI traps, failed approaches, platform assumptions, or dead ends to avoid.

Keep the final response very short: summarize the changed category, the genuine safety impact, and validation results only. Do not print full source files or large diffs.",[0.46916166025179123]
"Continue the incremental Rust safety refactor tracked in `SAFETY_PLAN.md`.

{target_goal}

{after_refactoring_instruction}

Perform one focused, high-value iteration only. Before editing, inspect:

- `SAFETY_PLAN.md`;
- the current diff and working tree;
- relevant definitions, exports, internal and cross-module call sites;
- tests and normal validation commands;
- `Cargo.toml`, build scripts, crate types, target assumptions, and checker configuration.

Choose a coherent change set that removes many genuinely unsafe entities with low behavioral and ABI risk. Prefer a small source diff over a broad algorithm rewrite.

## Candidate selection priority

Prioritize, in this order:

1. **Private read-only `static mut` data**
   - Search for lookup tables, code-order arrays, fixed decoding tables, constants, configuration data, and other globals that are initialized once and never written.
   - Confirm all uses before changing them.
   - Convert only genuinely immutable, non-ABI-writable data to immutable `static` or `const`.
   - Keep large generated table contents byte-for-byte unchanged; alter declarations and access syntax only.
   - Do not mechanically rewrite or regenerate table bodies.
   - Be cautious with `#[no_mangle]`, `#[export_name]`, public globals, or symbols declared by foreign code as writable. Exported data mutability can be part of the C ABI even if Rust currently does not modify it.

2. **Pure scalar helpers**
   - Convert private arithmetic, bit-manipulation, bounds, byte-swap, polynomial, table-index, and status-calculation helpers whose parameters contain no pointers and whose bodies require no unsafe operations.
   - Remove inherited `unsafe extern ""C""` syntax from implementation helpers where no ABI symbol or function-pointer ABI requires it.
   - Preserve the widths and semantics of C types such as `c_ulong`, `off_t`, and `size_t`; do not silently assume a 64-bit target.
   - Preserve intentional C unsigned overflow with explicit wrapping operations where overflow is possible.

3. **Thin ABI wrappers around safe cores**
   - For a self-contained pointer-and-length API, keep exactly one exported C symbol with its original symbol name, ABI, calling convention, parameter types, return type, and sentinel behavior.
   - Put raw-pointer validation and conversion only in the `unsafe extern ""C""` wrapper.
   - Move the implementation into a private or appropriately scoped safe Rust function accepting slices, references, arrays, enums, or `Option`.
   - Do not create a safe function that accepts unchecked foreign pointers or relies on undocumented caller invariants.

Avoid selecting complex compression/decompression state machines, allocator ownership, callbacks, aliased mutable state, or pointer-heavy hot loops unless `SAFETY_PLAN.md` identifies a narrowly verified conversion. Large rewrites of optimized checksum, codec, or generated-table algorithms are high risk and consume excessive output; prefer declaration-only and helper-only improvements first.

## ABI and linkage constraints

Translated C projects may have both an implementation-like Rust function and a separate `#[export_name]` wrapper, while other modules call the symbol through `extern ""C""`. Search the entire repository before renaming, removing, or changing either definition.

Maintain:

- exactly one definition of every required external symbol;
- original C symbol names and calling conventions;
- original scalar parameter and return types;
- `#[repr(C)]` layouts;
- callback signatures;
- public data symbol layout and mutability where externally observable;
- allocation/free pairing and ownership;
- state transitions, error codes, partial-progress reporting, and externally visible state.

Do not treat merely deleting `unsafe` as progress when raw-pointer invariants remain.

## Pointer and slice rules

When converting a foreign pointer and length:

- Preserve the API’s exact null sentinel behavior. Different checksum families may deliberately return different initial/sentinel values for null pointers.
- Check null before `from_raw_parts` or `from_raw_parts_mut`, including when length is zero. Rust does not permit constructing a slice from a null pointer even for an empty slice.
- Validate every representability requirement before slice construction. The total byte size must fit within `isize::MAX`, accounting for element size.
- Do not invent lifetimes for foreign storage.
- Do not form references when the foreign memory may be concurrently mutated or aliased incompatibly.
- Do not use pointer subtraction or ordering unless both pointers are proven to belong to the same live allocation. Prefer tracked lengths or indices.
- Keep each unsafe block minimal and add a short `SAFETY:` justification stating the validated invariants.

Do not introduce raw-pointer parameters or fields into implementation helpers, integer-to-pointer casts, opaque pointer arithmetic, or checker exemptions to reduce the reported count.

## Behavioral preservation

Preserve exact C-compatible behavior, including:

- null-pointer sentinels;
- empty-input behavior;
- error and status codes;
- overflow and wrapping behavior;
- partial progress and output-length updates;
- callback invocation order;
- ownership and free behavior;
- platform-dependent C integer widths;
- endian behavior;
- exported tables and symbol addresses where applicable.

Do not replace an optimized or platform-sensitive algorithm with a new implementation merely to make it safe. In particular, avoid hard-coding `u64`, fixed word widths, or host-endian assumptions when the existing C type may vary by target.

## Tests

Add only compact tests directly related to the selected change set. Prefer:

- known vectors for pure helpers;
- empty input and null sentinel checks for ABI wrappers;
- boundary lengths around internal block sizes;
- overflow values for bounds helpers;
- composition or round-trip properties already supported by the project;
- comparisons between a safe core and its ABI wrapper using valid inputs;
- assertions that returned exported table pointers expose the expected stable entries.

Do not add large test fixtures or duplicate generated data.

## Validation workflow

After each coherent edit, run the smallest relevant check or test. Before finishing, run the project’s normal functionality tests and:

```sh
cargo check-unsafe2 --manifest-path {cargo_dir_path}/Cargo.toml
```

Treat checker failures as design feedback. Do not add allowances or disguise pointer operations. If a candidate requires unverifiable lifetimes, questionable aliasing, ABI changes, or a large rewrite, revert or leave it untouched and record the pitfall.

Review the final diff for accidental formatting churn, generated-table changes, duplicate symbols, platform assumptions, and unrelated edits.

## Plan update and response

Update `SAFETY_PLAN.md` concisely as a working scratchpad with:

- what actually changed in this iteration;
- which category is now complete;
- validation commands and outcomes;
- remaining work and the best next general category;
- any ABI traps, failed approaches, platform assumptions, or dead ends to avoid.

Keep the final response very short: summarize the changed category, the genuine safety impact, and validation results only. Do not print full source files or large diffs.",[0.3897163838827389]
"Continue the incremental safety refactor described in `SAFETY_PLAN.md`.

{target_goal}

{after_refactoring_instruction}

Work in one focused, high-value iteration rather than attempting a broad rewrite. First inspect `SAFETY_PLAN.md`, the current diff, relevant call sites, exports, tests, and build configuration. Select a coherent group of changes likely to remove many unsafe entities with low behavioral risk.

Use this general refactoring strategy:

- Separate C ABI boundaries from Rust implementations:
  - Keep exported symbols, calling conventions, parameter types, return types, and `#[repr(C)]` layouts ABI-compatible.
  - Prefer a thin `unsafe extern ""C""` wrapper for validation and raw-pointer conversion.
  - Move actual logic into private safe Rust functions using slices, references, arrays, enums, and `Option` where appropriate.
  - Do not expose a safe function that accepts unchecked foreign pointers or otherwise requires caller-maintained safety invariants.
- Prioritize easy, high-yield conversions:
  - Pure arithmetic, bit manipulation, bounds calculations, and state-independent helpers.
  - Read-only lookup tables currently declared `static mut`; convert them to immutable `static` or `const` when they are never modified.
  - Generated pointer loops that can be expressed with iterators, indexing, chunks, or slice operations.
  - Internal functions whose only reason for being unsafe is inherited `unsafe extern ""C""` syntax.
- Preserve exact C-compatible behavior:
  - Maintain null-pointer sentinel behavior, error codes, partial progress reporting, overflow behavior, and edge cases.
  - A null pointer must never be passed to `from_raw_parts`, even when the length is zero.
  - Before constructing a slice from a foreign pointer and length, validate every representability constraint required by Rust, including the `isize::MAX` bound where applicable.
  - Preserve intentional unsigned wrapping with explicit wrapping operations when overflow can occur; do not accidentally replace C wrapping behavior with debug-build panics.
  - Preserve callback behavior, ownership, allocation/free pairing, state transitions, and externally visible mutable state.
  - Do not use pointer subtraction or ordering unless both pointers are known to belong to the same live allocation. Prefer tracked lengths or indices where possible.
- Keep unsafe code narrowly localized and justified at genuine FFI or ownership boundaries. Merely deleting an `unsafe` keyword is not progress if unchecked invariants remain.
- Avoid introducing raw pointers, raw-pointer fields, integer-to-pointer casts, or new unsafe helpers into implementation code as a way to silence the checker.
- Avoid large mechanical formatting changes, generated-table rewrites, unrelated cleanup, and speculative architecture changes. Reuse existing tables and types when that keeps the patch small.
- Search all internal and cross-module callers before changing symbol ownership. In translated C projects, internal calls may resolve through exported symbol names rather than normal Rust module paths, so retain exactly one definition for each required external symbol.
- Add or extend compact tests for changed behavior, especially empty inputs, null sentinels, boundary lengths, overflow cases, known vectors, and composition/round-trip properties. Prefer tests that compare the safe core and ABI wrapper or established reference results.

Validate the smallest relevant target after each coherent edit, then run the project’s normal functionality tests. Also run:

```sh
cargo check-unsafe2 --manifest-path {cargo_dir_path}/Cargo.toml
```

This checker rejects improperly added unsafe code and newly added unsafe-adjacent implementation code, including raw-pointer arguments or fields and integer-to-pointer casts. Treat checker failures as design feedback: move validation/conversion to an existing legitimate boundary rather than adding exemptions or disguising pointer operations.

If a proposed conversion would require inventing unverifiable lifetimes, creating references to potentially aliased foreign memory, changing ABI semantics, or substantially expanding the patch, record it as a pitfall and choose a safer candidate instead.

Before finishing, update `SAFETY_PLAN.md` concisely with:
- what was actually changed this iteration;
- what is now complete;
- validation commands and outcomes;
- what remains and the best next general category of work;
- any behavioral traps, failed approaches, or dead ends future iterations should avoid.

Keep `SAFETY_PLAN.md` as a working scratchpad, not a report. In the final response, give only a concise summary of changes, safety impact, and validation results.",[0.3091172892130104]
"Continue the incremental Rust safety refactor documented in `SAFETY_PLAN.md`.

{target_goal}

{after_refactoring_instruction}

This is a C-to-Rust translation of zlib-style checksum, compression, decompression, and gzip streaming code. Preserve its C ABI and bit-exact behavior. A previous iteration reduced the checker’s unsafe-entity count from 6604 to 6421 while functionality tests still passed; treat that only as historical context and use the current tree and `SAFETY_PLAN.md` as the source of truth.

Work in one focused, high-yield iteration. Do not attempt a broad rewrite. Before editing:

1. Read `SAFETY_PLAN.md`.
2. Inspect the current diff and working-tree status so existing work is not reverted or duplicated.
3. Identify the relevant definitions, all internal and cross-module callers, exported symbols/data, tests, build scripts, crate types, and feature/platform configuration.
4. Run or inspect a current unsafe-checker baseline and select a coherent category of changes with low behavioral risk and a meaningful expected reduction.
5. Prefer changes that can be reviewed and validated independently.

Use this priority order:

- Convert private read-only lookup/configuration tables from `static mut` to immutable `static` or `const` when a complete search proves they are never modified. Compression projects contain large precomputed checksum, Huffman, distance, length, braid, and fixed-code tables; making genuinely read-only tables immutable can remove many unsafe accesses without rewriting their contents.
  - Do not mechanically regenerate, reformat, or relocate large tables.
  - Check whether a table is exported or its address is exposed. Preserve symbol name, element type, dimensions, layout, address stability, and required linkage.
  - Do not make externally writable data read-only unless the public C contract establishes that it is constant.
- Convert pure scalar helpers—arithmetic, bit reversal/swapping, finite-field operations, bounds calculations, flag construction, and enum-like decisions—to ordinary safe Rust functions.
  - Preserve C unsigned overflow with explicit `wrapping_*` operations wherever overflow is possible.
  - Preserve signedness, truncation, shifts, sentinel values, and platform-dependent C type widths.
- Remove `unsafe extern ""C""` from private implementation helpers whose arguments and bodies are genuinely safe and pointer-free. Do not merely delete `unsafe` while retaining unchecked raw-pointer invariants.
- Convert a complete pointer loop to indexing, slices, iterators, or chunks only when its allocation, bounds, aliasing, overlap, and lifetime invariants are already established at a legitimate boundary.
- If appropriate, separate a public C ABI entry point from a private safe core:
  - Keep the exported symbol as a thin `unsafe extern ""C""` wrapper with exactly the existing calling convention, parameter types, return type, symbol name, and ABI-visible layouts.
  - Give the core references, slices, arrays, scalar values, `Option`, or a small internal enum.
  - Keep the core private unless there is an established Rust API that must remain public.
  - Do not expose a safe Rust function that accepts foreign pointers or relies on caller-maintained pointer validity.

Translated-C linkage requires special care. Internal modules may call an exported symbol through an `extern ""C""` declaration instead of a Rust module path. Search the whole repository before renaming, moving, or removing a definition. There must remain exactly one definition of every required external symbol. Do not accidentally export both an implementation and a wrapper under the same C name. Retain ABI-compatible `#[repr(C)]` structs, unions, callback types, global data, and allocator/free pairings.

Preserve zlib-compatible behavior exactly, including:

- Checksum null-pointer sentinels. The two checksum families use different null results, and null with zero length can differ from a non-null empty input.
- Special checksum fast paths and reduction schedules, including behavior for non-canonical incoming checksum values, block-boundary reductions, known vectors, and checksum-combine behavior for negative lengths.
- Partial input consumption and output production, stream totals, error codes, dictionary/window history, flush modes, end-of-stream transitions, and reset behavior.
- Gzip header parsing and emission, optional fields, header CRCs, concatenated streams, direct-copy mode, seeking/skipping, EOF state, and nonblocking partial progress.
- Callback invocation order, reentrancy-visible state, allocation failure cleanup, and allocation/free ownership.
- Overlapping history copies. Do not replace intentionally overlap-safe bytewise copying with a non-overlapping copy operation.
- Public table pointers and other address-returning APIs.

At raw-pointer boundaries:

- Check null sentinels before any dereference or slice construction.
- Never pass null to `from_raw_parts` or `from_raw_parts_mut`, even for length zero. For an accepted non-null zero-length input, use an empty slice without constructing it from the foreign pointer.
- Before constructing a slice, validate the Rust representability bound: `len * size_of::<T>() <= isize::MAX`, using checked arithmetic.
- Keep the wrapper unsafe because pointer validity, alignment, initialized memory, allocation membership, and aliasing generally cannot be proven from numeric checks.
- Do not map an unrepresentable non-null length to a null sentinel or invent a new error result unless the C API explicitly defines that behavior. If no faithful safe representation exists, leave that path unsafe and record the reason.
- Do not create `&mut` references to foreign or shared streaming state unless exclusivity is genuinely guaranteed for the reference’s entire lifetime, including across callbacks.
- Do not use pointer subtraction, ordering, or `offset_from` unless both pointers are proven to be within the same live allocation. Prefer tracked lengths, indices, or existing counters.
- Do not introduce raw-pointer helpers, raw-pointer fields, integer-to-pointer casts, provenance round trips, or checker exemptions merely to move unsafe code elsewhere.

Avoid high-risk decoder/encoder state-machine rewrites, allocator ownership redesigns, callback abstraction changes, or lifetime inventions in this iteration unless the selected change is already narrowly supported by existing invariants. Fast compression/decompression loops and window-history code are especially sensitive to pointer provenance, overlap, and partial-progress semantics. If a candidate requires speculative invariants or a large patch, document it as a pitfall and select a safer candidate.

Add compact tests that directly cover the changed category. Depending on the change, include:

- known checksum or bit-manipulation vectors;
- empty input versus null sentinel behavior;
- boundaries immediately below, at, and above block/chunk sizes;
- wrapping/overflow and negative-length sentinels;
- safe-core versus ABI-wrapper equivalence for valid inputs;
- concatenation/combine or round-trip properties;
- table contents, table pointer stability, or fixed-code behavior where tables changed.

Do not add tests that invoke undefined behavior merely to probe invalid foreign pointers.

Validate incrementally after each coherent edit. Use the smallest relevant build/test target first, then run the project’s normal functionality tests and:

```sh
cargo check-unsafe2 --manifest-path {cargo_dir_path}/Cargo.toml
```

Record the unsafe-entity count before and after. Checker failures are design feedback: revise the boundary or abandon the candidate rather than adding exemptions. Also inspect the final diff for accidental table rewrites, broad formatting, duplicate exports, or unrelated changes.

Before finishing, update `SAFETY_PLAN.md` as a concise working scratchpad with:

- the coherent category selected and why;
- what actually changed;
- what is now complete;
- unsafe-entity count before and after;
- validation commands and outcomes;
- remaining work and the best next general category;
- behavioral traps, failed approaches, or candidates deliberately left unsafe.

Keep output and tool usage efficient. Do not print entire source files, generated tables, long diffs, or checker inventories. In the final response, provide only a concise summary of the changes, safety impact/count reduction, preserved behavior, and validation results.",[0.25622199069841933]
"Continue the incremental safety refactor described in `SAFETY_PLAN.md`.

{target_goal}

{after_refactoring_instruction}

Work in one focused, high-value iteration rather than attempting a broad rewrite. First inspect `SAFETY_PLAN.md`, the current diff, relevant call sites, exports, tests, and build configuration. Select a coherent group of changes likely to remove many unsafe entities with low behavioral risk.

Use this general refactoring strategy:

- Separate C ABI boundaries from Rust implementations:
  - Keep exported symbols, calling conventions, parameter types, return types, and `#[repr(C)]` layouts ABI-compatible.
  - Prefer a thin `unsafe extern ""C""` wrapper for validation and raw-pointer conversion.
  - Move actual logic into private safe Rust functions using slices, references, arrays, enums, and `Option` where appropriate.
  - Do not expose a safe function that accepts unchecked foreign pointers or otherwise requires caller-maintained safety invariants.
- Prioritize easy, high-yield conversions:
  - Pure arithmetic, bit manipulation, bounds calculations, and state-independent helpers.
  - Read-only lookup tables currently declared `static mut`; convert them to immutable `static` or `const` when they are never modified.
  - Generated pointer loops that can be expressed with iterators, indexing, chunks, or slice operations.
  - Internal functions whose only reason for being unsafe is inherited `unsafe extern ""C""` syntax.
- Preserve exact C-compatible behavior:
  - Maintain null-pointer sentinel behavior, error codes, partial progress reporting, overflow behavior, and edge cases.
  - A null pointer must never be passed to `from_raw_parts`, even when the length is zero.
  - Before constructing a slice from a foreign pointer and length, validate every representability constraint required by Rust, including the `isize::MAX` bound where applicable.
  - Preserve intentional unsigned wrapping with explicit wrapping operations when overflow can occur; do not accidentally replace C wrapping behavior with debug-build panics.
  - Preserve callback behavior, ownership, allocation/free pairing, state transitions, and externally visible mutable state.
  - Do not use pointer subtraction or ordering unless both pointers are known to belong to the same live allocation. Prefer tracked lengths or indices where possible.
- Keep unsafe code narrowly localized and justified at genuine FFI or ownership boundaries. Merely deleting an `unsafe` keyword is not progress if unchecked invariants remain.
- Avoid introducing raw pointers, raw-pointer fields, integer-to-pointer casts, or new unsafe helpers into implementation code as a way to silence the checker.
- Avoid large mechanical formatting changes, generated-table rewrites, unrelated cleanup, and speculative architecture changes. Reuse existing tables and types when that keeps the patch small.
- Search all internal and cross-module callers before changing symbol ownership. In translated C projects, internal calls may resolve through exported symbol names rather than normal Rust module paths, so retain exactly one definition for each required external symbol.
- Add or extend compact tests for changed behavior, especially empty inputs, null sentinels, boundary lengths, overflow cases, known vectors, and composition/round-trip properties. Prefer tests that compare the safe core and ABI wrapper or established reference results.

Validate the smallest relevant target after each coherent edit, then run the project’s normal functionality tests. Also run:

```sh
cargo check-unsafe2 --manifest-path {cargo_dir_path}/Cargo.toml
```

This checker rejects improperly added unsafe code and newly added unsafe-adjacent implementation code, including raw-pointer arguments or fields and integer-to-pointer casts. Treat checker failures as design feedback: move validation/conversion to an existing legitimate boundary rather than adding exemptions or disguising pointer operations.

If a proposed conversion would require inventing unverifiable lifetimes, creating references to potentially aliased foreign memory, changing ABI semantics, or substantially expanding the patch, record it as a pitfall and choose a safer candidate instead.

Before finishing, update `SAFETY_PLAN.md` concisely with:
- what was actually changed this iteration;
- what is now complete;
- validation commands and outcomes;
- what remains and the best next general category of work;
- any behavioral traps, failed approaches, or dead ends future iterations should avoid.

Keep `SAFETY_PLAN.md` as a working scratchpad, not a report. In the final response, give only a concise summary of changes, safety impact, and validation results.",[0.38753928115843106]
"Continue the incremental Rust safety refactor tracked in `SAFETY_PLAN.md`.

{target_goal}

{after_refactoring_instruction}

This is a C-translated zlib-compatible codebase with many generated checksum, fixed-Huffman, length/distance, base/extra-bit, and ordering tables. The last successful iteration moved one checksum implementation behind safe slice-based cores and reduced the checker count from 6604 to 6524 unsafe entities while functionality tests continued to pass. Treat `SAFETY_PLAN.md` and the current tree as authoritative if those numbers have since changed. Do not revisit already-completed work unless inspection reveals a regression.

Work in one focused, high-yield iteration. Prefer a coherent “immutable data and scalar logic” pass over another isolated function rewrite:

1. Inspect `SAFETY_PLAN.md`, the current diff, build configuration, exports, tests, and all relevant cross-module declarations and uses.
2. Inventory remaining `static mut` items and distinguish:
   - generated/read-only scalar tables;
   - ABI-visible data;
   - pointer-bearing descriptors or callback tables;
   - genuinely mutable state.
3. Select a group of read-only tables and closely related pure scalar helpers that can be converted with low behavioral risk. Aim for a materially larger unsafe-entity reduction than merely deleting a few `unsafe` keywords.
4. Verify immutability before editing:
   - search the entire Rust tree for writes, mutable references, mutable raw addresses, and symbol declarations;
   - consult bundled upstream C sources or headers when available;
   - for exported data, verify that the upstream contract is read-only and that changing the Rust declaration will not violate supported external behavior.
5. Convert only proven read-only data to immutable `static` or `const`. Keep initializers, element types, dimensions, contents, symbol names, visibility, alignment, and `#[repr(C)]` layouts unchanged. Update matching cross-module declarations consistently.
6. Do not mechanically rewrite large generated table bodies. Limit changes to declarations and uses unless a small transformation is required for compilation.
7. Convert nearby arithmetic, bit-manipulation, indexing, and bounds helpers to ordinary safe Rust where their inputs carry no pointer, aliasing, ownership, callback, or lifetime obligations. Pure scalar exported APIs may use safe `extern ""C""` definitions when calling them cannot violate a Rust safety invariant; otherwise retain an unsafe ABI boundary.
8. Preserve exactly one definition of every required external symbol. Translated modules may call through linker-visible symbol names rather than Rust module paths, so search all declarations and callers before moving or renaming implementations.

Do not force pointer-bearing descriptor statics to become immutable if Rust’s `Sync` requirements would require an `unsafe impl`, wrapper type, integer-to-pointer conversion, or other unsafe-adjacent workaround. Record that as a pitfall and choose scalar tables instead. Likewise, avoid callback configuration tables and externally mutable state unless immutability and ABI compatibility are conclusively established.

For any pointer-facing API touched incidentally:

- Keep exported symbol names, calling conventions, parameter and return types, and C layouts ABI-compatible.
- Keep unchecked foreign pointers inside a thin `unsafe extern ""C""` boundary; never expose a safe Rust function that accepts pointers requiring caller-maintained validity.
- Check null sentinels before dereferencing or constructing slices.
- Never pass null to `from_raw_parts` or `from_raw_parts_mut`, including for zero length.
- Validate the full Rust slice representability requirements, including byte-size overflow and the `isize::MAX` bound.
- Preserve error codes, null-sentinel results, empty-input behavior, partial progress, ownership, callbacks, and state transitions.
- Preserve C unsigned overflow with explicit wrapping operations. Do not introduce debug-build panics through ordinary addition, subtraction, or multiplication where C wraps.
- Do not use pointer subtraction or ordering unless both pointers are proven to belong to the same live allocation.
- Do not create mutable references to foreign or shared storage when aliasing cannot be established.

Tests should be compact and focused. For immutable-table conversions, prefer compile-time size/type assertions, representative entry checks, or existing algorithm vectors rather than duplicating table contents. For scalar helpers, cover zero, boundaries, overflow/wrapping, invalid scalar values, and composition properties. If safe cores and ABI wrappers both exist, compare their established results without inventing invalid pointers.

Validate after each coherent edit using the smallest relevant target. Before finishing, run the project’s normal functionality tests and:

```sh
cargo check-unsafe2 --manifest-path {cargo_dir_path}/Cargo.toml
```

Measure the unsafe-entity count before and after and record the actual delta. Treat checker failures as design feedback; do not add exemptions, raw-pointer helper APIs, raw-pointer fields, integer-to-pointer casts, `unsafe impl Sync`, or disguised pointer operations to satisfy it. Do not claim commands passed unless they were run successfully.

Update `SAFETY_PLAN.md` concisely with:

- the table/helper category changed this iteration;
- what is now proven immutable or safe;
- before/after unsafe counts;
- validation commands and outcomes;
- remaining high-value categories;
- ABI, external-mutability, `Sync`, pointer-provenance, or overflow traps discovered;
- failed approaches future iterations should avoid.

Keep the patch and response efficient: do not print full files, generated tables, exhaustive unsafe-entity lists, or the complete diff. In the final response provide only three short bullets covering changes, safety impact/count reduction, and validation results.",[0.3284857821037249]
"Continue the incremental safety refactor described in `SAFETY_PLAN.md`.

{target_goal}

{after_refactoring_instruction}

Work in one focused, high-value iteration rather than attempting a broad rewrite. First inspect `SAFETY_PLAN.md`, the current diff, relevant call sites, exports, tests, and build configuration. Select a coherent group of changes likely to remove many unsafe entities with low behavioral risk.

Use this general refactoring strategy:

- Separate C ABI boundaries from Rust implementations:
  - Keep exported symbols, calling conventions, parameter types, return types, and `#[repr(C)]` layouts ABI-compatible.
  - Prefer a thin `unsafe extern ""C""` wrapper for validation and raw-pointer conversion.
  - Move actual logic into private safe Rust functions using slices, references, arrays, enums, and `Option` where appropriate.
  - Do not expose a safe function that accepts unchecked foreign pointers or otherwise requires caller-maintained safety invariants.
- Prioritize easy, high-yield conversions:
  - Pure arithmetic, bit manipulation, bounds calculations, and state-independent helpers.
  - Read-only lookup tables currently declared `static mut`; convert them to immutable `static` or `const` when they are never modified.
  - Generated pointer loops that can be expressed with iterators, indexing, chunks, or slice operations.
  - Internal functions whose only reason for being unsafe is inherited `unsafe extern ""C""` syntax.
- Preserve exact C-compatible behavior:
  - Maintain null-pointer sentinel behavior, error codes, partial progress reporting, overflow behavior, and edge cases.
  - A null pointer must never be passed to `from_raw_parts`, even when the length is zero.
  - Before constructing a slice from a foreign pointer and length, validate every representability constraint required by Rust, including the `isize::MAX` bound where applicable.
  - Preserve intentional unsigned wrapping with explicit wrapping operations when overflow can occur; do not accidentally replace C wrapping behavior with debug-build panics.
  - Preserve callback behavior, ownership, allocation/free pairing, state transitions, and externally visible mutable state.
  - Do not use pointer subtraction or ordering unless both pointers are known to belong to the same live allocation. Prefer tracked lengths or indices where possible.
- Keep unsafe code narrowly localized and justified at genuine FFI or ownership boundaries. Merely deleting an `unsafe` keyword is not progress if unchecked invariants remain.
- Avoid introducing raw pointers, raw-pointer fields, integer-to-pointer casts, or new unsafe helpers into implementation code as a way to silence the checker.
- Avoid large mechanical formatting changes, generated-table rewrites, unrelated cleanup, and speculative architecture changes. Reuse existing tables and types when that keeps the patch small.
- Search all internal and cross-module callers before changing symbol ownership. In translated C projects, internal calls may resolve through exported symbol names rather than normal Rust module paths, so retain exactly one definition for each required external symbol.
- Add or extend compact tests for changed behavior, especially empty inputs, null sentinels, boundary lengths, overflow cases, known vectors, and composition/round-trip properties. Prefer tests that compare the safe core and ABI wrapper or established reference results.

Validate the smallest relevant target after each coherent edit, then run the project’s normal functionality tests. Also run:

```sh
cargo check-unsafe2 --manifest-path {cargo_dir_path}/Cargo.toml
```

This checker rejects improperly added unsafe code and newly added unsafe-adjacent implementation code, including raw-pointer arguments or fields and integer-to-pointer casts. Treat checker failures as design feedback: move validation/conversion to an existing legitimate boundary rather than adding exemptions or disguising pointer operations.

If a proposed conversion would require inventing unverifiable lifetimes, creating references to potentially aliased foreign memory, changing ABI semantics, or substantially expanding the patch, record it as a pitfall and choose a safer candidate instead.

Before finishing, update `SAFETY_PLAN.md` concisely with:
- what was actually changed this iteration;
- what is now complete;
- validation commands and outcomes;
- what remains and the best next general category of work;
- any behavioral traps, failed approaches, or dead ends future iterations should avoid.

Keep `SAFETY_PLAN.md` as a working scratchpad, not a report. In the final response, give only a concise summary of changes, safety impact, and validation results.",[0.43194437459125073]
"Continue the incremental Rust safety refactor tracked in `SAFETY_PLAN.md`.

{target_goal}

{after_refactoring_instruction}

Complete one focused, high-value iteration. Optimize for the number of genuinely eliminated unsafe entities per unit of patch size and behavioral risk, not for the number of deleted `unsafe` keywords. Keep the response and patch review-efficient: do not print complete source files or generated tables, and give only a concise final summary.

Before editing:

1. Read `SAFETY_PLAN.md`, the current working-tree diff, relevant declarations and call sites, crate exports, tests, and build configuration.
2. Preserve unrelated and pre-existing user changes.
3. Establish the current unsafe-checker baseline if the plan does not already contain a recent one.
4. Search both ordinary Rust call sites and translated-C `extern` declarations. In translated C projects, an internal call may resolve through a linker symbol rather than a Rust module path.
5. For large generated tables, inspect declarations and search for writes programmatically rather than reading or rewriting every table entry.

Choose a coherent candidate group with low behavioral risk and high fan-out. Prefer, in this order:

- Read-only `static mut` lookup/configuration tables that are never written. Convert them to immutable `static` or `const` only after checking all reads, writes, exports, address-taking, and type constraints. Do not change an externally writable symbol or force immutability when the type cannot safely be shared.
- Pure arithmetic, bit-manipulation, byte-order, bounds, combination, and state-independent helpers whose unsafety is inherited only from translated `unsafe extern ""C""` syntax.
- Pointer-processing algorithms that naturally admit a safe core over slices, arrays, references, indices, iterators, or chunks, with a thin FFI wrapper.
- Small families of related functions where one safe core removes unsafety from several callers and exported entry points.

Avoid starting with allocator ownership, callbacks, mutable state machines, aliased stream structures, complex compression/decompression loops, or pointer-heavy copy logic unless the current plan identifies a narrowly provable conversion. Those areas often require unverifiable lifetimes or broader architectural work and are poor candidates for a short iteration.

Use the following boundary pattern:

- Preserve every required C symbol, calling convention, parameter type, return type, and `#[repr(C)]` layout.
- Keep exactly one exported definition for each required symbol. Account for `#[no_mangle]`, `#[export_name]`, linker-visible statics, and cross-module `extern` declarations.
- Put raw-pointer validation and conversion in a narrow `unsafe extern ""C""` wrapper.
- Move implementation logic into private or appropriately scoped safe Rust functions accepting slices, references, arrays, enums, values, or `Option` as warranted.
- Never expose a safe function that accepts unchecked foreign pointers or relies on caller-maintained allocation, validity, aliasing, initialization, or lifetime invariants.
- Prefer a clearly named safe core rather than changing a public Rust function into an incompatible API merely to reuse its name.
- Add a short safety justification at each new or materially changed unsafe operation. Keep unsafe blocks as small as practical.

Foreign pointer conversion rules are strict:

- Never call `from_raw_parts` or `from_raw_parts_mut` with a null pointer, including for length zero.
- For a null pointer, preserve the API’s exact sentinel/error behavior. Do not silently treat every invalid non-null input as the null sentinel unless that behavior is established.
- Before constructing a slice, validate all Rust representability requirements, including element-size multiplication and the `isize::MAX` byte-size bound.
- If the ABI has no compatible way to reject an otherwise unrepresentable pointer/length pair, do not invent semantics. Record the issue and choose another candidate.
- A shared slice requires memory that remains readable and is not concurrently mutated in a way that violates Rust’s rules. A mutable slice additionally requires exclusive access. Do not manufacture references when those guarantees cannot be justified.
- Do not use pointer subtraction, `offset_from`, or pointer ordering unless both pointers are known to be within the same live allocation. Prefer tracked lengths and indices.

Preserve C-compatible behavior exactly:

- Retain null sentinels, error codes, partial-progress reporting, output-parameter update order, callback behavior, state transitions, and allocation/free pairing.
- Preserve intentional unsigned modular arithmetic with explicit `wrapping_*` operations where overflow is possible.
- Check casts and shifts against the actual C aliases in this project. Types such as `c_long` and `c_ulong` are platform-dependent.
- Do not “clean up” suspicious translated expressions, narrowing checks, tautologies, or odd edge cases unless the change is required, independently verified, and covered by tests.
- Keep checksum initialization/null behavior, empty-input behavior, incremental composition, and combine semantics unchanged.
- Preserve table contents and algorithm constants byte-for-byte; avoid regenerating or reformatting large tables.

Do not:

- Add raw-pointer arguments or fields to implementation types.
- Add integer-to-pointer casts, opaque pointer wrappers, broad unsafe helper APIs, or checker exemptions to hide unsafety.
- Move unchecked operations into a nominally safe function.
- perform large mechanical formatting changes, generated-table rewrites, speculative redesigns, or unrelated cleanup.
- Remove an internal symbol before proving that no translated `extern` caller links to it.
- claim validation that was not actually run.

Testing should be compact and targeted. Add or extend tests for applicable cases such as:

- known vectors or established reference outputs;
- empty input versus null sentinel behavior;
- valid ABI-wrapper calls compared with the safe core;
- lengths around chunk/block boundaries;
- incremental composition and combine/round-trip properties;
- negative lengths where the ABI uses signed lengths;
- arithmetic overflow and saturation/sentinel results;
- immutability conversions exercised through their normal consumers.

Do not construct invalid foreign pointers merely to test validation. Valid-pointer wrapper tests must keep the backing allocation alive and satisfy the wrapper’s documented contract.

Validate incrementally:

1. Run formatting only on touched Rust files if supported without reformatting generated code.
2. Run the smallest relevant test or check after each coherent edit.
3. Run the project’s normal functionality tests.
4. Run:

   cargo check-unsafe2 --manifest-path {cargo_dir_path}/Cargo.toml

Treat checker failures as design feedback. This checker counts more than explicit unsafe blocks: unsafe functions, mutable statics, raw-pointer-bearing implementation entities, and unsafe-adjacent operations can all contribute. Do not optimize the metric by disguising invariants. Compare the final result with the baseline and report the actual reduction when available.

If the selected approach would require unverifiable lifetimes, references to potentially aliased foreign memory, changed ABI semantics, external mutability changes, or a broad rewrite, revert that approach, record it as a pitfall, and select a safer candidate.

Before finishing, update `SAFETY_PLAN.md` as a concise working scratchpad containing:

- the exact scope changed in this iteration;
- what category is now complete;
- relevant before/after unsafe-checker counts, if available;
- validation commands and actual outcomes;
- remaining high-value categories;
- the best next general category of work;
- behavioral traps, rejected approaches, ABI/linker constraints, and dead ends future iterations should avoid.

In the final response, provide only:
- a brief summary of the changed category;
- the concrete safety improvement and unsafe-entity reduction, if measured;
- tests/checker commands and outcomes.",[0.2991579347294121]
"Continue the incremental safety refactor described in `SAFETY_PLAN.md`.

{target_goal}

{after_refactoring_instruction}

Work in one focused, high-value iteration rather than attempting a broad rewrite. First inspect `SAFETY_PLAN.md`, the current diff, relevant call sites, exports, tests, and build configuration. Select a coherent group of changes likely to remove many unsafe entities with low behavioral risk.

Use this general refactoring strategy:

- Separate C ABI boundaries from Rust implementations:
  - Keep exported symbols, calling conventions, parameter types, return types, and `#[repr(C)]` layouts ABI-compatible.
  - Prefer a thin `unsafe extern ""C""` wrapper for validation and raw-pointer conversion.
  - Move actual logic into private safe Rust functions using slices, references, arrays, enums, and `Option` where appropriate.
  - Do not expose a safe function that accepts unchecked foreign pointers or otherwise requires caller-maintained safety invariants.
- Prioritize easy, high-yield conversions:
  - Pure arithmetic, bit manipulation, bounds calculations, and state-independent helpers.
  - Read-only lookup tables currently declared `static mut`; convert them to immutable `static` or `const` when they are never modified.
  - Generated pointer loops that can be expressed with iterators, indexing, chunks, or slice operations.
  - Internal functions whose only reason for being unsafe is inherited `unsafe extern ""C""` syntax.
- Preserve exact C-compatible behavior:
  - Maintain null-pointer sentinel behavior, error codes, partial progress reporting, overflow behavior, and edge cases.
  - A null pointer must never be passed to `from_raw_parts`, even when the length is zero.
  - Before constructing a slice from a foreign pointer and length, validate every representability constraint required by Rust, including the `isize::MAX` bound where applicable.
  - Preserve intentional unsigned wrapping with explicit wrapping operations when overflow can occur; do not accidentally replace C wrapping behavior with debug-build panics.
  - Preserve callback behavior, ownership, allocation/free pairing, state transitions, and externally visible mutable state.
  - Do not use pointer subtraction or ordering unless both pointers are known to belong to the same live allocation. Prefer tracked lengths or indices where possible.
- Keep unsafe code narrowly localized and justified at genuine FFI or ownership boundaries. Merely deleting an `unsafe` keyword is not progress if unchecked invariants remain.
- Avoid introducing raw pointers, raw-pointer fields, integer-to-pointer casts, or new unsafe helpers into implementation code as a way to silence the checker.
- Avoid large mechanical formatting changes, generated-table rewrites, unrelated cleanup, and speculative architecture changes. Reuse existing tables and types when that keeps the patch small.
- Search all internal and cross-module callers before changing symbol ownership. In translated C projects, internal calls may resolve through exported symbol names rather than normal Rust module paths, so retain exactly one definition for each required external symbol.
- Add or extend compact tests for changed behavior, especially empty inputs, null sentinels, boundary lengths, overflow cases, known vectors, and composition/round-trip properties. Prefer tests that compare the safe core and ABI wrapper or established reference results.

Validate the smallest relevant target after each coherent edit, then run the project’s normal functionality tests. Also run:

```sh
cargo check-unsafe2 --manifest-path {cargo_dir_path}/Cargo.toml
```

This checker rejects improperly added unsafe code and newly added unsafe-adjacent implementation code, including raw-pointer arguments or fields and integer-to-pointer casts. Treat checker failures as design feedback: move validation/conversion to an existing legitimate boundary rather than adding exemptions or disguising pointer operations.

If a proposed conversion would require inventing unverifiable lifetimes, creating references to potentially aliased foreign memory, changing ABI semantics, or substantially expanding the patch, record it as a pitfall and choose a safer candidate instead.

Before finishing, update `SAFETY_PLAN.md` concisely with:
- what was actually changed this iteration;
- what is now complete;
- validation commands and outcomes;
- what remains and the best next general category of work;
- any behavioral traps, failed approaches, or dead ends future iterations should avoid.

Keep `SAFETY_PLAN.md` as a working scratchpad, not a report. In the final response, give only a concise summary of changes, safety impact, and validation results.",[0.29729332984495294]
"Continue the incremental Rust safety refactor tracked in `SAFETY_PLAN.md`.

{target_goal}

{after_refactoring_instruction}

Perform one focused, high-value iteration. Do not attempt a broad rewrite. Before editing, inspect:

- `SAFETY_PLAN.md`;
- the current working-tree diff;
- the crate manifest, build scripts, features, and target configuration;
- relevant definitions, exports, declarations, and all internal/cross-module call sites;
- existing tests and the project’s normal validation commands;
- the latest unsafe-checker output, if available.

Choose a coherent change set that removes many genuinely unsafe entities with low behavioral and ABI risk. Favor changes that are easy to review and validate, such as:

- pure arithmetic, bit manipulation, bounds calculations, and state-independent helpers;
- private functions marked unsafe only because they inherited translated-C syntax;
- fixed read-only lookup tables incorrectly declared `static mut`;
- pointer loops over known buffers that can be replaced with slices, arrays, indexing, chunks, or iterators;
- families of related C exports that can share one safe implementation.

Do not spend the iteration on deeply stateful allocator, callback, ownership, stream-machine, or overlapping-buffer code unless its invariants are already explicit and locally verifiable.

### Separate ABI boundaries from safe implementations

Keep all required C ABI details unchanged:

- exported symbol names;
- calling conventions;
- parameter and return types;
- integer widths and signedness;
- `#[repr(C)]` struct/union layouts;
- callback types;
- externally visible object symbols.

For an exported function receiving foreign pointers, prefer this structure:

1. A private safe Rust core taking slices, references, arrays, enums, or values.
2. Exactly one thin `unsafe extern ""C""` wrapper owning pointer validation and conversion.
3. Internal Rust callers use the safe core when they already have safe data.
4. Translated modules that resolve calls through an external symbol continue to resolve to the single ABI wrapper.

Never make a function safe if it still accepts unchecked foreign pointers, depends on foreign aliasing/lifetime guarantees, dereferences raw pointers, calls unsafe callbacks, or otherwise requires caller-maintained safety invariants. Merely deleting `unsafe` is not progress.

Search the entire repository before moving or renaming a symbol. Translated C projects often contain an implementation, an `#[export_name]` wrapper, and separate `extern ""C""` declarations in other modules. Preserve exactly one definition of every required external symbol and avoid accidental duplicate or missing exports.

### Pointer and slice rules

At each FFI conversion boundary:

- Preserve the API’s exact null-pointer sentinel behavior. Different APIs may intentionally return different sentinels for null input, even at zero length.
- Validate null before any dereference or slice construction.
- Never pass null to `from_raw_parts` or `from_raw_parts_mut`, including for length zero.
- Prefer returning the established sentinel for null. For a permitted zero-length non-null input, use an empty slice without inspecting or advancing the pointer.
- Validate every Rust representability condition before constructing a slice:
  - byte size must not overflow;
  - total byte size must be at most `isize::MAX`;
  - typed pointers must satisfy alignment;
  - mutable slices require exclusive access for the slice’s lifetime.
- Remember that non-nullness and integer bounds cannot prove that foreign memory is live, initialized, correctly sized, or unaliased. Those residual requirements belong to the unsafe ABI contract; do not claim they were dynamically verified.
- Do not fabricate references with unverifiable lifetimes.
- Do not use pointer subtraction, `offset_from`, or pointer ordering unless both pointers are known to be within the same live allocation. Prefer tracked offsets, lengths, or indices.
- Do not introduce raw-pointer parameters, raw-pointer fields, integer-to-pointer casts, or generic unsafe helpers into implementation code merely to satisfy the checker.

Keep every unavoidable unsafe operation in the narrowest existing FFI, ownership, allocator, or callback boundary. Add a brief `SAFETY:` justification for newly written unsafe blocks.

### Preserve translated C and zlib-style semantics exactly

This code may rely on C-compatible edge behavior. Preserve:

- null sentinels and error codes;
- partial progress and consumed/produced length reporting;
- callback invocation order;
- allocation/free pairing;
- state transitions and externally visible mutable state;
- checksum initialization behavior and composition semantics;
- negative-length handling in combine-style operations;
- unsigned modular arithmetic and overflow behavior.

Use explicit `wrapping_*` operations wherever C unsigned overflow can occur. Do not replace intentional wrapping with ordinary debug-panicking arithmetic. Keep reductions and chunk boundaries equivalent to the original algorithm; checksum implementations commonly bound intermediate sums by processing fixed-size blocks.

When converting a lookup table from `static mut`, first prove by repository-wide search that it is never written. Prefer immutable `static` for large generated tables to keep the patch small. Be cautious with exported mutable object symbols: changing their mutability or storage properties may affect foreign callers even if Rust code only reads them. Convert only when the external contract and ABI permit it.

Do not rewrite large generated tables, reformat unrelated code, or include unchanged generated content in the response. Make surgical edits.

### Testing

Add compact tests directly relevant to the selected change set. Where applicable cover:

- empty input;
- null sentinel behavior through the ABI wrapper;
- one-element and short inputs;
- exact block/chunk boundaries and one byte on either side;
- large inputs crossing multiple blocks;
- overflow-sensitive arithmetic;
- negative and zero lengths;
- known reference vectors;
- incremental/composition properties;
- equality between the safe core and ABI wrapper for valid inputs;
- stable pointers and contents returned by read-only table accessors.

Do not create intentionally invalid foreign references merely for testing. For wrapper tests, call the unsafe wrapper only with valid storage, except for null cases explicitly supported by the API.

### Validation workflow

After each coherent edit, run the smallest relevant check or test. Before finishing, run the project’s normal functionality tests and:

```sh
cargo check-unsafe2 --manifest-path {cargo_dir_path}/Cargo.toml
```

Treat checker failures as design feedback. Do not add exemptions, hide pointer operations behind casts, or move unsafe code into a new helper solely to silence diagnostics. Instead, redesign so conversion occurs at an existing legitimate boundary and implementation logic remains safe.

Review the final diff for:

- ABI drift;
- duplicate or missing symbols;
- accidental formatting churn;
- changed null/error behavior;
- unchecked slice construction;
- lost wrapping arithmetic;
- new unsafe-adjacent implementation code.

### Planning record and response

Update `SAFETY_PLAN.md` concisely as a working scratchpad with:

- what actually changed this iteration;
- what category is now complete;
- the unsafe-entity reduction, if measured;
- validation commands and outcomes;
- remaining work and the best next general category;
- behavioral traps, rejected approaches, checker failures, or dead ends future iterations should avoid.

If a candidate requires speculative lifetimes, unverifiable aliasing assumptions, pointer ordering across unknown allocations, ABI changes, or a substantially larger patch, record the pitfall and choose a safer candidate.

In the final response, provide only a concise summary of:

- the focused changes;
- the genuine safety improvement;
- ABI/behavior preservation;
- tests and checker results.

Do not paste complete files or large generated tables.",[0.09421964269752503]
"Continue the incremental safety refactor described in `SAFETY_PLAN.md`.

{target_goal}

{after_refactoring_instruction}

Work in one focused, high-value iteration rather than attempting a broad rewrite. First inspect `SAFETY_PLAN.md`, the current diff, relevant call sites, exports, tests, and build configuration. Select a coherent group of changes likely to remove many unsafe entities with low behavioral risk.

Use this general refactoring strategy:

- Separate C ABI boundaries from Rust implementations:
  - Keep exported symbols, calling conventions, parameter types, return types, and `#[repr(C)]` layouts ABI-compatible.
  - Prefer a thin `unsafe extern ""C""` wrapper for validation and raw-pointer conversion.
  - Move actual logic into private safe Rust functions using slices, references, arrays, enums, and `Option` where appropriate.
  - Do not expose a safe function that accepts unchecked foreign pointers or otherwise requires caller-maintained safety invariants.
- Prioritize easy, high-yield conversions:
  - Pure arithmetic, bit manipulation, bounds calculations, and state-independent helpers.
  - Read-only lookup tables currently declared `static mut`; convert them to immutable `static` or `const` when they are never modified.
  - Generated pointer loops that can be expressed with iterators, indexing, chunks, or slice operations.
  - Internal functions whose only reason for being unsafe is inherited `unsafe extern ""C""` syntax.
- Preserve exact C-compatible behavior:
  - Maintain null-pointer sentinel behavior, error codes, partial progress reporting, overflow behavior, and edge cases.
  - A null pointer must never be passed to `from_raw_parts`, even when the length is zero.
  - Before constructing a slice from a foreign pointer and length, validate every representability constraint required by Rust, including the `isize::MAX` bound where applicable.
  - Preserve intentional unsigned wrapping with explicit wrapping operations when overflow can occur; do not accidentally replace C wrapping behavior with debug-build panics.
  - Preserve callback behavior, ownership, allocation/free pairing, state transitions, and externally visible mutable state.
  - Do not use pointer subtraction or ordering unless both pointers are known to belong to the same live allocation. Prefer tracked lengths or indices where possible.
- Keep unsafe code narrowly localized and justified at genuine FFI or ownership boundaries. Merely deleting an `unsafe` keyword is not progress if unchecked invariants remain.
- Avoid introducing raw pointers, raw-pointer fields, integer-to-pointer casts, or new unsafe helpers into implementation code as a way to silence the checker.
- Avoid large mechanical formatting changes, generated-table rewrites, unrelated cleanup, and speculative architecture changes. Reuse existing tables and types when that keeps the patch small.
- Search all internal and cross-module callers before changing symbol ownership. In translated C projects, internal calls may resolve through exported symbol names rather than normal Rust module paths, so retain exactly one definition for each required external symbol.
- Add or extend compact tests for changed behavior, especially empty inputs, null sentinels, boundary lengths, overflow cases, known vectors, and composition/round-trip properties. Prefer tests that compare the safe core and ABI wrapper or established reference results.

Validate the smallest relevant target after each coherent edit, then run the project’s normal functionality tests. Also run:

```sh
cargo check-unsafe2 --manifest-path {cargo_dir_path}/Cargo.toml
```

This checker rejects improperly added unsafe code and newly added unsafe-adjacent implementation code, including raw-pointer arguments or fields and integer-to-pointer casts. Treat checker failures as design feedback: move validation/conversion to an existing legitimate boundary rather than adding exemptions or disguising pointer operations.

If a proposed conversion would require inventing unverifiable lifetimes, creating references to potentially aliased foreign memory, changing ABI semantics, or substantially expanding the patch, record it as a pitfall and choose a safer candidate instead.

Before finishing, update `SAFETY_PLAN.md` concisely with:
- what was actually changed this iteration;
- what is now complete;
- validation commands and outcomes;
- what remains and the best next general category of work;
- any behavioral traps, failed approaches, or dead ends future iterations should avoid.

Keep `SAFETY_PLAN.md` as a working scratchpad, not a report. In the final response, give only a concise summary of changes, safety impact, and validation results.",[0.4421673803898529]
"Continue the incremental Rust safety refactor documented in `SAFETY_PLAN.md`.

{target_goal}

{after_refactoring_instruction}

Perform one focused, high-yield iteration. Do not attempt a broad rewrite. Before editing, inspect:

- `SAFETY_PLAN.md`;
- the current git diff and status, preserving prior work;
- the crate/workspace manifests and build configuration;
- exported symbols and translated `extern ""C""` declarations;
- all internal and cross-module call sites for candidate symbols;
- relevant tests;
- the current `cargo check-unsafe2` inventory or unsafe-entity count.

Choose a coherent change set that removes many unsafe entities with low behavioral risk. Prefer, in this order:

1. Read-only lookup tables and descriptors declared `static mut` but never written. Convert them to immutable `static` or `const` without rewriting or reformatting their generated contents. Confirm whether any exported data symbol is contractually writable before changing it; mutability is not encoded in the linker ABI, but external code may still rely on writable storage.
2. Pure arithmetic, bit-manipulation, bounds, checksum-combination, flag, and size-calculation helpers whose unsafety is inherited from generated `unsafe extern ""C""` syntax rather than their operations.
3. Small generated pointer loops that can cleanly become safe slice, array, iterator, indexing, or chunk-based logic.
4. Families of thin forwarding functions that can share a safe core while retaining their individual C ABI exports.

Translated C projects commonly contain both a Rust implementation and a separate `#[export_name = ""...""]` wrapper, while other modules call the symbol through an `extern ""C""` declaration. Search globally before changing ownership or names. Preserve exactly one definition of every required external symbol. Do not accidentally remove a symbol merely because normal Rust call sites are absent.

Use the following architecture:

- Keep every C-facing symbol ABI-compatible: symbol name, calling convention, parameter and return types, integer widths, callback types, and `#[repr(C)]` layouts must remain unchanged.
- Keep raw pointers and caller-maintained invariants in a thin `unsafe extern ""C""` boundary.
- Move substantive logic into private or crate-private safe Rust functions using slices, references, arrays, enums, and `Option` where appropriate.
- Do not expose a safe function that accepts unchecked foreign pointers, raw state handles, or any value whose validity must be guaranteed by the caller.
- Do not add raw-pointer helper functions, raw-pointer fields, integer-to-pointer casts, or disguised pointer operations merely to satisfy the checker.
- Keep each necessary unsafe operation in a narrow, documented block at a genuine FFI, allocation, callback, or ownership boundary.

Preserve C/zlib-style behavior exactly, including:

- null-pointer sentinel results and error codes;
- the distinction between a null pointer with zero length and a non-null empty input when the API distinguishes them;
- partial progress and output-length updates;
- callback invocation order and return handling;
- allocation/free pairing and cleanup on every error path;
- state transitions and externally visible state;
- intentional unsigned wrapping and truncation;
- known-vector results and composition behavior.

For pointer-plus-length inputs:

- Never call `from_raw_parts` or `from_raw_parts_mut` with a null pointer, even for zero length.
- For zero length, avoid touching or converting the foreign pointer when possible; pass an explicit empty slice or sentinel representation to the safe core.
- Before constructing a slice, reject lengths that Rust cannot represent. Check the byte extent against `isize::MAX`, including `len * size_of::<T>()` where the element size is not one, using checked arithmetic.
- Acknowledge that non-nullness and length checks cannot prove that foreign memory is valid, aligned, live, initialized, or non-aliased; those remain documented caller obligations of the unsafe ABI wrapper.
- Do not create mutable references when foreign aliasing may exist.
- Do not use pointer subtraction, ordering, or `offset_from` unless both pointers are known to be within the same live allocation. Prefer tracked lengths and indices.

Preserve overflow semantics deliberately. Generated C code often relies on unsigned modular arithmetic, so use `wrapping_add`, `wrapping_sub`, `wrapping_mul`, or equivalent explicit logic where overflow is possible. Do not introduce debug-build panics by replacing C wrapping behavior with ordinary arithmetic. Be especially cautious when simplifying overflow-detection branches or suspicious translated comparisons; preserve established behavior unless tests and upstream semantics prove the translation is defective.

For immutable-table work:

- Establish that there are no writes using global searches and call-site inspection.
- Change only declarations and the minimum required address-taking/access syntax.
- Avoid regenerating, copying, or mechanically reformatting large tables.
- Prefer immutable access that removes repeated unsafe static accesses throughout hot code.
- Check exported table symbols and pointer-returning accessors so their addresses and element layouts remain stable.

For safe-core extraction:

- Keep ABI wrappers small and validation-first.
- Ensure sentinel checks happen before any dereference.
- Avoid duplicating raw-pointer conversion across multiple wrappers when an existing legitimate ABI boundary can own it, but do not introduce a new unsafe implementation helper solely for deduplication.
- Keep internal arithmetic and iteration entirely safe once input conversion is complete.
- If conversion would require invented lifetimes, unverifiable aliasing assumptions, or a large state-model redesign, document it as a pitfall and select a safer candidate.

Add compact, targeted tests for changed behavior. Favor:

- empty inputs and null sentinels;
- one-element and boundary-length inputs;
- chunk boundaries;
- maximum and overflow-adjacent arithmetic;
- known reference vectors;
- composition, combine, or round-trip properties;
- comparison of a safe core with its ABI wrapper using valid buffers;
- stable exported-pointer/table contents where applicable.

Do not create enormous generated-output diffs or print entire source files. Make surgical edits and inspect diffs with bounded context. After each coherent edit, run the smallest relevant check or test. Then run the project’s normal functionality tests and:

```sh
cargo check-unsafe2 --manifest-path {cargo_dir_path}/Cargo.toml
```

Treat checker failures as design feedback. Do not add exemptions or move raw pointers into nominally safe implementation code. If available, record the unsafe-entity count before and after this iteration. Only report commands actually run and their real outcomes.

Before finishing, update `SAFETY_PLAN.md` as a concise working scratchpad containing:

- the exact category and symbols changed this iteration;
- what is now complete;
- the unsafe-count delta, if reported by the checker;
- validation commands and outcomes;
- remaining high-value categories;
- the best next general category of work;
- behavioral traps, failed approaches, ABI concerns, or dead ends future iterations should avoid.

Keep the final response brief: summarize the changes, the safety impact, unsafe-count reduction if known, and validation results. Do not include full file contents or a long report.",[0.22573210397365673]
"Continue the incremental safety refactor described in `SAFETY_PLAN.md`.

{target_goal}

{after_refactoring_instruction}

Work in one focused, high-value iteration rather than attempting a broad rewrite. First inspect `SAFETY_PLAN.md`, the current diff, relevant call sites, exports, tests, and build configuration. Select a coherent group of changes likely to remove many unsafe entities with low behavioral risk.

Use this general refactoring strategy:

- Separate C ABI boundaries from Rust implementations:
  - Keep exported symbols, calling conventions, parameter types, return types, and `#[repr(C)]` layouts ABI-compatible.
  - Prefer a thin `unsafe extern ""C""` wrapper for validation and raw-pointer conversion.
  - Move actual logic into private safe Rust functions using slices, references, arrays, enums, and `Option` where appropriate.
  - Do not expose a safe function that accepts unchecked foreign pointers or otherwise requires caller-maintained safety invariants.
- Prioritize easy, high-yield conversions:
  - Pure arithmetic, bit manipulation, bounds calculations, and state-independent helpers.
  - Read-only lookup tables currently declared `static mut`; convert them to immutable `static` or `const` when they are never modified.
  - Generated pointer loops that can be expressed with iterators, indexing, chunks, or slice operations.
  - Internal functions whose only reason for being unsafe is inherited `unsafe extern ""C""` syntax.
- Preserve exact C-compatible behavior:
  - Maintain null-pointer sentinel behavior, error codes, partial progress reporting, overflow behavior, and edge cases.
  - A null pointer must never be passed to `from_raw_parts`, even when the length is zero.
  - Before constructing a slice from a foreign pointer and length, validate every representability constraint required by Rust, including the `isize::MAX` bound where applicable.
  - Preserve intentional unsigned wrapping with explicit wrapping operations when overflow can occur; do not accidentally replace C wrapping behavior with debug-build panics.
  - Preserve callback behavior, ownership, allocation/free pairing, state transitions, and externally visible mutable state.
  - Do not use pointer subtraction or ordering unless both pointers are known to belong to the same live allocation. Prefer tracked lengths or indices where possible.
- Keep unsafe code narrowly localized and justified at genuine FFI or ownership boundaries. Merely deleting an `unsafe` keyword is not progress if unchecked invariants remain.
- Avoid introducing raw pointers, raw-pointer fields, integer-to-pointer casts, or new unsafe helpers into implementation code as a way to silence the checker.
- Avoid large mechanical formatting changes, generated-table rewrites, unrelated cleanup, and speculative architecture changes. Reuse existing tables and types when that keeps the patch small.
- Search all internal and cross-module callers before changing symbol ownership. In translated C projects, internal calls may resolve through exported symbol names rather than normal Rust module paths, so retain exactly one definition for each required external symbol.
- Add or extend compact tests for changed behavior, especially empty inputs, null sentinels, boundary lengths, overflow cases, known vectors, and composition/round-trip properties. Prefer tests that compare the safe core and ABI wrapper or established reference results.

Validate the smallest relevant target after each coherent edit, then run the project’s normal functionality tests. Also run:

```sh
cargo check-unsafe2 --manifest-path {cargo_dir_path}/Cargo.toml
```

This checker rejects improperly added unsafe code and newly added unsafe-adjacent implementation code, including raw-pointer arguments or fields and integer-to-pointer casts. Treat checker failures as design feedback: move validation/conversion to an existing legitimate boundary rather than adding exemptions or disguising pointer operations.

If a proposed conversion would require inventing unverifiable lifetimes, creating references to potentially aliased foreign memory, changing ABI semantics, or substantially expanding the patch, record it as a pitfall and choose a safer candidate instead.

Before finishing, update `SAFETY_PLAN.md` concisely with:
- what was actually changed this iteration;
- what is now complete;
- validation commands and outcomes;
- what remains and the best next general category of work;
- any behavioral traps, failed approaches, or dead ends future iterations should avoid.

Keep `SAFETY_PLAN.md` as a working scratchpad, not a report. In the final response, give only a concise summary of changes, safety impact, and validation results.",[0.28492058002415005]
"Continue the incremental Rust safety refactor tracked in `SAFETY_PLAN.md`.

{target_goal}

{after_refactoring_instruction}

Perform one focused, high-yield iteration. Do not attempt a broad rewrite. Before editing, inspect:

- `SAFETY_PLAN.md`;
- the current working-tree diff;
- the crate manifest, build scripts, feature flags, and normal validation commands;
- definitions, exports, `extern` declarations, and every internal or cross-module caller of candidate symbols;
- existing tests and any unsafe-entity checker output or baseline counts.

Choose a coherent change set that removes many genuinely unsafe entities with low semantic and performance risk. In translated C code, the best initial candidates are usually pure arithmetic or bit-manipulation helpers, generated pointer loops with obvious bounds, and read-only lookup/configuration data incorrectly declared `static mut`.

Use these rules:

1. Preserve ABI and symbol ownership
- Keep every required exported symbol’s name, calling convention, parameter and return types, and `#[repr(C)]` layout unchanged.
- Retain exactly one definition of each external symbol.
- Remember that translated modules may call one another through `extern ""C""` declarations that resolve by linker symbol rather than Rust module paths.
- Before renaming, privatizing, or changing a Rust signature, search all callers and exports.
- Do not change an existing public Rust API to a slice-based signature unless repository call sites and compatibility expectations clearly permit it. Prefer a distinctly named private or `pub(crate)` safe core behind the unchanged ABI entry point.

2. Separate unsafe boundaries from safe implementation
- Exported pointer-taking functions should remain thin `unsafe extern ""C""` wrappers.
- The wrapper may validate sentinel conditions and convert validated foreign memory to slices or references in a small, documented unsafe block.
- Put computation in ordinary safe Rust functions taking slices, arrays, references, enums, values, or `Option`.
- Never expose a safe function that accepts unchecked raw pointers or relies on undocumented caller-maintained validity, aliasing, initialization, or lifetime invariants.
- Do not move raw pointers into new implementation structs or helpers merely to satisfy the checker.

3. Preserve exact C behavior
- Preserve null-pointer sentinel behavior, including whether null is accepted for zero length and the order in which special cases are evaluated.
- Never call `from_raw_parts` or `from_raw_parts_mut` with null, even for zero length.
- Before constructing a slice, check all Rust representability requirements, including byte-size overflow and the `isize::MAX` bound. If the ABI has no compatible result for rejecting an unrepresentable length, do not force that conversion; choose another candidate and record the obstacle.
- Slice conversion does not prove allocation length or pointer validity; those remain part of the unsafe FFI contract and must not be hidden behind a safe raw-pointer API.
- Preserve error codes, partial progress, output counters, callback behavior, state transitions, ownership, and allocation/free pairing.
- Preserve C-width arithmetic. Use explicit `wrapping_*` operations where C unsigned overflow is intentional, and retain masks or truncations required on platforms where C integer widths differ.
- Avoid pointer subtraction, ordering, or `offset_from` unless both pointers are known to be within the same live allocation. Prefer tracked lengths and indices.
- Do not create Rust references to foreign data when aliasing or lifetime guarantees cannot be established.

4. Prefer low-risk, measurable conversions
- Convert private read-only primitive arrays and tables from `static mut` to immutable `static` or `const` only after confirming there are no writes.
- For externally visible data symbols, preserve symbol visibility, type, and C mutability expectations; do not silently make an ABI-visible mutable object immutable.
- Convert pure helpers from `unsafe extern ""C""` to normal safe Rust only when they have no ABI role and no hidden unsafe preconditions.
- Replace pointer iteration with bounded indexing, iterators, chunks, or slice operations where bounds are explicit.
- Avoid rewriting enormous generated tables; change only their declarations and necessary access sites.
- Do not replace a tuned hot-path algorithm with a much slower generic implementation solely to reduce unsafe counts unless performance impact is known to be acceptable. Prefer preserving algorithm structure while making bounded access safe.
- Leave pointer-rich state machines, callback-driven ownership code, custom allocators, and complex overlapping-copy logic for later unless the selected change has clearly provable invariants.

5. Keep unsafe code honest and local
- Every remaining/new unsafe block should be at a genuine FFI, allocation, callback, union-access, or ownership boundary and should have a concise `SAFETY:` justification where project style permits.
- Merely deleting `unsafe` from a signature while retaining unchecked invariants is not progress.
- Do not add checker exemptions, integer-to-pointer casts, raw-pointer fields, broad unsafe helpers, or disguised pointer arithmetic.
- Do not introduce panics across the C ABI. Avoid `unwrap`, `expect`, bounds panics, and debug-overflow panics on foreign-controlled paths unless the invariant has already been validated.

6. Test changed semantics compactly
Add or extend only targeted tests. Depending on the selected group, cover:
- empty and one-element inputs;
- null sentinels and zero-length behavior;
- chunk/block boundaries;
- maximum or overflow-adjacent arithmetic;
- known vectors or established reference outputs;
- incremental/composition equivalence;
- safe-core versus ABI-wrapper agreement for valid inputs.

Do not fabricate invalid non-null pointers in tests. Do not invoke foreign-pointer wrappers with lengths exceeding the actual allocation.

Validation workflow:
1. Run the smallest relevant `cargo check` or test target after each coherent edit.
2. Run the project’s normal functionality tests.
3. Run:
   `cargo check-unsafe2 --manifest-path {cargo_dir_path}/Cargo.toml`
4. If available, compare unsafe-entity counts before and after. The iteration should produce a real reduction, not just relocate unsafe code.
5. Treat checker failures as design feedback. Rework the boundary or select a safer candidate rather than adding exemptions.

If a candidate requires unverifiable lifetimes, questionable aliasing assumptions, unsupported rejection behavior for huge lengths, changes ABI-visible mutability, risks duplicate symbols, or substantially expands the patch, stop and record it as a pitfall instead of forcing the conversion.

Before finishing, update `SAFETY_PLAN.md` as a concise working scratchpad containing:
- the exact coherent group changed;
- the safety improvement and, if known, unsafe-count reduction;
- tests/checks run and their actual outcomes;
- what remains and the best next general category;
- any failed approach or behavioral/ABI/performance trap future iterations should avoid.

Keep the patch and response compact. Do not reproduce unchanged source files or generated tables in the response. The final response must contain only a concise summary of the changes, safety impact, and validation results, and must not claim commands passed unless they were actually run.",[0.28330170993582937]
"Continue the incremental safety refactor described in `SAFETY_PLAN.md`.

{target_goal}

{after_refactoring_instruction}

Work in one focused, high-value iteration rather than attempting a broad rewrite. First inspect `SAFETY_PLAN.md`, the current diff, relevant call sites, exports, tests, and build configuration. Select a coherent group of changes likely to remove many unsafe entities with low behavioral risk.

Use this general refactoring strategy:

- Separate C ABI boundaries from Rust implementations:
  - Keep exported symbols, calling conventions, parameter types, return types, and `#[repr(C)]` layouts ABI-compatible.
  - Prefer a thin `unsafe extern ""C""` wrapper for validation and raw-pointer conversion.
  - Move actual logic into private safe Rust functions using slices, references, arrays, enums, and `Option` where appropriate.
  - Do not expose a safe function that accepts unchecked foreign pointers or otherwise requires caller-maintained safety invariants.
- Prioritize easy, high-yield conversions:
  - Pure arithmetic, bit manipulation, bounds calculations, and state-independent helpers.
  - Read-only lookup tables currently declared `static mut`; convert them to immutable `static` or `const` when they are never modified.
  - Generated pointer loops that can be expressed with iterators, indexing, chunks, or slice operations.
  - Internal functions whose only reason for being unsafe is inherited `unsafe extern ""C""` syntax.
- Preserve exact C-compatible behavior:
  - Maintain null-pointer sentinel behavior, error codes, partial progress reporting, overflow behavior, and edge cases.
  - A null pointer must never be passed to `from_raw_parts`, even when the length is zero.
  - Before constructing a slice from a foreign pointer and length, validate every representability constraint required by Rust, including the `isize::MAX` bound where applicable.
  - Preserve intentional unsigned wrapping with explicit wrapping operations when overflow can occur; do not accidentally replace C wrapping behavior with debug-build panics.
  - Preserve callback behavior, ownership, allocation/free pairing, state transitions, and externally visible mutable state.
  - Do not use pointer subtraction or ordering unless both pointers are known to belong to the same live allocation. Prefer tracked lengths or indices where possible.
- Keep unsafe code narrowly localized and justified at genuine FFI or ownership boundaries. Merely deleting an `unsafe` keyword is not progress if unchecked invariants remain.
- Avoid introducing raw pointers, raw-pointer fields, integer-to-pointer casts, or new unsafe helpers into implementation code as a way to silence the checker.
- Avoid large mechanical formatting changes, generated-table rewrites, unrelated cleanup, and speculative architecture changes. Reuse existing tables and types when that keeps the patch small.
- Search all internal and cross-module callers before changing symbol ownership. In translated C projects, internal calls may resolve through exported symbol names rather than normal Rust module paths, so retain exactly one definition for each required external symbol.
- Add or extend compact tests for changed behavior, especially empty inputs, null sentinels, boundary lengths, overflow cases, known vectors, and composition/round-trip properties. Prefer tests that compare the safe core and ABI wrapper or established reference results.

Validate the smallest relevant target after each coherent edit, then run the project’s normal functionality tests. Also run:

```sh
cargo check-unsafe2 --manifest-path {cargo_dir_path}/Cargo.toml
```

This checker rejects improperly added unsafe code and newly added unsafe-adjacent implementation code, including raw-pointer arguments or fields and integer-to-pointer casts. Treat checker failures as design feedback: move validation/conversion to an existing legitimate boundary rather than adding exemptions or disguising pointer operations.

If a proposed conversion would require inventing unverifiable lifetimes, creating references to potentially aliased foreign memory, changing ABI semantics, or substantially expanding the patch, record it as a pitfall and choose a safer candidate instead.

Before finishing, update `SAFETY_PLAN.md` concisely with:
- what was actually changed this iteration;
- what is now complete;
- validation commands and outcomes;
- what remains and the best next general category of work;
- any behavioral traps, failed approaches, or dead ends future iterations should avoid.

Keep `SAFETY_PLAN.md` as a working scratchpad, not a report. In the final response, give only a concise summary of changes, safety impact, and validation results.",[0.39927964050958753]
"Continue the incremental Rust safety refactor described in `SAFETY_PLAN.md`.

{target_goal}

{after_refactoring_instruction}

Perform one focused, high-yield iteration. Do not attempt a broad rewrite. First inspect:

- `SAFETY_PLAN.md` and the current working-tree diff;
- the unsafe-checker output or current unsafe-entity inventory;
- relevant definitions, internal and cross-module call sites, exports, tests, and build configuration;
- the project’s normal validation commands.

The historical baseline was 6,604 unsafe entities, and the latest evaluated iteration reduced that to 6,353 while passing functionality tests. Treat the repository and `SAFETY_PLAN.md` as authoritative if the current state differs. Preserve prior safety improvements rather than redoing them.

Choose a coherent group of changes that removes many genuinely unsafe entities with low behavioral and ABI risk. Prefer, in roughly this order:

1. Read-only `static mut` data that is never modified. Convert it to immutable `static` or `const` after checking all writes, exported-symbol requirements, and whether foreign callers are contractually permitted to mutate it.
2. Pure arithmetic, bit manipulation, lookup, bounds, and format-calculation helpers whose unsafety is inherited only from translated C syntax.
3. Pointer loops over storage with already-established lengths that can be moved behind a safe slice/array core and expressed with indexing, iterators, chunks, or copy operations.
4. Families of closely related ABI entry points that can share one safe implementation and thin wrappers.

Avoid complex state machines, allocator ownership, callbacks, self-referential state, or pointer-heavy compression/decompression loops unless the invariants are already explicit and the conversion remains small.

Use the following design rules:

- Keep C ABI boundaries ABI-compatible:
  - Preserve exported symbol names, calling conventions, parameter and return types, integer widths, and `#[repr(C)]` layouts.
  - Retain exactly one definition for every required external symbol.
  - Remember that translated C modules may call one another through `extern ""C""` symbol lookup rather than Rust module paths.
- Put unchecked foreign-pointer handling only in a narrow `unsafe extern ""C""` wrapper.
  - Validate null sentinels and all representability constraints before constructing slices, including byte-size overflow and the `isize::MAX` bound.
  - Never call `from_raw_parts` or `from_raw_parts_mut` with a null pointer, even for length zero.
  - Add a short safety comment for each new or materially changed unsafe operation.
- Move implementation logic into private or `pub(crate)` safe functions taking slices, references, arrays, enums, or `Option` only when those types fully encode the required invariants.
  - Do not expose a safe function accepting raw pointers or relying on undocumented caller-maintained validity, aliasing, initialization, or lifetime guarantees.
  - Do not merely remove `unsafe` from a function while leaving unchecked pointer invariants inside it.
- Search and update every Rust caller before changing an implementation signature. Do not accidentally break internal code that expects the translated raw-pointer signature.
- Do not introduce raw-pointer fields, pointer-carrying implementation types, integer-to-pointer casts, or new unsafe helper layers to satisfy the checker.
- Do not manufacture references to foreign or internal memory when aliasing cannot be proven. If safe references would impose stronger aliasing guarantees than the C API provides, leave that boundary unsafe and select another candidate.
- Use pointer subtraction, comparison, or ordering only when both pointers are proven to belong to the same live allocation. Prefer tracked lengths and indices.
- Preserve exact C-compatible behavior:
  - null-pointer sentinel results;
  - error codes and validation order where externally observable;
  - partial progress and output-length updates;
  - callback invocation order;
  - ownership and allocation/free pairing;
  - state transitions and externally visible mutable state;
  - integer conversion behavior and platform-dependent C type widths.
- Preserve intentional C unsigned overflow with explicit wrapping operations. Do not introduce debug-build panics.
- For checksum-style block accumulation, retain periodic reduction bounds needed on platforms where C integer types may be narrower. Do not assume every `c_ulong` is 64-bit.
- Do not rewrite large generated tables or reformat unrelated code. A declaration-only mutability change is preferable to touching table contents.
- Do not replace a proven optimized algorithm with a simpler one unless tests establish compatibility and the performance change is acceptable for the project.

Measure progress by eliminated unsafe entities, not by deleted keywords. A remaining thin ABI wrapper is appropriate when it is the genuine foreign-memory boundary.

Add compact tests targeted to the changed behavior. Depending on the candidate, cover:

- empty input and null-sentinel behavior;
- zero and maximum relevant lengths;
- overflow and narrowing boundaries;
- known vectors or established reference values;
- incremental/composition/round-trip properties;
- agreement between the safe core and ABI wrapper;
- immutability-sensitive lookup behavior.

Keep tests small and avoid duplicating large generated data.

Validate after each coherent edit using the smallest relevant build or test target. Before finishing, run the project’s normal functionality tests and:

```sh
cargo check-unsafe2 --manifest-path {cargo_dir_path}/Cargo.toml
```

Treat checker failures as design feedback. Move conversion or validation to an existing legitimate ABI/ownership boundary rather than adding exemptions, disguising pointer operations, or expanding the unsafe surface. If a command cannot run, report that accurately rather than claiming success.

If a candidate requires unverifiable lifetimes, potentially aliased mutable references, assumptions about foreign allocation provenance, changed ABI semantics, or a large cascading patch, revert or avoid it and record the dead end in `SAFETY_PLAN.md`.

Before finishing, update `SAFETY_PLAN.md` as a concise working scratchpad with:

- what actually changed in this iteration;
- the concrete safety impact, including unsafe-entity count change if available;
- what category is now complete;
- exact validation commands and outcomes;
- what remains and the best next general category;
- behavioral traps, failed approaches, or dead ends to avoid.

Keep output and execution time economical: edit only the necessary files, do not reproduce complete files or large tables in the response, and do not narrate routine exploration. The final response must contain only a concise summary of changes, safety impact, and validation results.",[0.05403089693328311]
"Continue the incremental safety refactor described in `SAFETY_PLAN.md`.

{target_goal}

{after_refactoring_instruction}

Work in one focused, high-value iteration rather than attempting a broad rewrite. First inspect `SAFETY_PLAN.md`, the current diff, relevant call sites, exports, tests, and build configuration. Select a coherent group of changes likely to remove many unsafe entities with low behavioral risk.

Use this general refactoring strategy:

- Separate C ABI boundaries from Rust implementations:
  - Keep exported symbols, calling conventions, parameter types, return types, and `#[repr(C)]` layouts ABI-compatible.
  - Prefer a thin `unsafe extern ""C""` wrapper for validation and raw-pointer conversion.
  - Move actual logic into private safe Rust functions using slices, references, arrays, enums, and `Option` where appropriate.
  - Do not expose a safe function that accepts unchecked foreign pointers or otherwise requires caller-maintained safety invariants.
- Prioritize easy, high-yield conversions:
  - Pure arithmetic, bit manipulation, bounds calculations, and state-independent helpers.
  - Read-only lookup tables currently declared `static mut`; convert them to immutable `static` or `const` when they are never modified.
  - Generated pointer loops that can be expressed with iterators, indexing, chunks, or slice operations.
  - Internal functions whose only reason for being unsafe is inherited `unsafe extern ""C""` syntax.
- Preserve exact C-compatible behavior:
  - Maintain null-pointer sentinel behavior, error codes, partial progress reporting, overflow behavior, and edge cases.
  - A null pointer must never be passed to `from_raw_parts`, even when the length is zero.
  - Before constructing a slice from a foreign pointer and length, validate every representability constraint required by Rust, including the `isize::MAX` bound where applicable.
  - Preserve intentional unsigned wrapping with explicit wrapping operations when overflow can occur; do not accidentally replace C wrapping behavior with debug-build panics.
  - Preserve callback behavior, ownership, allocation/free pairing, state transitions, and externally visible mutable state.
  - Do not use pointer subtraction or ordering unless both pointers are known to belong to the same live allocation. Prefer tracked lengths or indices where possible.
- Keep unsafe code narrowly localized and justified at genuine FFI or ownership boundaries. Merely deleting an `unsafe` keyword is not progress if unchecked invariants remain.
- Avoid introducing raw pointers, raw-pointer fields, integer-to-pointer casts, or new unsafe helpers into implementation code as a way to silence the checker.
- Avoid large mechanical formatting changes, generated-table rewrites, unrelated cleanup, and speculative architecture changes. Reuse existing tables and types when that keeps the patch small.
- Search all internal and cross-module callers before changing symbol ownership. In translated C projects, internal calls may resolve through exported symbol names rather than normal Rust module paths, so retain exactly one definition for each required external symbol.
- Add or extend compact tests for changed behavior, especially empty inputs, null sentinels, boundary lengths, overflow cases, known vectors, and composition/round-trip properties. Prefer tests that compare the safe core and ABI wrapper or established reference results.

Validate the smallest relevant target after each coherent edit, then run the project’s normal functionality tests. Also run:

```sh
cargo check-unsafe2 --manifest-path {cargo_dir_path}/Cargo.toml
```

This checker rejects improperly added unsafe code and newly added unsafe-adjacent implementation code, including raw-pointer arguments or fields and integer-to-pointer casts. Treat checker failures as design feedback: move validation/conversion to an existing legitimate boundary rather than adding exemptions or disguising pointer operations.

If a proposed conversion would require inventing unverifiable lifetimes, creating references to potentially aliased foreign memory, changing ABI semantics, or substantially expanding the patch, record it as a pitfall and choose a safer candidate instead.

Before finishing, update `SAFETY_PLAN.md` concisely with:
- what was actually changed this iteration;
- what is now complete;
- validation commands and outcomes;
- what remains and the best next general category of work;
- any behavioral traps, failed approaches, or dead ends future iterations should avoid.

Keep `SAFETY_PLAN.md` as a working scratchpad, not a report. In the final response, give only a concise summary of changes, safety impact, and validation results.",[0.358215692881553]
"Continue the incremental Rust safety refactor documented in `SAFETY_PLAN.md`.

{target_goal}

{after_refactoring_instruction}

Perform one focused, high-yield iteration. Do not attempt a broad rewrite. Before editing, inspect:

- `SAFETY_PLAN.md`;
- the current working-tree diff, preserving unrelated changes;
- the unsafe-checker baseline and its classification of unsafe functions, mutable statics, raw-pointer fields, and other unsafe entities;
- relevant definitions, exports, cross-module declarations, call sites, tests, target configuration, and build scripts.

Choose a coherent change set that removes many checker-reported unsafe entities with low behavioral and ABI risk. Prefer, in this order:

1. Read-only lookup tables and descriptors declared `static mut` but never modified. Convert only genuinely immutable data to immutable `static` or `const`, and update reads accordingly without rewriting large generated initializers.
2. Pure arithmetic, bit manipulation, bounds, table-index, and state-independent helpers whose `unsafe` status is inherited from translated C syntax rather than required by their operations.
3. Internal pointer loops for which the owning boundary already proves a concrete allocation and length, allowing a safe slice-based core.
4. Thin forwarding functions that can become ordinary safe Rust functions without accepting unchecked pointers or moving pointer invariants into safe code.

Do not select complex state-machine, allocator, callback, aliasing, or ownership code merely because it contains many unsafe operations. If a candidate requires speculative lifetimes, references to possibly aliased foreign storage, or a large architectural change, record the pitfall and choose a safer candidate.

Maintain ABI and translated-C behavior exactly:

- Keep each required exported symbol defined exactly once.
- Preserve symbol names, calling conventions, parameter and return types, callback types, and `#[repr(C)]` layouts.
- Search textual `extern` declarations and cross-module callers before renaming or changing symbol ownership. In translated C crates, internal calls often link through exported symbol names rather than Rust module paths.
- Do not turn an exported C entry point itself into a Rust slice/reference API. Keep a thin `unsafe extern ""C""` wrapper where foreign pointers or caller-provided storage are involved, and move only validated computation into a private or `pub(crate)` safe core.
- Do not expose a safe function that accepts raw pointers, unchecked lengths, foreign handles, or other caller-maintained safety invariants.
- Preserve null-pointer sentinel semantics exactly, including the distinction between a null pointer and a valid empty buffer. Never call `from_raw_parts` or `from_raw_parts_mut` with null, even for length zero.
- A non-null address, an address-overflow check, and an `isize::MAX` check do not prove that foreign memory is live, initialized, aligned, or belongs to an allocation of the requested size. Those properties remain the unsafe FFI caller’s contract. Do not pretend malformed pointers can be fully validated or map arbitrary non-null invalid pointers to a null sentinel unless the API explicitly specifies that behavior.
- Before constructing a slice at a legitimate boundary, check all representability conditions Rust requires, including byte-size overflow and the `isize::MAX` bound. For element types larger than one byte, validate `len * size_of::<T>()`, not just `len`.
- Avoid creating simultaneous Rust references when foreign buffers may overlap or alias. If overlap is permitted, retain pointer-based boundary operations or use an operation with the correct overlap semantics.
- Preserve error codes, output-parameter update order, partial progress, callback timing, state transitions, ownership, and allocation/free pairing.
- Preserve C unsigned wrapping explicitly with `wrapping_*` operations wherever overflow is possible. Remember that C aliases such as `unsigned long` can vary in width by target.
- Do not use pointer subtraction, ordering, or `offset_from` unless both pointers are already known to be within the same live allocation. Prefer tracked lengths and indices.
- Do not change externally writable exported data into read-only storage unless the public ABI and all callers establish that it is const. Private generated tables that are only read are better candidates.
- Do not add raw-pointer arguments or fields, integer-to-pointer casts, helper wrappers around unchecked pointer operations, checker exemptions, or broad `allow` attributes to reduce the reported count.
- Removing an `unsafe` keyword is useful only when the resulting function is genuinely safe to call.

Keep the patch small and reviewable:

- Avoid formatting unchanged generated tables or whole files.
- Reuse existing types and table initializers.
- Do not duplicate implementation and export-wrapper symbols.
- Keep unsafe blocks narrowly scoped and add a brief `SAFETY:` explanation for each newly written unsafe operation.
- Do not print complete source files in the response; edit the repository directly.

Add compact tests for the changed category. Depending on the selected work, cover representative known vectors, empty inputs, null sentinels, boundary indices or lengths, overflow behavior, and composition/round-trip properties. When introducing a safe core, compare it against established results and, where practical, exercise the ABI wrapper with valid storage. Do not write tests that intentionally dereference invalid foreign pointers.

Validate incrementally using the smallest relevant command after each coherent edit. Then run the project’s normal functionality tests and:

```sh
cargo check-unsafe2 --manifest-path {cargo_dir_path}/Cargo.toml
```

Compare the unsafe-entity result with the baseline and confirm that no forbidden unsafe-adjacent implementation constructs were introduced. Treat checker failures as design feedback rather than suppressing them. If the full test suite is unavailable or blocked by the environment, run the strongest available subset and report the exact limitation without claiming success.

Before finishing, update `SAFETY_PLAN.md` as a concise working scratchpad containing:

- the category and exact scope changed this iteration;
- what is now complete;
- the unsafe-checker delta, if reported;
- validation commands and outcomes;
- remaining high-value categories;
- behavioral traps and rejected approaches, especially ABI symbol ownership, null sentinels, pointer provenance, aliasing, and externally mutable data.

In the final response, provide only a concise summary of the changes, their safety impact, the unsafe-entity reduction, and validation results.",[0.24401296132688943]
"Continue the incremental safety refactor described in `SAFETY_PLAN.md`.

{target_goal}

{after_refactoring_instruction}

Work in one focused, high-value iteration rather than attempting a broad rewrite. First inspect `SAFETY_PLAN.md`, the current diff, relevant call sites, exports, tests, and build configuration. Select a coherent group of changes likely to remove many unsafe entities with low behavioral risk.

Use this general refactoring strategy:

- Separate C ABI boundaries from Rust implementations:
  - Keep exported symbols, calling conventions, parameter types, return types, and `#[repr(C)]` layouts ABI-compatible.
  - Prefer a thin `unsafe extern ""C""` wrapper for validation and raw-pointer conversion.
  - Move actual logic into private safe Rust functions using slices, references, arrays, enums, and `Option` where appropriate.
  - Do not expose a safe function that accepts unchecked foreign pointers or otherwise requires caller-maintained safety invariants.
- Prioritize easy, high-yield conversions:
  - Pure arithmetic, bit manipulation, bounds calculations, and state-independent helpers.
  - Read-only lookup tables currently declared `static mut`; convert them to immutable `static` or `const` when they are never modified.
  - Generated pointer loops that can be expressed with iterators, indexing, chunks, or slice operations.
  - Internal functions whose only reason for being unsafe is inherited `unsafe extern ""C""` syntax.
- Preserve exact C-compatible behavior:
  - Maintain null-pointer sentinel behavior, error codes, partial progress reporting, overflow behavior, and edge cases.
  - A null pointer must never be passed to `from_raw_parts`, even when the length is zero.
  - Before constructing a slice from a foreign pointer and length, validate every representability constraint required by Rust, including the `isize::MAX` bound where applicable.
  - Preserve intentional unsigned wrapping with explicit wrapping operations when overflow can occur; do not accidentally replace C wrapping behavior with debug-build panics.
  - Preserve callback behavior, ownership, allocation/free pairing, state transitions, and externally visible mutable state.
  - Do not use pointer subtraction or ordering unless both pointers are known to belong to the same live allocation. Prefer tracked lengths or indices where possible.
- Keep unsafe code narrowly localized and justified at genuine FFI or ownership boundaries. Merely deleting an `unsafe` keyword is not progress if unchecked invariants remain.
- Avoid introducing raw pointers, raw-pointer fields, integer-to-pointer casts, or new unsafe helpers into implementation code as a way to silence the checker.
- Avoid large mechanical formatting changes, generated-table rewrites, unrelated cleanup, and speculative architecture changes. Reuse existing tables and types when that keeps the patch small.
- Search all internal and cross-module callers before changing symbol ownership. In translated C projects, internal calls may resolve through exported symbol names rather than normal Rust module paths, so retain exactly one definition for each required external symbol.
- Add or extend compact tests for changed behavior, especially empty inputs, null sentinels, boundary lengths, overflow cases, known vectors, and composition/round-trip properties. Prefer tests that compare the safe core and ABI wrapper or established reference results.

Validate the smallest relevant target after each coherent edit, then run the project’s normal functionality tests. Also run:

```sh
cargo check-unsafe2 --manifest-path {cargo_dir_path}/Cargo.toml
```

This checker rejects improperly added unsafe code and newly added unsafe-adjacent implementation code, including raw-pointer arguments or fields and integer-to-pointer casts. Treat checker failures as design feedback: move validation/conversion to an existing legitimate boundary rather than adding exemptions or disguising pointer operations.

If a proposed conversion would require inventing unverifiable lifetimes, creating references to potentially aliased foreign memory, changing ABI semantics, or substantially expanding the patch, record it as a pitfall and choose a safer candidate instead.

Before finishing, update `SAFETY_PLAN.md` concisely with:
- what was actually changed this iteration;
- what is now complete;
- validation commands and outcomes;
- what remains and the best next general category of work;
- any behavioral traps, failed approaches, or dead ends future iterations should avoid.

Keep `SAFETY_PLAN.md` as a working scratchpad, not a report. In the final response, give only a concise summary of changes, safety impact, and validation results.",[0.3628571322802392]
"Continue the incremental Rust safety refactor documented in `SAFETY_PLAN.md`.

{target_goal}

{after_refactoring_instruction}

This is a translated zlib-style C codebase with many duplicated C types, cross-module `extern ""C""` declarations, generated lookup tables, and exported symbols implemented through `#[export_name]` wrappers. Optimize for a substantial reduction in checker-reported unsafe entities without changing C ABI or observable zlib behavior.

Work in one focused iteration. Do not rewrite the project broadly, print whole generated files, or spend time mechanically reformatting unchanged code. Inspect only what is needed: `SAFETY_PLAN.md`, the current diff, checker output, relevant declarations and callers, exports, tests, and build configuration. Use searches and small diffs to identify a coherent, high-yield category.

Prefer candidates in this order:

1. Read-only `static mut` data:
   - Prove from all references that a table or descriptor is never modified.
   - Convert it to immutable `static` or `const` without rewriting its contents.
   - Typical translated data includes checksum, Huffman, code-order, base/extra-bit, fixed-code, configuration, version, and copyright tables.
   - Preserve externally required symbol names, element types, lengths, alignment, and visibility.
   - Do not make an externally visible object read-only if C callers are contractually allowed to modify it, even if Rust currently does not.

2. Pure scalar helpers:
   - Convert arithmetic, bit manipulation, byte swapping, bounds calculations, checksum combination, compile-flag calculation, and similar state-independent routines to ordinary safe Rust functions.
   - Keep deliberate C unsigned overflow explicit with `wrapping_*`.
   - Preserve platform-dependent C type behavior, especially `c_ulong`, `off_t`, and `size_t`; do not silently assume they are 64-bit.
   - Leave a thin ABI-compatible wrapper when an external symbol is required.

3. Buffer-processing cores:
   - Move pointer-free logic into private safe functions taking slices, arrays, references, or scalar values.
   - Replace generated pointer loops with bounded indexing, iterators, or chunks only when equivalence is straightforward and compact.
   - Keep raw-pointer validation and conversion solely in an existing FFI boundary.

ABI and symbol rules:

- Preserve every exported symbol’s exact name, calling convention, parameter and return types, and every `#[repr(C)]` layout.
- Retain exactly one definition of each required external symbol. Internal translated callers often resolve through `extern ""C""` symbol names rather than Rust module paths.
- Do not rename or remove an ABI symbol merely because a safe Rust helper now exists.
- An `unsafe extern ""C""` wrapper is acceptable when its signature contains foreign pointers or caller invariants; the implementation behind it should be safe where possible.
- Do not expose a safe Rust function that accepts unchecked raw pointers.
- Avoid changing duplicated C-layout types unless all relevant modules and ABI implications have been checked.

Behavioral requirements specific to this codebase:

- Checksum APIs use null pointers as sentinels: the Adler-family null sentinel returns its initialization value (1), while the CRC-family null sentinel returns 0. Preserve these results even for zero length.
- Never call `slice::from_raw_parts` or `from_raw_parts_mut` with a null pointer, including when length is zero.
- Before constructing a slice from foreign `(pointer, length)` input, validate the applicable Rust representability requirements, including byte-size overflow, alignment where relevant, and the `isize::MAX` bound.
- A non-null foreign pointer still relies on the C caller to provide a valid live allocation; document that invariant in the wrapper’s safety comment rather than pretending it was dynamically proven.
- Preserve known checksum vectors, incremental composition, checksum-combine behavior for negative lengths, and explicit wrapping behavior.
- Preserve zlib error codes, null-output conventions, partial input/output progress, stream state transitions, callback invocation, allocation/free pairing, and externally visible mutable state.
- Do not replace tracked lengths with pointer subtraction or pointer ordering. Such operations are valid only for pointers known to belong to the same live allocation.
- Do not “fix” suspicious translated expressions or historical API quirks as unrelated cleanup.

Unsafe-code rules:

- Keep unsafe blocks as small as possible and add a concise `SAFETY:` justification for each newly introduced or materially changed unsafe operation.
- Do not add raw-pointer helpers, raw-pointer fields, integer-to-pointer casts, fake lifetime extensions, broad unsafe blocks, or checker exemptions.
- Merely removing an `unsafe` keyword is not progress if raw-pointer invariants remain unchecked.
- If safe references would assert unverifiable uniqueness or non-aliasing, keep that operation at the unsafe boundary and select a lower-risk candidate instead.
- Avoid converting large stateful compression/decompression engines in this iteration unless the selected change is a clearly isolated helper or immutable table conversion.

Testing should be compact and targeted. Add tests only for changed behavior, favoring:
- immutable table spot checks;
- known checksum vectors;
- empty input and null-sentinel wrapper behavior;
- lengths around algorithm chunk boundaries;
- incremental versus whole-input equivalence;
- combine-versus-concatenation properties;
- negative-length and overflow/boundary cases;
- safe-core versus ABI-wrapper agreement using valid buffers.

After each coherent edit, run the smallest relevant check or test. Before finishing, run the project’s normal functionality tests and:

```sh
cargo check-unsafe2 --manifest-path {cargo_dir_path}/Cargo.toml
```

Treat checker failures as design feedback. Do not suppress them. Compare the final unsafe-entity count with the starting count and verify that no new unsafe-adjacent implementation pattern was introduced.

Update `SAFETY_PLAN.md` as a concise scratchpad containing:
- the exact category changed this iteration;
- what is now complete;
- starting and ending unsafe-entity counts if available;
- validation commands and outcomes;
- remaining high-yield categories;
- any ABI, null-sentinel, overflow, aliasing, pointer-provenance, or symbol-ownership traps discovered;
- rejected approaches that future iterations should not repeat.

Keep the patch and response efficient. In the final response, provide only a short summary of the changed category, safety impact, unsafe-entity reduction, and validation results. Do not reproduce file contents or provide a long report.",[0.4094047496524005]
"Continue the incremental Rust safety refactor documented in `SAFETY_PLAN.md`.

{target_goal}

{after_refactoring_instruction}

This is a translated zlib-style C codebase with many duplicated C types, cross-module `extern ""C""` declarations, generated lookup tables, and exported symbols implemented through `#[export_name]` wrappers. Optimize for a substantial reduction in checker-reported unsafe entities without changing C ABI or observable zlib behavior.

Work in one focused iteration. Do not rewrite the project broadly, print whole generated files, or spend time mechanically reformatting unchanged code. Inspect only what is needed: `SAFETY_PLAN.md`, the current diff, checker output, relevant declarations and callers, exports, tests, and build configuration. Use searches and small diffs to identify a coherent, high-yield category.

Prefer candidates in this order:

1. Read-only `static mut` data:
   - Prove from all references that a table or descriptor is never modified.
   - Convert it to immutable `static` or `const` without rewriting its contents.
   - Typical translated data includes checksum, Huffman, code-order, base/extra-bit, fixed-code, configuration, version, and copyright tables.
   - Preserve externally required symbol names, element types, lengths, alignment, and visibility.
   - Do not make an externally visible object read-only if C callers are contractually allowed to modify it, even if Rust currently does not.

2. Pure scalar helpers:
   - Convert arithmetic, bit manipulation, byte swapping, bounds calculations, checksum combination, compile-flag calculation, and similar state-independent routines to ordinary safe Rust functions.
   - Keep deliberate C unsigned overflow explicit with `wrapping_*`.
   - Preserve platform-dependent C type behavior, especially `c_ulong`, `off_t`, and `size_t`; do not silently assume they are 64-bit.
   - Leave a thin ABI-compatible wrapper when an external symbol is required.

3. Buffer-processing cores:
   - Move pointer-free logic into private safe functions taking slices, arrays, references, or scalar values.
   - Replace generated pointer loops with bounded indexing, iterators, or chunks only when equivalence is straightforward and compact.
   - Keep raw-pointer validation and conversion solely in an existing FFI boundary.

ABI and symbol rules:

- Preserve every exported symbol’s exact name, calling convention, parameter and return types, and every `#[repr(C)]` layout.
- Retain exactly one definition of each required external symbol. Internal translated callers often resolve through `extern ""C""` symbol names rather than Rust module paths.
- Do not rename or remove an ABI symbol merely because a safe Rust helper now exists.
- An `unsafe extern ""C""` wrapper is acceptable when its signature contains foreign pointers or caller invariants; the implementation behind it should be safe where possible.
- Do not expose a safe Rust function that accepts unchecked raw pointers.
- Avoid changing duplicated C-layout types unless all relevant modules and ABI implications have been checked.

Behavioral requirements specific to this codebase:

- Checksum APIs use null pointers as sentinels: the Adler-family null sentinel returns its initialization value (1), while the CRC-family null sentinel returns 0. Preserve these results even for zero length.
- Never call `slice::from_raw_parts` or `from_raw_parts_mut` with a null pointer, including when length is zero.
- Before constructing a slice from foreign `(pointer, length)` input, validate the applicable Rust representability requirements, including byte-size overflow, alignment where relevant, and the `isize::MAX` bound.
- A non-null foreign pointer still relies on the C caller to provide a valid live allocation; document that invariant in the wrapper’s safety comment rather than pretending it was dynamically proven.
- Preserve known checksum vectors, incremental composition, checksum-combine behavior for negative lengths, and explicit wrapping behavior.
- Preserve zlib error codes, null-output conventions, partial input/output progress, stream state transitions, callback invocation, allocation/free pairing, and externally visible mutable state.
- Do not replace tracked lengths with pointer subtraction or pointer ordering. Such operations are valid only for pointers known to belong to the same live allocation.
- Do not “fix” suspicious translated expressions or historical API quirks as unrelated cleanup.

Unsafe-code rules:

- Keep unsafe blocks as small as possible and add a concise `SAFETY:` justification for each newly introduced or materially changed unsafe operation.
- Do not add raw-pointer helpers, raw-pointer fields, integer-to-pointer casts, fake lifetime extensions, broad unsafe blocks, or checker exemptions.
- Merely removing an `unsafe` keyword is not progress if raw-pointer invariants remain unchecked.
- If safe references would assert unverifiable uniqueness or non-aliasing, keep that operation at the unsafe boundary and select a lower-risk candidate instead.
- Avoid converting large stateful compression/decompression engines in this iteration unless the selected change is a clearly isolated helper or immutable table conversion.

Testing should be compact and targeted. Add tests only for changed behavior, favoring:
- immutable table spot checks;
- known checksum vectors;
- empty input and null-sentinel wrapper behavior;
- lengths around algorithm chunk boundaries;
- incremental versus whole-input equivalence;
- combine-versus-concatenation properties;
- negative-length and overflow/boundary cases;
- safe-core versus ABI-wrapper agreement using valid buffers.

After each coherent edit, run the smallest relevant check or test. Before finishing, run the project’s normal functionality tests and:

```sh
cargo check-unsafe2 --manifest-path {cargo_dir_path}/Cargo.toml
```

Treat checker failures as design feedback. Do not suppress them. Compare the final unsafe-entity count with the starting count and verify that no new unsafe-adjacent implementation pattern was introduced.

Update `SAFETY_PLAN.md` as a concise scratchpad containing:
- the exact category changed this iteration;
- what is now complete;
- starting and ending unsafe-entity counts if available;
- validation commands and outcomes;
- remaining high-yield categories;
- any ABI, null-sentinel, overflow, aliasing, pointer-provenance, or symbol-ownership traps discovered;
- rejected approaches that future iterations should not repeat.

Keep the patch and response efficient. In the final response, provide only a short summary of the changed category, safety impact, unsafe-entity reduction, and validation results. Do not reproduce file contents or provide a long report.",[0.37880727050538343]
"Continue the incremental safety refactor described in `SAFETY_PLAN.md`.

{target_goal}

{after_refactoring_instruction}

Work in one focused, high-value iteration rather than attempting a broad rewrite. First inspect `SAFETY_PLAN.md`, the current diff, relevant call sites, exports, tests, and build configuration. Select a coherent group of changes likely to remove many unsafe entities with low behavioral risk.

Use this general refactoring strategy:

- Separate C ABI boundaries from Rust implementations:
  - Keep exported symbols, calling conventions, parameter types, return types, and `#[repr(C)]` layouts ABI-compatible.
  - Prefer a thin `unsafe extern ""C""` wrapper for validation and raw-pointer conversion.
  - Move actual logic into private safe Rust functions using slices, references, arrays, enums, and `Option` where appropriate.
  - Do not expose a safe function that accepts unchecked foreign pointers or otherwise requires caller-maintained safety invariants.
- Prioritize easy, high-yield conversions:
  - Pure arithmetic, bit manipulation, bounds calculations, and state-independent helpers.
  - Read-only lookup tables currently declared `static mut`; convert them to immutable `static` or `const` when they are never modified.
  - Generated pointer loops that can be expressed with iterators, indexing, chunks, or slice operations.
  - Internal functions whose only reason for being unsafe is inherited `unsafe extern ""C""` syntax.
- Preserve exact C-compatible behavior:
  - Maintain null-pointer sentinel behavior, error codes, partial progress reporting, overflow behavior, and edge cases.
  - A null pointer must never be passed to `from_raw_parts`, even when the length is zero.
  - Before constructing a slice from a foreign pointer and length, validate every representability constraint required by Rust, including the `isize::MAX` bound where applicable.
  - Preserve intentional unsigned wrapping with explicit wrapping operations when overflow can occur; do not accidentally replace C wrapping behavior with debug-build panics.
  - Preserve callback behavior, ownership, allocation/free pairing, state transitions, and externally visible mutable state.
  - Do not use pointer subtraction or ordering unless both pointers are known to belong to the same live allocation. Prefer tracked lengths or indices where possible.
- Keep unsafe code narrowly localized and justified at genuine FFI or ownership boundaries. Merely deleting an `unsafe` keyword is not progress if unchecked invariants remain.
- Avoid introducing raw pointers, raw-pointer fields, integer-to-pointer casts, or new unsafe helpers into implementation code as a way to silence the checker.
- Avoid large mechanical formatting changes, generated-table rewrites, unrelated cleanup, and speculative architecture changes. Reuse existing tables and types when that keeps the patch small.
- Search all internal and cross-module callers before changing symbol ownership. In translated C projects, internal calls may resolve through exported symbol names rather than normal Rust module paths, so retain exactly one definition for each required external symbol.
- Add or extend compact tests for changed behavior, especially empty inputs, null sentinels, boundary lengths, overflow cases, known vectors, and composition/round-trip properties. Prefer tests that compare the safe core and ABI wrapper or established reference results.

Validate the smallest relevant target after each coherent edit, then run the project’s normal functionality tests. Also run:

```sh
cargo check-unsafe2 --manifest-path {cargo_dir_path}/Cargo.toml
```

This checker rejects improperly added unsafe code and newly added unsafe-adjacent implementation code, including raw-pointer arguments or fields and integer-to-pointer casts. Treat checker failures as design feedback: move validation/conversion to an existing legitimate boundary rather than adding exemptions or disguising pointer operations.

If a proposed conversion would require inventing unverifiable lifetimes, creating references to potentially aliased foreign memory, changing ABI semantics, or substantially expanding the patch, record it as a pitfall and choose a safer candidate instead.

Before finishing, update `SAFETY_PLAN.md` concisely with:
- what was actually changed this iteration;
- what is now complete;
- validation commands and outcomes;
- what remains and the best next general category of work;
- any behavioral traps, failed approaches, or dead ends future iterations should avoid.

Keep `SAFETY_PLAN.md` as a working scratchpad, not a report. In the final response, give only a concise summary of changes, safety impact, and validation results.",[0.24327809008329065]
"Continue the incremental Rust safety refactor documented in `SAFETY_PLAN.md`.

{target_goal}

{after_refactoring_instruction}

Perform one focused, high-yield iteration. Do not rewrite the project broadly or print complete source files. First inspect:

- `SAFETY_PLAN.md`;
- the current working-tree diff;
- the latest unsafe-checker output or unsafe-entity inventory;
- relevant definitions, exports, linker-visible symbols, and all call sites;
- tests and build configuration.

This is translated C/FFI-oriented Rust, where internal cross-module calls may use `extern ""C""` declarations and resolve through linker symbols rather than Rust module paths. Preserve exactly one definition of every required external symbol. Keep exported names, calling conventions, parameter and return types, symbol visibility, and `#[repr(C)]` layouts ABI-compatible.

Choose a coherent category that removes many unsafe entities with low behavioral risk. Prefer, in order:

1. Pure arithmetic, bounds, bit manipulation, state-independent helpers, and functions unsafe only because translation inherited `unsafe extern ""C""`.
2. Read-only lookup tables incorrectly declared `static mut`, after proving there are no Rust or foreign writes and that changing Rust mutability does not violate the public C contract.
3. Generated pointer loops over known internal arrays or buffers that can become indexing, iterators, chunks, or slice operations.
4. Small FFI APIs for which a thin raw-pointer wrapper can delegate to a private safe slice/reference core.

Avoid state-machine, allocator, callback, ownership, or heavily aliased buffer conversions unless their invariants are already explicit and locally provable. If a candidate requires invented lifetimes, references to potentially aliased foreign memory, pointer ordering across unknown allocations, or a large architecture change, record the pitfall in `SAFETY_PLAN.md` and select another candidate.

Use these design rules:

- Keep raw pointers and unchecked foreign invariants in `unsafe extern ""C""` boundary functions. Never expose a safe Rust function that accepts raw pointers or requires undocumented caller invariants.
- Move substantive computation into private safe functions using slices, references, arrays, enums, and `Option` only where those types accurately model the C semantics.
- A boundary remains unsafe when pointer validity, allocation size, initialization, alignment, aliasing, lifetime, callbacks, or ownership cannot be verified.
- Before `from_raw_parts` or `from_raw_parts_mut`, reject null pointers even for zero length, and validate the Rust representability bounds, including byte-size overflow and `isize::MAX`. Do not construct a slice merely to make the checker quiet.
- Perform null and length checks before every dereference, including optimized one-byte or empty-input paths.
- Do not create simultaneous Rust references when foreign buffers may overlap or alias. Retain raw-pointer copying at the boundary when aliasing semantics cannot be represented safely.
- Do not add raw-pointer fields, raw-pointer implementation helpers, integer-to-pointer casts, broad `allow` attributes, or checker exemptions.
- Use pointer subtraction or ordering only when both pointers are proven to be within the same live allocation. Prefer tracked lengths and indices.

Preserve exact C-compatible behavior:

- null sentinels and zero-length behavior;
- error codes and the order in which invalid arguments are detected;
- partial-progress counters and output updates on failure;
- callback frequency and ordering;
- allocation/free pairing and externally visible state transitions;
- fixed-width masking when a C result is logically 32-bit but returned through a wider platform-dependent integer type;
- signed-length rejection and combine/composition semantics;
- intentional C unsigned overflow, expressed with explicit wrapping operations;
- algorithmic block reductions needed to prevent accumulator overflow;
- externally observable table contents and stable returned table addresses where applicable.

Do not simplify a tuned algorithm solely to remove pointer operations if that causes a substantial performance or patch-size regression. A small safe core is desirable, but preserving established lookup tables and algorithm structure is preferable when a replacement would strand large tables as dead code or require unrelated generated-code churn.

Before changing an internal function signature, search all direct Rust callers and all matching `extern ""C""` declarations. If internal callers rely on the exported C symbol, retain the ABI wrapper under that symbol and route it to the safe core. Do not leave both the old implementation and a second exported wrapper defining the same symbol.

Testing should be compact and targeted. For changed arithmetic, checksum, parser, or table code, cover applicable cases such as:

- null sentinel versus non-null empty input;
- one-byte and boundary-length inputs;
- lengths around internal block or chunk boundaries;
- known vectors or established reference outputs;
- streaming composition or round-trip properties;
- negative signed lengths;
- overflow and platform-width masking;
- agreement between the safe core and ABI wrapper for valid inputs.

Prefer adding a few focused tests rather than duplicating large fixtures or generated tables.

After each coherent edit, run the smallest relevant check or test. Before finishing, run the project’s normal functionality tests and:

cargo check-unsafe2 --manifest-path {cargo_dir_path}/Cargo.toml

Treat checker failures as design feedback. Do not suppress them. Compare the final unsafe-entity count with the starting count when the tooling provides one, and report the actual reduction without claiming boundary wrappers themselves are safe.

Update `SAFETY_PLAN.md` as a concise working scratchpad containing:

- the category selected and why;
- what actually changed;
- what is now complete;
- exact validation commands and outcomes;
- unsafe-entity count before and after, if available;
- remaining high-value categories;
- behavioral traps, rejected approaches, and dead ends.

Keep the patch narrow and avoid broad formatting changes. In the final response, provide only a concise summary of changed behavior-preserving structure, safety impact, unsafe-count reduction if known, and validation results. Do not include full source files or a long narrative.",[0.15057048402806983]
"Continue the incremental safety refactor described in `SAFETY_PLAN.md`.

{target_goal}

{after_refactoring_instruction}

Work in one focused, high-value iteration rather than attempting a broad rewrite. First inspect `SAFETY_PLAN.md`, the current diff, relevant call sites, exports, tests, and build configuration. Select a coherent group of changes likely to remove many unsafe entities with low behavioral risk.

Use this general refactoring strategy:

- Separate C ABI boundaries from Rust implementations:
  - Keep exported symbols, calling conventions, parameter types, return types, and `#[repr(C)]` layouts ABI-compatible.
  - Prefer a thin `unsafe extern ""C""` wrapper for validation and raw-pointer conversion.
  - Move actual logic into private safe Rust functions using slices, references, arrays, enums, and `Option` where appropriate.
  - Do not expose a safe function that accepts unchecked foreign pointers or otherwise requires caller-maintained safety invariants.
- Prioritize easy, high-yield conversions:
  - Pure arithmetic, bit manipulation, bounds calculations, and state-independent helpers.
  - Read-only lookup tables currently declared `static mut`; convert them to immutable `static` or `const` when they are never modified.
  - Generated pointer loops that can be expressed with iterators, indexing, chunks, or slice operations.
  - Internal functions whose only reason for being unsafe is inherited `unsafe extern ""C""` syntax.
- Preserve exact C-compatible behavior:
  - Maintain null-pointer sentinel behavior, error codes, partial progress reporting, overflow behavior, and edge cases.
  - A null pointer must never be passed to `from_raw_parts`, even when the length is zero.
  - Before constructing a slice from a foreign pointer and length, validate every representability constraint required by Rust, including the `isize::MAX` bound where applicable.
  - Preserve intentional unsigned wrapping with explicit wrapping operations when overflow can occur; do not accidentally replace C wrapping behavior with debug-build panics.
  - Preserve callback behavior, ownership, allocation/free pairing, state transitions, and externally visible mutable state.
  - Do not use pointer subtraction or ordering unless both pointers are known to belong to the same live allocation. Prefer tracked lengths or indices where possible.
- Keep unsafe code narrowly localized and justified at genuine FFI or ownership boundaries. Merely deleting an `unsafe` keyword is not progress if unchecked invariants remain.
- Avoid introducing raw pointers, raw-pointer fields, integer-to-pointer casts, or new unsafe helpers into implementation code as a way to silence the checker.
- Avoid large mechanical formatting changes, generated-table rewrites, unrelated cleanup, and speculative architecture changes. Reuse existing tables and types when that keeps the patch small.
- Search all internal and cross-module callers before changing symbol ownership. In translated C projects, internal calls may resolve through exported symbol names rather than normal Rust module paths, so retain exactly one definition for each required external symbol.
- Add or extend compact tests for changed behavior, especially empty inputs, null sentinels, boundary lengths, overflow cases, known vectors, and composition/round-trip properties. Prefer tests that compare the safe core and ABI wrapper or established reference results.

Validate the smallest relevant target after each coherent edit, then run the project’s normal functionality tests. Also run:

```sh
cargo check-unsafe2 --manifest-path {cargo_dir_path}/Cargo.toml
```

This checker rejects improperly added unsafe code and newly added unsafe-adjacent implementation code, including raw-pointer arguments or fields and integer-to-pointer casts. Treat checker failures as design feedback: move validation/conversion to an existing legitimate boundary rather than adding exemptions or disguising pointer operations.

If a proposed conversion would require inventing unverifiable lifetimes, creating references to potentially aliased foreign memory, changing ABI semantics, or substantially expanding the patch, record it as a pitfall and choose a safer candidate instead.

Before finishing, update `SAFETY_PLAN.md` concisely with:
- what was actually changed this iteration;
- what is now complete;
- validation commands and outcomes;
- what remains and the best next general category of work;
- any behavioral traps, failed approaches, or dead ends future iterations should avoid.

Keep `SAFETY_PLAN.md` as a working scratchpad, not a report. In the final response, give only a concise summary of changes, safety impact, and validation results.",[0.321393320215301]
"Continue the incremental Rust safety refactor documented in `SAFETY_PLAN.md`.

{target_goal}

{after_refactoring_instruction}

This is a translated C compression library with a stable C ABI. The last known checkpoint had 6,421 unsafe entities, down from 6,604 originally (183 removed), and functionality tests passed. Previous high-yield work included safe checksum arithmetic cores, checksum-combination helpers, and conversion of several read-only lookup tables from mutable statics. Treat `SAFETY_PLAN.md`, the current tree, and the current checker output as authoritative if they differ from that checkpoint.

Work in one focused, low-risk iteration. Do not attempt a broad rewrite. Before editing:

1. Read `SAFETY_PLAN.md`.
2. Inspect the current diff and avoid overwriting or reformatting unrelated work.
3. Inspect the relevant declarations, linked symbol definitions, internal and cross-module callers, tests, public headers or reference C sources where available, crate exports, and build configuration.
4. Run or inspect the unsafe checker baseline so the iteration can report an actual before/after reduction.
5. Rank candidates by expected unsafe-entity reduction divided by behavioral and patch risk.

Prefer one coherent candidate category, such as:

- read-only generated lookup tables and descriptors incorrectly translated as `static mut`;
- pure arithmetic, bit-reversal, bounds, flag, state-classification, or table-index calculations;
- private functions that use no raw-pointer operations and are unsafe only because the translator emitted `unsafe extern ""C""`;
- generated loops over locally owned arrays that can become safe indexing or iteration;
- pointer-free exported functions that can retain their C ABI while delegating to safe Rust;
- a small family of wrappers around an already established safe core.

Readonly-table conversions are especially valuable, but first prove that the data is never modified by Rust, C, callbacks, dynamic initialization, or external consumers. Preserve any required exported symbol name, element type, length, alignment, and layout. Do not mechanically rewrite large generated table contents; ideally the diff changes only mutability and the few access expressions that depended on it.

Use a strict boundary/core design:

- Preserve every exported symbol name, calling convention, parameter and return type, and `#[repr(C)]` layout.
- Keep exactly one definition of every external symbol. In translated projects, ordinary-looking internal calls may resolve through linker-visible C symbols rather than Rust module paths.
- Raw foreign pointers, callback invocation, allocation ownership, and C state structures remain at genuine unsafe boundaries.
- Put substantive logic in private safe Rust functions taking values, slices, arrays, references, enums, or `Option`.
- Never expose a safe Rust function whose arguments require unchecked pointer validity, aliasing, initialization, lifetime, or ownership guarantees.
- An ABI function with no caller-maintained safety invariant does not need to remain unsafe merely because it uses `extern ""C""`. Conversely, do not remove `unsafe` when unchecked invariants remain.
- Keep each necessary unsafe operation in a small explicit block with a concrete safety comment.

Preserve zlib/C behavior exactly, including obscure behavior:

- null-pointer query or sentinel behavior;
- empty input behavior, including arbitrary non-normalized incoming checksum states;
- single-byte fast paths;
- threshold behavior around block sizes and generated-loop boundaries;
- signed negative-length handling;
- unsigned wrapping, truncation, and overflow sentinels;
- error codes and partial input/output progress;
- stream state transitions, callback order, and externally visible fields;
- allocation/free pairing and returned static-pointer identity.

Use explicit wrapping operations wherever C unsigned overflow is intentional. Do not replace wrapping behavior with debug-build panics. Mathematical equivalence is not enough when the original implementation reduces or normalizes state at particular points; compare edge cases against the pre-refactor implementation or a trusted C reference.

For foreign pointer-to-slice conversion:

- handle null before calling `from_raw_parts`, even for length zero;
- validate all Rust representability requirements, including byte-size overflow and the `isize::MAX` bound;
- do not invent a new error result when the ABI has no compatible failure behavior;
- if exact behavior cannot be preserved for an unrepresentable foreign range, leave that routine at the pointer boundary and record the issue rather than claiming it is safe;
- do not create references when foreign aliasing or mutation could invalidate them.

Do not use pointer subtraction, ordering, or range tests unless both pointers are proven to belong to the same live allocation. Prefer tracked lengths and indices. In particular, translated pointer comparisons are not automatically valid Rust merely because the original C used them.

Avoid:

- new raw-pointer helpers, raw-pointer fields, integer-to-pointer casts, or disguised pointer arithmetic;
- speculative lifetime reconstruction;
- safe wrappers around unchecked FFI state;
- changes to complex codec state machines, callback protocols, or ownership paths unless they are essential to the chosen small category;
- broad formatting, renaming, generated-table regeneration, or unrelated cleanup;
- deleting compatibility functions before checking all linked callers;
- tests that encode an assumed “cleaner” result instead of the original C behavior.

Testing should be compact and targeted. When applicable, add differential or reference tests covering:

- empty, one-element, and null-sentinel cases;
- values immediately below, at, and above loop/block thresholds;
- arbitrary initial accumulator values, including non-normalized and maximal values;
- overflow and negative-input cases;
- known vectors;
- composition or round-trip properties;
- immutable table contents, lengths, and pointer identity;
- agreement between a safe core and its ABI wrapper for valid inputs.

After each coherent edit, run the smallest relevant check or test. Before finishing, run the project’s normal functionality tests and:

```sh
cargo check-unsafe2 --manifest-path {cargo_dir_path}/Cargo.toml
```

Also run `cargo check` and `git diff --check` when available. Treat checker failures as design feedback. Do not add exemptions or move unsafe syntax into helper code merely to satisfy the checker.

Update `SAFETY_PLAN.md` as a concise working scratchpad with:

- the exact category changed;
- what is now complete;
- the unsafe-entity count before and after, if available;
- validation commands and outcomes;
- remaining high-value categories;
- behavioral traps, failed approaches, or candidates deliberately skipped.

Keep the patch and response small. Do not print complete generated files or unchanged code. In the final response, provide only a concise summary of the changes, the safety impact or entity reduction, and validation results.",[0.33425159790965897]
"Continue the incremental Rust safety refactor documented in `SAFETY_PLAN.md`.

{target_goal}

{after_refactoring_instruction}

This is a translated C compression library with a stable C ABI. The last known checkpoint had 6,421 unsafe entities, down from 6,604 originally (183 removed), and functionality tests passed. Previous high-yield work included safe checksum arithmetic cores, checksum-combination helpers, and conversion of several read-only lookup tables from mutable statics. Treat `SAFETY_PLAN.md`, the current tree, and the current checker output as authoritative if they differ from that checkpoint.

Work in one focused, low-risk iteration. Do not attempt a broad rewrite. Before editing:

1. Read `SAFETY_PLAN.md`.
2. Inspect the current diff and avoid overwriting or reformatting unrelated work.
3. Inspect the relevant declarations, linked symbol definitions, internal and cross-module callers, tests, public headers or reference C sources where available, crate exports, and build configuration.
4. Run or inspect the unsafe checker baseline so the iteration can report an actual before/after reduction.
5. Rank candidates by expected unsafe-entity reduction divided by behavioral and patch risk.

Prefer one coherent candidate category, such as:

- read-only generated lookup tables and descriptors incorrectly translated as `static mut`;
- pure arithmetic, bit-reversal, bounds, flag, state-classification, or table-index calculations;
- private functions that use no raw-pointer operations and are unsafe only because the translator emitted `unsafe extern ""C""`;
- generated loops over locally owned arrays that can become safe indexing or iteration;
- pointer-free exported functions that can retain their C ABI while delegating to safe Rust;
- a small family of wrappers around an already established safe core.

Readonly-table conversions are especially valuable, but first prove that the data is never modified by Rust, C, callbacks, dynamic initialization, or external consumers. Preserve any required exported symbol name, element type, length, alignment, and layout. Do not mechanically rewrite large generated table contents; ideally the diff changes only mutability and the few access expressions that depended on it.

Use a strict boundary/core design:

- Preserve every exported symbol name, calling convention, parameter and return type, and `#[repr(C)]` layout.
- Keep exactly one definition of every external symbol. In translated projects, ordinary-looking internal calls may resolve through linker-visible C symbols rather than Rust module paths.
- Raw foreign pointers, callback invocation, allocation ownership, and C state structures remain at genuine unsafe boundaries.
- Put substantive logic in private safe Rust functions taking values, slices, arrays, references, enums, or `Option`.
- Never expose a safe Rust function whose arguments require unchecked pointer validity, aliasing, initialization, lifetime, or ownership guarantees.
- An ABI function with no caller-maintained safety invariant does not need to remain unsafe merely because it uses `extern ""C""`. Conversely, do not remove `unsafe` when unchecked invariants remain.
- Keep each necessary unsafe operation in a small explicit block with a concrete safety comment.

Preserve zlib/C behavior exactly, including obscure behavior:

- null-pointer query or sentinel behavior;
- empty input behavior, including arbitrary non-normalized incoming checksum states;
- single-byte fast paths;
- threshold behavior around block sizes and generated-loop boundaries;
- signed negative-length handling;
- unsigned wrapping, truncation, and overflow sentinels;
- error codes and partial input/output progress;
- stream state transitions, callback order, and externally visible fields;
- allocation/free pairing and returned static-pointer identity.

Use explicit wrapping operations wherever C unsigned overflow is intentional. Do not replace wrapping behavior with debug-build panics. Mathematical equivalence is not enough when the original implementation reduces or normalizes state at particular points; compare edge cases against the pre-refactor implementation or a trusted C reference.

For foreign pointer-to-slice conversion:

- handle null before calling `from_raw_parts`, even for length zero;
- validate all Rust representability requirements, including byte-size overflow and the `isize::MAX` bound;
- do not invent a new error result when the ABI has no compatible failure behavior;
- if exact behavior cannot be preserved for an unrepresentable foreign range, leave that routine at the pointer boundary and record the issue rather than claiming it is safe;
- do not create references when foreign aliasing or mutation could invalidate them.

Do not use pointer subtraction, ordering, or range tests unless both pointers are proven to belong to the same live allocation. Prefer tracked lengths and indices. In particular, translated pointer comparisons are not automatically valid Rust merely because the original C used them.

Avoid:

- new raw-pointer helpers, raw-pointer fields, integer-to-pointer casts, or disguised pointer arithmetic;
- speculative lifetime reconstruction;
- safe wrappers around unchecked FFI state;
- changes to complex codec state machines, callback protocols, or ownership paths unless they are essential to the chosen small category;
- broad formatting, renaming, generated-table regeneration, or unrelated cleanup;
- deleting compatibility functions before checking all linked callers;
- tests that encode an assumed “cleaner” result instead of the original C behavior.

Testing should be compact and targeted. When applicable, add differential or reference tests covering:

- empty, one-element, and null-sentinel cases;
- values immediately below, at, and above loop/block thresholds;
- arbitrary initial accumulator values, including non-normalized and maximal values;
- overflow and negative-input cases;
- known vectors;
- composition or round-trip properties;
- immutable table contents, lengths, and pointer identity;
- agreement between a safe core and its ABI wrapper for valid inputs.

After each coherent edit, run the smallest relevant check or test. Before finishing, run the project’s normal functionality tests and:

```sh
cargo check-unsafe2 --manifest-path {cargo_dir_path}/Cargo.toml
```

Also run `cargo check` and `git diff --check` when available. Treat checker failures as design feedback. Do not add exemptions or move unsafe syntax into helper code merely to satisfy the checker.

Update `SAFETY_PLAN.md` as a concise working scratchpad with:

- the exact category changed;
- what is now complete;
- the unsafe-entity count before and after, if available;
- validation commands and outcomes;
- remaining high-value categories;
- behavioral traps, failed approaches, or candidates deliberately skipped.

Keep the patch and response small. Do not print complete generated files or unchanged code. In the final response, provide only a concise summary of the changes, the safety impact or entity reduction, and validation results.",[0.400323063155959]
"Continue the incremental safety refactor described in `SAFETY_PLAN.md`.

{target_goal}

{after_refactoring_instruction}

Work in one focused, high-value iteration rather than attempting a broad rewrite. First inspect `SAFETY_PLAN.md`, the current diff, relevant call sites, exports, tests, and build configuration. Select a coherent group of changes likely to remove many unsafe entities with low behavioral risk.

Use this general refactoring strategy:

- Separate C ABI boundaries from Rust implementations:
  - Keep exported symbols, calling conventions, parameter types, return types, and `#[repr(C)]` layouts ABI-compatible.
  - Prefer a thin `unsafe extern ""C""` wrapper for validation and raw-pointer conversion.
  - Move actual logic into private safe Rust functions using slices, references, arrays, enums, and `Option` where appropriate.
  - Do not expose a safe function that accepts unchecked foreign pointers or otherwise requires caller-maintained safety invariants.
- Prioritize easy, high-yield conversions:
  - Pure arithmetic, bit manipulation, bounds calculations, and state-independent helpers.
  - Read-only lookup tables currently declared `static mut`; convert them to immutable `static` or `const` when they are never modified.
  - Generated pointer loops that can be expressed with iterators, indexing, chunks, or slice operations.
  - Internal functions whose only reason for being unsafe is inherited `unsafe extern ""C""` syntax.
- Preserve exact C-compatible behavior:
  - Maintain null-pointer sentinel behavior, error codes, partial progress reporting, overflow behavior, and edge cases.
  - A null pointer must never be passed to `from_raw_parts`, even when the length is zero.
  - Before constructing a slice from a foreign pointer and length, validate every representability constraint required by Rust, including the `isize::MAX` bound where applicable.
  - Preserve intentional unsigned wrapping with explicit wrapping operations when overflow can occur; do not accidentally replace C wrapping behavior with debug-build panics.
  - Preserve callback behavior, ownership, allocation/free pairing, state transitions, and externally visible mutable state.
  - Do not use pointer subtraction or ordering unless both pointers are known to belong to the same live allocation. Prefer tracked lengths or indices where possible.
- Keep unsafe code narrowly localized and justified at genuine FFI or ownership boundaries. Merely deleting an `unsafe` keyword is not progress if unchecked invariants remain.
- Avoid introducing raw pointers, raw-pointer fields, integer-to-pointer casts, or new unsafe helpers into implementation code as a way to silence the checker.
- Avoid large mechanical formatting changes, generated-table rewrites, unrelated cleanup, and speculative architecture changes. Reuse existing tables and types when that keeps the patch small.
- Search all internal and cross-module callers before changing symbol ownership. In translated C projects, internal calls may resolve through exported symbol names rather than normal Rust module paths, so retain exactly one definition for each required external symbol.
- Add or extend compact tests for changed behavior, especially empty inputs, null sentinels, boundary lengths, overflow cases, known vectors, and composition/round-trip properties. Prefer tests that compare the safe core and ABI wrapper or established reference results.

Validate the smallest relevant target after each coherent edit, then run the project’s normal functionality tests. Also run:

```sh
cargo check-unsafe2 --manifest-path {cargo_dir_path}/Cargo.toml
```

This checker rejects improperly added unsafe code and newly added unsafe-adjacent implementation code, including raw-pointer arguments or fields and integer-to-pointer casts. Treat checker failures as design feedback: move validation/conversion to an existing legitimate boundary rather than adding exemptions or disguising pointer operations.

If a proposed conversion would require inventing unverifiable lifetimes, creating references to potentially aliased foreign memory, changing ABI semantics, or substantially expanding the patch, record it as a pitfall and choose a safer candidate instead.

Before finishing, update `SAFETY_PLAN.md` concisely with:
- what was actually changed this iteration;
- what is now complete;
- validation commands and outcomes;
- what remains and the best next general category of work;
- any behavioral traps, failed approaches, or dead ends future iterations should avoid.

Keep `SAFETY_PLAN.md` as a working scratchpad, not a report. In the final response, give only a concise summary of changes, safety impact, and validation results.",[0.23815331591415106]
"Continue the incremental Rust safety refactor documented in `SAFETY_PLAN.md`.

{target_goal}

{after_refactoring_instruction}

Make one focused, high-yield iteration. Optimize for a meaningful reduction in checker-reported unsafe entities while keeping the patch, runtime risk, generation time, and output size small. Do not attempt a broad rewrite.

Before editing:

1. Read `SAFETY_PLAN.md`.
2. Inspect the current diff and avoid overwriting or reverting unrelated work.
3. Inspect the crate manifest, build scripts, module exports, tests, and relevant internal and cross-module call sites.
4. Run or obtain a baseline from the smallest applicable build/test command and:
   ```sh
   cargo check-unsafe2 --manifest-path {cargo_dir_path}/Cargo.toml
   ```
5. Use the checker’s entity list to select one coherent cluster with low behavioral risk and a favorable unsafe-entity reduction per line changed.

Prefer these candidate categories, in roughly this order:

- Pure arithmetic, bit manipulation, bounds calculations, state classification, and other pointer-free helpers that are unsafe only because of translated C syntax.
- Read-only lookup tables and descriptors declared `static mut`; convert them to immutable `static` or `const` only after confirming there are no writes and no ABI requirement that the exported object remain writable.
- Small generated pointer loops that can be replaced by indexing, iterators, slices, arrays, or chunk operations with straightforward bounds.
- A compact family of related FFI functions that can share a private safe core without changing exported symbols or behavior.
- Redundant internal `unsafe extern ""C""` implementations where the actual ABI boundary can remain a thin unsafe wrapper.

FFI and symbol rules:

- Preserve every exported symbol name, calling convention, parameter type, return type, linkage expectation, callback type, and `#[repr(C)]` layout.
- Keep exactly one definition for every required external symbol. In translated C crates, internal calls may use `extern ""C""` declarations and resolve through linker symbols rather than Rust module paths.
- Prefer a private safe Rust implementation and a thin `unsafe extern ""C""` export wrapper.
- Do not make a function safe if it still accepts unchecked raw pointers or relies on caller-maintained allocation, validity, aliasing, initialization, lifetime, or ownership invariants.
- Keep raw-pointer conversion, foreign calls, callback invocation, and ownership transfer inside the smallest genuine unsafe boundary. Add a brief safety comment for each newly written unsafe block.
- Do not change a public Rust API signature merely to create a safe core. Add a private core unless repository call-site inspection proves the Rust API can safely change.
- Do not add raw-pointer parameters or fields, integer-to-pointer casts, pointer-bearing implementation structs, broad unsafe helper abstractions, or checker exemptions to hide unsafety.

Raw pointer and slice rules:

- Preserve established null-pointer sentinel behavior exactly, including cases where null has a special return value independent of length.
- Never call `from_raw_parts` or `from_raw_parts_mut` with a null pointer, including for zero length. Represent null sentinels separately; use a real non-null pointer for an empty slice only when the ABI semantics permit it.
- Before constructing a slice, check all representability conditions Rust requires, including byte-size overflow, alignment where relevant, and the `isize::MAX` byte bound.
- A null pointer and an oversized non-null input are not interchangeable. Do not map an unrepresentable length to an existing null sentinel or error unless that is already the documented ABI behavior.
- If an ABI has no way to report a Rust slice-representability failure without changing behavior, do not force a slice conversion. Choose another candidate or retain a narrowly scoped raw-pointer boundary.
- Do not invent references or lifetimes for foreign memory when exclusivity, aliasing, initialization, or allocation extent cannot be justified.
- Avoid pointer subtraction, ordering, and `offset_from` unless both pointers are proven to lie in the same live allocation. Prefer tracked lengths and indices.

Behavior-preservation rules:

- Preserve exact C-compatible results, error codes, partial progress, null sentinels, callback order, ownership, allocator/free pairing, state transitions, and externally visible mutable state.
- Preserve arithmetic at the original C type width. Use explicit `wrapping_*` operations where unsigned C overflow is possible; do not introduce debug-build panics.
- Be careful when simplifying checksum, parser, compression, or table algorithms: preserve initial/final complements, empty-input normalization, chunk reductions, negative-length handling, composition behavior, and platform-dependent integer widths.
- Do not trade away important established performance characteristics unless the simpler implementation is demonstrably acceptable and covered by project expectations.
- Treat exported mutable data and externally obtained pointers as ABI surfaces. Internal read-only generated tables are good immutable candidates, but externally writable objects are not.
- Do not modify generated tables mechanically or reformat large translated files. Keep diffs localized.

Validation and tests:

- Add only compact tests directly supporting the changed cluster.
- Cover the most relevant cases among: empty input, null sentinel, one-element input, chunk boundaries, maximum or overflow-adjacent values, negative signed lengths, known vectors, safe-core/ABI-wrapper equivalence, composition, and round trips.
- When testing an ABI wrapper, invoke it from an explicit unsafe test boundary rather than weakening the wrapper.
- Validate after each coherent edit with the smallest relevant command, then run the project’s normal functionality tests.
- Run the unsafe checker again:
  ```sh
  cargo check-unsafe2 --manifest-path {cargo_dir_path}/Cargo.toml
  ```
- Compare the final unsafe-entity count to the baseline. Checker failures are design feedback: move work into a safe core or choose a different cluster rather than adding exemptions.

If a proposed change requires broad state restructuring, unverifiable foreign-memory assumptions, changed ABI semantics, large generated-code edits, or substantial architecture work, stop pursuing it. Revert that attempt if necessary, record the pitfall in the plan, and choose a safer candidate.

Before finishing, update `SAFETY_PLAN.md` as a concise working scratchpad containing:

- the focused cluster changed in this iteration;
- the safety improvement and unsafe-entity count before/after;
- what is now complete;
- validation commands and outcomes;
- remaining work and the best next general category;
- behavioral traps, failed approaches, or dead ends to avoid.

Do not include full files, generated output, or a large diff in the response. The final response must contain only a concise summary of the changes, safety impact, unsafe-entity reduction, and validation results.",[0.32754675702772273]
"Continue the incremental Rust safety refactor documented in `SAFETY_PLAN.md`.

{target_goal}

{after_refactoring_instruction}

Make one focused, high-yield iteration. Optimize for a meaningful reduction in checker-reported unsafe entities while keeping the patch, runtime risk, generation time, and output size small. Do not attempt a broad rewrite.

Before editing:

1. Read `SAFETY_PLAN.md`.
2. Inspect the current diff and avoid overwriting or reverting unrelated work.
3. Inspect the crate manifest, build scripts, module exports, tests, and relevant internal and cross-module call sites.
4. Run or obtain a baseline from the smallest applicable build/test command and:
   ```sh
   cargo check-unsafe2 --manifest-path {cargo_dir_path}/Cargo.toml
   ```
5. Use the checker’s entity list to select one coherent cluster with low behavioral risk and a favorable unsafe-entity reduction per line changed.

Prefer these candidate categories, in roughly this order:

- Pure arithmetic, bit manipulation, bounds calculations, state classification, and other pointer-free helpers that are unsafe only because of translated C syntax.
- Read-only lookup tables and descriptors declared `static mut`; convert them to immutable `static` or `const` only after confirming there are no writes and no ABI requirement that the exported object remain writable.
- Small generated pointer loops that can be replaced by indexing, iterators, slices, arrays, or chunk operations with straightforward bounds.
- A compact family of related FFI functions that can share a private safe core without changing exported symbols or behavior.
- Redundant internal `unsafe extern ""C""` implementations where the actual ABI boundary can remain a thin unsafe wrapper.

FFI and symbol rules:

- Preserve every exported symbol name, calling convention, parameter type, return type, linkage expectation, callback type, and `#[repr(C)]` layout.
- Keep exactly one definition for every required external symbol. In translated C crates, internal calls may use `extern ""C""` declarations and resolve through linker symbols rather than Rust module paths.
- Prefer a private safe Rust implementation and a thin `unsafe extern ""C""` export wrapper.
- Do not make a function safe if it still accepts unchecked raw pointers or relies on caller-maintained allocation, validity, aliasing, initialization, lifetime, or ownership invariants.
- Keep raw-pointer conversion, foreign calls, callback invocation, and ownership transfer inside the smallest genuine unsafe boundary. Add a brief safety comment for each newly written unsafe block.
- Do not change a public Rust API signature merely to create a safe core. Add a private core unless repository call-site inspection proves the Rust API can safely change.
- Do not add raw-pointer parameters or fields, integer-to-pointer casts, pointer-bearing implementation structs, broad unsafe helper abstractions, or checker exemptions to hide unsafety.

Raw pointer and slice rules:

- Preserve established null-pointer sentinel behavior exactly, including cases where null has a special return value independent of length.
- Never call `from_raw_parts` or `from_raw_parts_mut` with a null pointer, including for zero length. Represent null sentinels separately; use a real non-null pointer for an empty slice only when the ABI semantics permit it.
- Before constructing a slice, check all representability conditions Rust requires, including byte-size overflow, alignment where relevant, and the `isize::MAX` byte bound.
- A null pointer and an oversized non-null input are not interchangeable. Do not map an unrepresentable length to an existing null sentinel or error unless that is already the documented ABI behavior.
- If an ABI has no way to report a Rust slice-representability failure without changing behavior, do not force a slice conversion. Choose another candidate or retain a narrowly scoped raw-pointer boundary.
- Do not invent references or lifetimes for foreign memory when exclusivity, aliasing, initialization, or allocation extent cannot be justified.
- Avoid pointer subtraction, ordering, and `offset_from` unless both pointers are proven to lie in the same live allocation. Prefer tracked lengths and indices.

Behavior-preservation rules:

- Preserve exact C-compatible results, error codes, partial progress, null sentinels, callback order, ownership, allocator/free pairing, state transitions, and externally visible mutable state.
- Preserve arithmetic at the original C type width. Use explicit `wrapping_*` operations where unsigned C overflow is possible; do not introduce debug-build panics.
- Be careful when simplifying checksum, parser, compression, or table algorithms: preserve initial/final complements, empty-input normalization, chunk reductions, negative-length handling, composition behavior, and platform-dependent integer widths.
- Do not trade away important established performance characteristics unless the simpler implementation is demonstrably acceptable and covered by project expectations.
- Treat exported mutable data and externally obtained pointers as ABI surfaces. Internal read-only generated tables are good immutable candidates, but externally writable objects are not.
- Do not modify generated tables mechanically or reformat large translated files. Keep diffs localized.

Validation and tests:

- Add only compact tests directly supporting the changed cluster.
- Cover the most relevant cases among: empty input, null sentinel, one-element input, chunk boundaries, maximum or overflow-adjacent values, negative signed lengths, known vectors, safe-core/ABI-wrapper equivalence, composition, and round trips.
- When testing an ABI wrapper, invoke it from an explicit unsafe test boundary rather than weakening the wrapper.
- Validate after each coherent edit with the smallest relevant command, then run the project’s normal functionality tests.
- Run the unsafe checker again:
  ```sh
  cargo check-unsafe2 --manifest-path {cargo_dir_path}/Cargo.toml
  ```
- Compare the final unsafe-entity count to the baseline. Checker failures are design feedback: move work into a safe core or choose a different cluster rather than adding exemptions.

If a proposed change requires broad state restructuring, unverifiable foreign-memory assumptions, changed ABI semantics, large generated-code edits, or substantial architecture work, stop pursuing it. Revert that attempt if necessary, record the pitfall in the plan, and choose a safer candidate.

Before finishing, update `SAFETY_PLAN.md` as a concise working scratchpad containing:

- the focused cluster changed in this iteration;
- the safety improvement and unsafe-entity count before/after;
- what is now complete;
- validation commands and outcomes;
- remaining work and the best next general category;
- behavioral traps, failed approaches, or dead ends to avoid.

Do not include full files, generated output, or a large diff in the response. The final response must contain only a concise summary of the changes, safety impact, unsafe-entity reduction, and validation results.",[0.3300937911921664]
"Continue the incremental safety refactor described in `SAFETY_PLAN.md`.

{target_goal}

{after_refactoring_instruction}

Work in one focused, high-value iteration rather than attempting a broad rewrite. First inspect `SAFETY_PLAN.md`, the current diff, relevant call sites, exports, tests, and build configuration. Select a coherent group of changes likely to remove many unsafe entities with low behavioral risk.

Use this general refactoring strategy:

- Separate C ABI boundaries from Rust implementations:
  - Keep exported symbols, calling conventions, parameter types, return types, and `#[repr(C)]` layouts ABI-compatible.
  - Prefer a thin `unsafe extern ""C""` wrapper for validation and raw-pointer conversion.
  - Move actual logic into private safe Rust functions using slices, references, arrays, enums, and `Option` where appropriate.
  - Do not expose a safe function that accepts unchecked foreign pointers or otherwise requires caller-maintained safety invariants.
- Prioritize easy, high-yield conversions:
  - Pure arithmetic, bit manipulation, bounds calculations, and state-independent helpers.
  - Read-only lookup tables currently declared `static mut`; convert them to immutable `static` or `const` when they are never modified.
  - Generated pointer loops that can be expressed with iterators, indexing, chunks, or slice operations.
  - Internal functions whose only reason for being unsafe is inherited `unsafe extern ""C""` syntax.
- Preserve exact C-compatible behavior:
  - Maintain null-pointer sentinel behavior, error codes, partial progress reporting, overflow behavior, and edge cases.
  - A null pointer must never be passed to `from_raw_parts`, even when the length is zero.
  - Before constructing a slice from a foreign pointer and length, validate every representability constraint required by Rust, including the `isize::MAX` bound where applicable.
  - Preserve intentional unsigned wrapping with explicit wrapping operations when overflow can occur; do not accidentally replace C wrapping behavior with debug-build panics.
  - Preserve callback behavior, ownership, allocation/free pairing, state transitions, and externally visible mutable state.
  - Do not use pointer subtraction or ordering unless both pointers are known to belong to the same live allocation. Prefer tracked lengths or indices where possible.
- Keep unsafe code narrowly localized and justified at genuine FFI or ownership boundaries. Merely deleting an `unsafe` keyword is not progress if unchecked invariants remain.
- Avoid introducing raw pointers, raw-pointer fields, integer-to-pointer casts, or new unsafe helpers into implementation code as a way to silence the checker.
- Avoid large mechanical formatting changes, generated-table rewrites, unrelated cleanup, and speculative architecture changes. Reuse existing tables and types when that keeps the patch small.
- Search all internal and cross-module callers before changing symbol ownership. In translated C projects, internal calls may resolve through exported symbol names rather than normal Rust module paths, so retain exactly one definition for each required external symbol.
- Add or extend compact tests for changed behavior, especially empty inputs, null sentinels, boundary lengths, overflow cases, known vectors, and composition/round-trip properties. Prefer tests that compare the safe core and ABI wrapper or established reference results.

Validate the smallest relevant target after each coherent edit, then run the project’s normal functionality tests. Also run:

```sh
cargo check-unsafe2 --manifest-path {cargo_dir_path}/Cargo.toml
```

This checker rejects improperly added unsafe code and newly added unsafe-adjacent implementation code, including raw-pointer arguments or fields and integer-to-pointer casts. Treat checker failures as design feedback: move validation/conversion to an existing legitimate boundary rather than adding exemptions or disguising pointer operations.

If a proposed conversion would require inventing unverifiable lifetimes, creating references to potentially aliased foreign memory, changing ABI semantics, or substantially expanding the patch, record it as a pitfall and choose a safer candidate instead.

Before finishing, update `SAFETY_PLAN.md` concisely with:
- what was actually changed this iteration;
- what is now complete;
- validation commands and outcomes;
- what remains and the best next general category of work;
- any behavioral traps, failed approaches, or dead ends future iterations should avoid.

Keep `SAFETY_PLAN.md` as a working scratchpad, not a report. In the final response, give only a concise summary of changes, safety impact, and validation results.",[0.2910442971506281]
"Continue the incremental Rust safety refactor documented in `SAFETY_PLAN.md`.

{target_goal}

{after_refactoring_instruction}

A previous iteration reportedly reduced the checker’s unsafe-entity count from 6,604 to 6,421 (183 removed) while functionality tests still passed. Treat those figures only as historical context: inspect and measure the current checkout before editing. The remaining unsafe code is concentrated in C ABI wrappers and layouts, checksum routines, compression/decompression state machines, gzip I/O, Huffman/tree construction, callbacks, and allocation/ownership utilities. Raw-pointer fields in `#[repr(C)]` types and unsafe C function-pointer types are often ABI-required and are not immediate conversion targets.

Perform one focused, high-value iteration. Do not attempt a broad rewrite. Before selecting work, inspect:

- `SAFETY_PLAN.md`;
- the current diff and repository status;
- relevant definitions, exports, declarations, and all call sites;
- tests and normal validation commands;
- crate/build configuration and the unsafe checker’s current output.

Choose a coherent group with high unsafe reduction and low behavioral risk. Prefer candidates in this order:

1. Read-only lookup arrays declared `static mut`. Prove there are no writes, mutable-address consumers, exported mutability requirements, or address-identity constraints before converting them to immutable `static` or `const`. Simple numeric/code tables are strong candidates. Do not mechanically rewrite large generated table contents.
2. Pure scalar helpers involving arithmetic, bit operations, bounds, flags, or checksum-combination math. Convert them to ordinary safe Rust functions while retaining thin ABI wrappers where symbols are exported.
3. Pointer loops over clearly bounded input that can be replaced by a private safe core using slices, iterators, chunks, arrays, or indices. A simple safe reference algorithm can replace a pointer-heavy optimization when it preserves exact results and performance is not an established contract, but keep the patch narrow and validate representative large inputs.
4. Internal functions whose `unsafe` status is inherited solely from translated `unsafe extern ""C""` syntax. Only make them safe if their signatures and bodies no longer depend on unchecked caller invariants.

Avoid starting with large mutable state machines, callback-driven code, allocator ownership, copying/cloning live C state, or pointer-rich compression/I/O engines unless the plan and current invariants make a small conversion clearly safe.

Separate ABI boundaries from implementation logic:

- Preserve every required external symbol, calling convention, parameter and return type, and `#[repr(C)]` layout.
- Keep exactly one definition of each exported symbol. This project may use an implementation plus an `#[export_name = ""...""]` wrapper, and internal translated modules may call the exported symbol through an `extern ""C""` declaration rather than a Rust module path.
- Prefer a thin `unsafe extern ""C""` wrapper that validates foreign arguments and performs the minimum raw-pointer conversion, followed by a private safe Rust core.
- Do not expose a safe function accepting raw pointers or relying on caller-maintained validity, aliasing, initialization, allocation, or lifetime invariants.
- ABI wrappers and ABI-required pointer fields remaining unsafe is acceptable; deleting an `unsafe` keyword without removing unchecked invariants is not progress.
- Do not add raw-pointer helpers, raw-pointer fields, integer-to-pointer casts, exemptions, or indirection merely to satisfy the checker.

Preserve C-compatible behavior exactly:

- Retain null sentinels, error codes, output updates, partial-progress reporting, callback order, ownership, allocation/free pairing, state transitions, and externally visible mutable state.
- Determine null behavior before constructing references. Never call `from_raw_parts` or `from_raw_parts_mut` with a null pointer, including for length zero. If null has sentinel semantics, check it first; if null plus zero denotes empty input, use an empty slice without constructing it from the null pointer.
- Validate all Rust slice representability requirements, including total byte size (`len * size_of::<T>() <= isize::MAX`), overflow, alignment, initialization, allocation coverage, and aliasing. If the ABI has no compatible response for a non-representable length, leave that path at the raw-pointer boundary and record the limitation instead of inventing behavior.
- Do not create overlapping or simultaneous Rust references unless exclusivity is proven. Foreign non-null pointers alone do not prove valid lifetimes or non-aliasing.
- Prevent panics from crossing FFI. Ensure safe-core indexing is structurally bounded; do not rely on assertions for foreign-input validation.
- Preserve intentional C unsigned wrapping with explicit `wrapping_*` operations where overflow is possible. Do not introduce debug-only overflow panics or architecture-width changes.
- Do not use pointer subtraction, ordering, or `offset_from` unless both pointers are proven to belong to the same live allocation. Prefer tracked lengths and indices.
- Do not casually make exported mutable globals immutable: C-visible writability and storage placement can be ABI-observable. Likewise, immutable statics containing raw pointers may have `Sync` complications and are poor low-risk candidates.
- If the translated implementation has suspicious ordering, such as a fast path before a null check, compare established tests/reference C behavior and document the trap rather than silently claiming exact equivalence for questionable inputs.

Testing should be compact and directly related to the selected group. Cover applicable cases such as:

- empty input and null sentinels;
- lengths around chunk/block boundaries;
- maximum or overflowing arithmetic;
- known vectors;
- split/combine or round-trip properties;
- agreement between the safe core and ABI wrapper or an established reference result;
- immutable-table values or behavior without reproducing table contents.

Validate after each coherent edit with the smallest relevant target, then run the project’s normal functionality tests. Also run:

```sh
cargo check-unsafe2 --manifest-path {cargo_dir_path}/Cargo.toml
```

Treat checker failures as design feedback. Do not suppress them. Compare the unsafe-entity count before and after the iteration, but prioritize genuine invariant removal over raw count reduction. If a candidate requires unverifiable lifetimes, aliased foreign references, changed ABI semantics, new pointer machinery, or a substantially larger patch, revert or skip it and record the dead end.

Before finishing, update `SAFETY_PLAN.md` as a concise working scratchpad containing:

- the exact scope changed this iteration;
- what is now complete;
- unsafe-count before and after, if available;
- validation commands and outcomes;
- remaining work and the best next general category;
- behavioral traps, rejected candidates, and failed approaches future iterations should avoid.

Keep the diff focused and avoid unrelated cleanup or formatting. Do not print complete source files, generated tables, or a long report in the response. The final response must contain only a concise summary of the changes, genuine safety impact, unsafe-count change, and validation results.",[0.30309447954609225]
"Continue the incremental Rust safety refactor documented in `SAFETY_PLAN.md`.

{target_goal}

{after_refactoring_instruction}

A previous iteration reportedly reduced the checker’s unsafe-entity count from 6,604 to 6,421 (183 removed) while functionality tests still passed. Treat those figures only as historical context: inspect and measure the current checkout before editing. The remaining unsafe code is concentrated in C ABI wrappers and layouts, checksum routines, compression/decompression state machines, gzip I/O, Huffman/tree construction, callbacks, and allocation/ownership utilities. Raw-pointer fields in `#[repr(C)]` types and unsafe C function-pointer types are often ABI-required and are not immediate conversion targets.

Perform one focused, high-value iteration. Do not attempt a broad rewrite. Before selecting work, inspect:

- `SAFETY_PLAN.md`;
- the current diff and repository status;
- relevant definitions, exports, declarations, and all call sites;
- tests and normal validation commands;
- crate/build configuration and the unsafe checker’s current output.

Choose a coherent group with high unsafe reduction and low behavioral risk. Prefer candidates in this order:

1. Read-only lookup arrays declared `static mut`. Prove there are no writes, mutable-address consumers, exported mutability requirements, or address-identity constraints before converting them to immutable `static` or `const`. Simple numeric/code tables are strong candidates. Do not mechanically rewrite large generated table contents.
2. Pure scalar helpers involving arithmetic, bit operations, bounds, flags, or checksum-combination math. Convert them to ordinary safe Rust functions while retaining thin ABI wrappers where symbols are exported.
3. Pointer loops over clearly bounded input that can be replaced by a private safe core using slices, iterators, chunks, arrays, or indices. A simple safe reference algorithm can replace a pointer-heavy optimization when it preserves exact results and performance is not an established contract, but keep the patch narrow and validate representative large inputs.
4. Internal functions whose `unsafe` status is inherited solely from translated `unsafe extern ""C""` syntax. Only make them safe if their signatures and bodies no longer depend on unchecked caller invariants.

Avoid starting with large mutable state machines, callback-driven code, allocator ownership, copying/cloning live C state, or pointer-rich compression/I/O engines unless the plan and current invariants make a small conversion clearly safe.

Separate ABI boundaries from implementation logic:

- Preserve every required external symbol, calling convention, parameter and return type, and `#[repr(C)]` layout.
- Keep exactly one definition of each exported symbol. This project may use an implementation plus an `#[export_name = ""...""]` wrapper, and internal translated modules may call the exported symbol through an `extern ""C""` declaration rather than a Rust module path.
- Prefer a thin `unsafe extern ""C""` wrapper that validates foreign arguments and performs the minimum raw-pointer conversion, followed by a private safe Rust core.
- Do not expose a safe function accepting raw pointers or relying on caller-maintained validity, aliasing, initialization, allocation, or lifetime invariants.
- ABI wrappers and ABI-required pointer fields remaining unsafe is acceptable; deleting an `unsafe` keyword without removing unchecked invariants is not progress.
- Do not add raw-pointer helpers, raw-pointer fields, integer-to-pointer casts, exemptions, or indirection merely to satisfy the checker.

Preserve C-compatible behavior exactly:

- Retain null sentinels, error codes, output updates, partial-progress reporting, callback order, ownership, allocation/free pairing, state transitions, and externally visible mutable state.
- Determine null behavior before constructing references. Never call `from_raw_parts` or `from_raw_parts_mut` with a null pointer, including for length zero. If null has sentinel semantics, check it first; if null plus zero denotes empty input, use an empty slice without constructing it from the null pointer.
- Validate all Rust slice representability requirements, including total byte size (`len * size_of::<T>() <= isize::MAX`), overflow, alignment, initialization, allocation coverage, and aliasing. If the ABI has no compatible response for a non-representable length, leave that path at the raw-pointer boundary and record the limitation instead of inventing behavior.
- Do not create overlapping or simultaneous Rust references unless exclusivity is proven. Foreign non-null pointers alone do not prove valid lifetimes or non-aliasing.
- Prevent panics from crossing FFI. Ensure safe-core indexing is structurally bounded; do not rely on assertions for foreign-input validation.
- Preserve intentional C unsigned wrapping with explicit `wrapping_*` operations where overflow is possible. Do not introduce debug-only overflow panics or architecture-width changes.
- Do not use pointer subtraction, ordering, or `offset_from` unless both pointers are proven to belong to the same live allocation. Prefer tracked lengths and indices.
- Do not casually make exported mutable globals immutable: C-visible writability and storage placement can be ABI-observable. Likewise, immutable statics containing raw pointers may have `Sync` complications and are poor low-risk candidates.
- If the translated implementation has suspicious ordering, such as a fast path before a null check, compare established tests/reference C behavior and document the trap rather than silently claiming exact equivalence for questionable inputs.

Testing should be compact and directly related to the selected group. Cover applicable cases such as:

- empty input and null sentinels;
- lengths around chunk/block boundaries;
- maximum or overflowing arithmetic;
- known vectors;
- split/combine or round-trip properties;
- agreement between the safe core and ABI wrapper or an established reference result;
- immutable-table values or behavior without reproducing table contents.

Validate after each coherent edit with the smallest relevant target, then run the project’s normal functionality tests. Also run:

```sh
cargo check-unsafe2 --manifest-path {cargo_dir_path}/Cargo.toml
```

Treat checker failures as design feedback. Do not suppress them. Compare the unsafe-entity count before and after the iteration, but prioritize genuine invariant removal over raw count reduction. If a candidate requires unverifiable lifetimes, aliased foreign references, changed ABI semantics, new pointer machinery, or a substantially larger patch, revert or skip it and record the dead end.

Before finishing, update `SAFETY_PLAN.md` as a concise working scratchpad containing:

- the exact scope changed this iteration;
- what is now complete;
- unsafe-count before and after, if available;
- validation commands and outcomes;
- remaining work and the best next general category;
- behavioral traps, rejected candidates, and failed approaches future iterations should avoid.

Keep the diff focused and avoid unrelated cleanup or formatting. Do not print complete source files, generated tables, or a long report in the response. The final response must contain only a concise summary of the changes, genuine safety impact, unsafe-count change, and validation results.",[0.0]
"Continue the incremental safety refactor described in `SAFETY_PLAN.md`.

{target_goal}

{after_refactoring_instruction}

Work in one focused, high-value iteration rather than attempting a broad rewrite. First inspect `SAFETY_PLAN.md`, the current diff, relevant call sites, exports, tests, and build configuration. Select a coherent group of changes likely to remove many unsafe entities with low behavioral risk.

Use this general refactoring strategy:

- Separate C ABI boundaries from Rust implementations:
  - Keep exported symbols, calling conventions, parameter types, return types, and `#[repr(C)]` layouts ABI-compatible.
  - Prefer a thin `unsafe extern ""C""` wrapper for validation and raw-pointer conversion.
  - Move actual logic into private safe Rust functions using slices, references, arrays, enums, and `Option` where appropriate.
  - Do not expose a safe function that accepts unchecked foreign pointers or otherwise requires caller-maintained safety invariants.
- Prioritize easy, high-yield conversions:
  - Pure arithmetic, bit manipulation, bounds calculations, and state-independent helpers.
  - Read-only lookup tables currently declared `static mut`; convert them to immutable `static` or `const` when they are never modified.
  - Generated pointer loops that can be expressed with iterators, indexing, chunks, or slice operations.
  - Internal functions whose only reason for being unsafe is inherited `unsafe extern ""C""` syntax.
- Preserve exact C-compatible behavior:
  - Maintain null-pointer sentinel behavior, error codes, partial progress reporting, overflow behavior, and edge cases.
  - A null pointer must never be passed to `from_raw_parts`, even when the length is zero.
  - Before constructing a slice from a foreign pointer and length, validate every representability constraint required by Rust, including the `isize::MAX` bound where applicable.
  - Preserve intentional unsigned wrapping with explicit wrapping operations when overflow can occur; do not accidentally replace C wrapping behavior with debug-build panics.
  - Preserve callback behavior, ownership, allocation/free pairing, state transitions, and externally visible mutable state.
  - Do not use pointer subtraction or ordering unless both pointers are known to belong to the same live allocation. Prefer tracked lengths or indices where possible.
- Keep unsafe code narrowly localized and justified at genuine FFI or ownership boundaries. Merely deleting an `unsafe` keyword is not progress if unchecked invariants remain.
- Avoid introducing raw pointers, raw-pointer fields, integer-to-pointer casts, or new unsafe helpers into implementation code as a way to silence the checker.
- Avoid large mechanical formatting changes, generated-table rewrites, unrelated cleanup, and speculative architecture changes. Reuse existing tables and types when that keeps the patch small.
- Search all internal and cross-module callers before changing symbol ownership. In translated C projects, internal calls may resolve through exported symbol names rather than normal Rust module paths, so retain exactly one definition for each required external symbol.
- Add or extend compact tests for changed behavior, especially empty inputs, null sentinels, boundary lengths, overflow cases, known vectors, and composition/round-trip properties. Prefer tests that compare the safe core and ABI wrapper or established reference results.

Validate the smallest relevant target after each coherent edit, then run the project’s normal functionality tests. Also run:

```sh
cargo check-unsafe2 --manifest-path {cargo_dir_path}/Cargo.toml
```

This checker rejects improperly added unsafe code and newly added unsafe-adjacent implementation code, including raw-pointer arguments or fields and integer-to-pointer casts. Treat checker failures as design feedback: move validation/conversion to an existing legitimate boundary rather than adding exemptions or disguising pointer operations.

If a proposed conversion would require inventing unverifiable lifetimes, creating references to potentially aliased foreign memory, changing ABI semantics, or substantially expanding the patch, record it as a pitfall and choose a safer candidate instead.

Before finishing, update `SAFETY_PLAN.md` concisely with:
- what was actually changed this iteration;
- what is now complete;
- validation commands and outcomes;
- what remains and the best next general category of work;
- any behavioral traps, failed approaches, or dead ends future iterations should avoid.

Keep `SAFETY_PLAN.md` as a working scratchpad, not a report. In the final response, give only a concise summary of changes, safety impact, and validation results.",[0.25829200104555927]
"Continue the incremental Rust safety refactor tracked in `SAFETY_PLAN.md`.

{target_goal}

{after_refactoring_instruction}

This is a translated C compression library with a large FFI surface, duplicated C-style type definitions, cross-module calls through exported symbol names, generated lookup tables, callback-based allocation, and state machines that intentionally preserve C arithmetic and sentinel behavior. A previous iteration reduced the checker count from 6604 to 6353 unsafe entities while passing functionality tests. Build on that work without broad rewrites or large generated-code churn.

Work directly in the repository and complete one focused, high-value iteration. Do not print rewritten source files or large tables in the response. Keep the final response to a concise summary of changes, safety impact, and validation results.

Before editing:

1. Read `SAFETY_PLAN.md`.
2. Inspect the current diff and working-tree status so existing changes are not overwritten.
3. Inspect the crate manifest, build configuration, exports, tests, and the project’s normal validation commands.
4. Search all definitions and callers of candidate symbols, including `extern ""C""` declarations and `#[export_name]`/`#[no_mangle]` exports. Translated modules may call one another through linker symbols rather than Rust paths.
5. Run or inspect the unsafe checker baseline if practical, and use its entity list to select a coherent target.

Choose a narrow group with high expected unsafe-entity reduction and low behavioral risk. Prefer, in order:

- Pure arithmetic, bit manipulation, bounds calculations, byte swapping, table indexing, and state-independent helpers whose `unsafe` status is inherited rather than required.
- Read-only lookup tables and descriptors that are never written. Convert `static mut` to immutable `static` or `const` only after searching all Rust and foreign-facing uses. Do not make externally writable ABI state read-only if mutation is part of the supported interface.
- Small generated pointer loops that can be replaced with slices, arrays, indexing, iterators, chunks, or safe copy operations without changing overlap behavior.
- Export families where duplicate internal `unsafe extern ""C""` implementations and forwarding wrappers can be collapsed into one ABI definition plus private safe cores.
- Checksum/combine-style or other deterministic helpers that admit compact known-vector and composition tests.

Avoid selecting large stream state machines, callback/allocator ownership paths, pointer-rich copy operations, or generated table rewrites unless the relevant invariants are already explicit and the patch remains small. If a candidate requires inventing lifetimes, assuming non-aliasing, comparing or subtracting unrelated pointers, or introducing new unsafe abstractions, document the pitfall and choose another candidate.

Use this structure:

- Keep exactly one definition for every required C symbol.
- Preserve exported symbol names, calling conventions, parameter and return types, and all `#[repr(C)]` layouts.
- Put raw-pointer validation and conversion only in a thin `unsafe extern ""C""` boundary.
- Move implementation logic into private safe Rust functions using slices, references, arrays, enums, and `Option` where those types truthfully encode the invariants.
- Never expose a safe function that accepts unchecked foreign pointers or relies on caller-maintained allocation, aliasing, initialization, or lifetime requirements.
- Do not add raw-pointer parameters or fields, integer-to-pointer casts, broad unsafe helpers, checker exemptions, or cosmetic wrappers merely to lower the reported count.
- Do not retain both an unsafe internal implementation and an unsafe forwarding export when a private safe core and one ABI wrapper are sufficient.

Preserve C-compatible behavior exactly:

- Retain null-pointer sentinel behavior, return codes, partial progress, callback order, state transitions, externally visible state, and allocation/free pairing.
- Check null before any dereference or slice construction.
- Never call `from_raw_parts` or `from_raw_parts_mut` with a null pointer, including for zero length.
- Before constructing a slice, validate all Rust representability constraints, including byte-size overflow and the `isize::MAX` limit. For element types larger than one byte, validate `len * size_of::<T>()`, not merely `len`.
- Keep invalid foreign pointers outside Rust’s safe type system; validation of null and length does not prove that memory is live, initialized, readable/writable, or properly aligned, so the conversion must remain inside the unsafe FFI boundary with a precise safety comment.
- Preserve intentional unsigned C overflow with explicit wrapping operations where overflow is possible. Do not introduce debug-only panics through ordinary addition, subtraction, multiplication, shifts, or indexing.
- Be careful with platform-dependent C aliases such as `c_ulong`, `off_t`, and `size_t`; do not silently assume they are always 32 or 64 bits.
- Preserve overlap semantics when replacing `memcpy`, `memmove`, or manual loops.
- Do not use pointer ordering or `offset_from` unless both pointers are proven to be within the same live allocation. Prefer tracked lengths and indices.
- Preserve returned pointers to static tables and strings. Ensure their storage duration and symbol availability remain unchanged.
- Do not “fix” suspicious translated expressions or impossible comparisons unless the behavior change is separately justified and tested; this iteration is a safety refactor, not a semantic cleanup.

Keep edits surgical:

- Do not reformat unrelated generated code.
- Do not reproduce or regenerate large lookup tables just to change their declaration.
- Prefer declaration-only changes and small helper replacements where possible.
- Review `git diff --stat` and the actual diff before validation; revert accidental mechanical churn.
- Do not spend output tokens narrating repository inspection or pasting command output.

Add compact tests for changed behavior. Useful coverage includes:

- Empty non-null input versus null sentinel input.
- Boundary lengths around chunk sizes and representability checks.
- Known checksum or bit-manipulation vectors.
- Composition/round-trip properties.
- Negative-length or zero-operator sentinels where relevant.
- Agreement between a private safe core and its ABI wrapper for valid inputs.
- Overflow behavior using maximum-width values.
- Stable returned table contents or pointers when table exposure changes.

Validate after each coherent edit with the smallest relevant command, then run the project’s normal functionality tests. Also run:

```sh
cargo check-unsafe2 --manifest-path {cargo_dir_path}/Cargo.toml
```

Treat checker failures as design feedback. Do not add exemptions or disguise unsafe operations. Compare the final unsafe count with the baseline and confirm that functionality still passes. If the checker cannot run, record the exact reason rather than claiming success.

Before finishing, update `SAFETY_PLAN.md` as a concise working scratchpad containing:

- The focused category selected and what actually changed.
- What is now complete.
- Unsafe-entity count before and after, when available.
- Validation commands and outcomes.
- Remaining high-value general categories.
- Behavioral traps, failed approaches, ABI/linker concerns, or dead ends future iterations should avoid.

In the final response, provide only:
- a short summary of the focused changes;
- the resulting safety improvement, including count reduction if available;
- validation results and any unresolved limitation.",[0.13597569798874848]
"Continue the incremental safety refactor described in `SAFETY_PLAN.md`.

{target_goal}

{after_refactoring_instruction}

Work in one focused, high-value iteration rather than attempting a broad rewrite. First inspect `SAFETY_PLAN.md`, the current diff, relevant call sites, exports, tests, and build configuration. Select a coherent group of changes likely to remove many unsafe entities with low behavioral risk.

Use this general refactoring strategy:

- Separate C ABI boundaries from Rust implementations:
  - Keep exported symbols, calling conventions, parameter types, return types, and `#[repr(C)]` layouts ABI-compatible.
  - Prefer a thin `unsafe extern ""C""` wrapper for validation and raw-pointer conversion.
  - Move actual logic into private safe Rust functions using slices, references, arrays, enums, and `Option` where appropriate.
  - Do not expose a safe function that accepts unchecked foreign pointers or otherwise requires caller-maintained safety invariants.
- Prioritize easy, high-yield conversions:
  - Pure arithmetic, bit manipulation, bounds calculations, and state-independent helpers.
  - Read-only lookup tables currently declared `static mut`; convert them to immutable `static` or `const` when they are never modified.
  - Generated pointer loops that can be expressed with iterators, indexing, chunks, or slice operations.
  - Internal functions whose only reason for being unsafe is inherited `unsafe extern ""C""` syntax.
- Preserve exact C-compatible behavior:
  - Maintain null-pointer sentinel behavior, error codes, partial progress reporting, overflow behavior, and edge cases.
  - A null pointer must never be passed to `from_raw_parts`, even when the length is zero.
  - Before constructing a slice from a foreign pointer and length, validate every representability constraint required by Rust, including the `isize::MAX` bound where applicable.
  - Preserve intentional unsigned wrapping with explicit wrapping operations when overflow can occur; do not accidentally replace C wrapping behavior with debug-build panics.
  - Preserve callback behavior, ownership, allocation/free pairing, state transitions, and externally visible mutable state.
  - Do not use pointer subtraction or ordering unless both pointers are known to belong to the same live allocation. Prefer tracked lengths or indices where possible.
- Keep unsafe code narrowly localized and justified at genuine FFI or ownership boundaries. Merely deleting an `unsafe` keyword is not progress if unchecked invariants remain.
- Avoid introducing raw pointers, raw-pointer fields, integer-to-pointer casts, or new unsafe helpers into implementation code as a way to silence the checker.
- Avoid large mechanical formatting changes, generated-table rewrites, unrelated cleanup, and speculative architecture changes. Reuse existing tables and types when that keeps the patch small.
- Search all internal and cross-module callers before changing symbol ownership. In translated C projects, internal calls may resolve through exported symbol names rather than normal Rust module paths, so retain exactly one definition for each required external symbol.
- Add or extend compact tests for changed behavior, especially empty inputs, null sentinels, boundary lengths, overflow cases, known vectors, and composition/round-trip properties. Prefer tests that compare the safe core and ABI wrapper or established reference results.

Validate the smallest relevant target after each coherent edit, then run the project’s normal functionality tests. Also run:

```sh
cargo check-unsafe2 --manifest-path {cargo_dir_path}/Cargo.toml
```

This checker rejects improperly added unsafe code and newly added unsafe-adjacent implementation code, including raw-pointer arguments or fields and integer-to-pointer casts. Treat checker failures as design feedback: move validation/conversion to an existing legitimate boundary rather than adding exemptions or disguising pointer operations.

If a proposed conversion would require inventing unverifiable lifetimes, creating references to potentially aliased foreign memory, changing ABI semantics, or substantially expanding the patch, record it as a pitfall and choose a safer candidate instead.

Before finishing, update `SAFETY_PLAN.md` concisely with:
- what was actually changed this iteration;
- what is now complete;
- validation commands and outcomes;
- what remains and the best next general category of work;
- any behavioral traps, failed approaches, or dead ends future iterations should avoid.

Keep `SAFETY_PLAN.md` as a working scratchpad, not a report. In the final response, give only a concise summary of changes, safety impact, and validation results.",[0.17148728928945345]
"Continue the incremental Rust safety refactor tracked in `SAFETY_PLAN.md`.

Context: this is a C-to-Rust-translated zlib-style codebase with extensive generated pointer code and duplicated-looking ABI shims. A previous iteration reduced the unsafe-entity count from 6604 to 6421 while functionality tests still passed. Preserve that progress and perform one focused, low-risk, high-yield iteration. Do not attempt a broad rewrite.

Before editing, inspect:

- `SAFETY_PLAN.md`;
- the current working-tree diff;
- crate manifests, build scripts, exported-symbol configuration, and normal test commands;
- all definitions and call sites for prospective changes, including `extern ""C""` declarations in other modules;
- whether candidate globals are externally visible, declared const in the original C API, or potentially modified by foreign code.

Choose a coherent category of work rather than unrelated changes. Prefer, in this order:

1. Read-only lookup tables and descriptors unnecessarily declared `static mut`.
2. Pure scalar arithmetic, bit manipulation, bounds calculations, byte swapping, and checksum-combination helpers that inherited `unsafe extern ""C""` syntax despite having no safety preconditions.
3. Small generated loops that can clearly become safe slice, array, iterator, or index-based code without changing control flow or performance-sensitive state machinery.
4. Thin FFI wrappers around a private safe core when pointer validation is straightforward and the existing API has well-defined sentinel behavior.

For immutable globals:

- Convert a `static mut` only after proving there are no writes, mutable references, or foreign mutation requirements.
- Prefer immutable `static` over rewriting or regenerating large tables.
- Preserve symbol names, element types, lengths, alignment, and linkage for externally visible tables.
- Do not make an exported writable object read-only merely because Rust code does not modify it; confirm the original C declaration and foreign contract first.
- Update pointer construction and descriptors to use const pointers where appropriate, without integer-to-pointer casts or new unsafe helper abstractions.

For functions:

- Keep exported symbol names, C calling conventions, argument and return types, and `#[repr(C)]` layouts ABI-compatible.
- Retain exactly one definition of every required external symbol. In this translated codebase, internal calls often use `extern ""C""` declarations and resolve by linker symbol rather than Rust module paths.
- A scalar-only implementation may be a normal safe Rust function. If it is the exported implementation and has no caller-maintained safety invariant, it may also be a safe `extern ""C""` function.
- Functions accepting unchecked foreign pointers must remain unsafe at the ABI boundary. Do not create a nominally safe raw-pointer function.
- Prefer a thin exported unsafe wrapper that validates and converts pointers, followed by a private safe implementation using slices, arrays, references, enums, or `Option`.
- Avoid duplicate layers of unsafe pointer-taking functions when one ABI boundary is sufficient.

Preserve exact zlib-compatible behavior:

- Do not change null-pointer sentinels, initialization conventions, error codes, partial-progress reporting, callback behavior, ownership, allocation/free pairing, stream state transitions, or externally visible globals.
- Checksum APIs have distinct null behavior; determine it from existing code and tests rather than applying one generic rule. Initialization calls using null pointers and zero lengths are common.
- Never pass a null pointer to `slice::from_raw_parts` or `from_raw_parts_mut`, even for length zero. Handle the sentinel or empty case before constructing a slice.
- Before constructing a foreign-memory slice, validate all Rust representability constraints, including byte-size multiplication and the `isize::MAX` bound.
- Slice construction cannot validate allocation validity, initialization, lifetime, or aliasing. Keep those requirements in the unsafe ABI contract and document the specific safety argument at the conversion.
- Preserve C unsigned overflow with explicit `wrapping_*` operations wherever overflow is possible. Do not introduce debug-build panics.
- Preserve signedness, truncation, complement width, and platform-dependent C type widths.
- Be cautious when simplifying translated `do/while` loops, decrement-before-break loops, and optimized checksum block loops; apparent off-by-one structure may be intentional.
- Do not use pointer ordering, `offset_from`, or subtraction unless both pointers are proven to belong to the same live allocation. Prefer tracked lengths or indices.
- Do not replace optimized checksum or compression state machines wholesale merely to reduce unsafe counts.

Do not game the checker:

- Do not merely delete `unsafe` keywords while leaving unchecked invariants.
- Do not introduce raw-pointer parameters or fields into implementation helpers.
- Do not use integer-to-pointer casts, provenance exposure, broad unsafe blocks, or new unsafe wrappers to hide operations.
- Do not add checker exemptions.
- Treat checker failures as design feedback and either move conversion to a genuine existing boundary or select a safer candidate.

Testing should be compact and targeted. Add tests where practical for the behavior changed in this iteration, including relevant combinations of:

- empty input and null sentinel calls;
- boundary lengths around chunk sizes;
- maximum and overflowing scalar lengths;
- known Adler-32 or CRC-32 vectors;
- checksum composition identities;
- equality between a safe core and its ABI wrapper for valid inputs;
- immutable table contents or returned table pointers when part of the public API.

Keep the patch and response small:

- Edit repository files directly; do not print complete source files or large generated tables.
- Avoid formatting unchanged generated code.
- Do not rewrite table literals.
- Do not include unchanged files in the final response.
- If a promising conversion requires unverifiable lifetimes, questionable aliasing assumptions, ABI changes, or large state-machine surgery, record it as a pitfall and choose another candidate.

Validate after each coherent edit with the smallest relevant command, then run the project’s normal functionality tests. Also run:

```sh
cargo check-unsafe2 --manifest-path {cargo_dir_path}/Cargo.toml
```

If available, compare the unsafe-entity count before and after and report the actual reduction; do not claim progress based only on fewer textual `unsafe` keywords.

Before finishing, update `SAFETY_PLAN.md` as a concise working scratchpad containing:

- what changed in this iteration;
- which category is now complete or partially complete;
- validation commands and outcomes;
- unsafe-entity count before and after, if measured;
- remaining work and the best next general category;
- any ABI, sentinel, overflow, pointer-provenance, or failed-approach traps discovered.

The final response must contain only a concise summary of the edits, their safety impact, and validation results. Do not include code dumps.",[0.0]
"Continue the incremental safety refactor described in `SAFETY_PLAN.md`.

{target_goal}

{after_refactoring_instruction}

Work in one focused, high-value iteration rather than attempting a broad rewrite. First inspect `SAFETY_PLAN.md`, the current diff, relevant call sites, exports, tests, and build configuration. Select a coherent group of changes likely to remove many unsafe entities with low behavioral risk.

Use this general refactoring strategy:

- Separate C ABI boundaries from Rust implementations:
  - Keep exported symbols, calling conventions, parameter types, return types, and `#[repr(C)]` layouts ABI-compatible.
  - Prefer a thin `unsafe extern ""C""` wrapper for validation and raw-pointer conversion.
  - Move actual logic into private safe Rust functions using slices, references, arrays, enums, and `Option` where appropriate.
  - Do not expose a safe function that accepts unchecked foreign pointers or otherwise requires caller-maintained safety invariants.
- Prioritize easy, high-yield conversions:
  - Pure arithmetic, bit manipulation, bounds calculations, and state-independent helpers.
  - Read-only lookup tables currently declared `static mut`; convert them to immutable `static` or `const` when they are never modified.
  - Generated pointer loops that can be expressed with iterators, indexing, chunks, or slice operations.
  - Internal functions whose only reason for being unsafe is inherited `unsafe extern ""C""` syntax.
- Preserve exact C-compatible behavior:
  - Maintain null-pointer sentinel behavior, error codes, partial progress reporting, overflow behavior, and edge cases.
  - A null pointer must never be passed to `from_raw_parts`, even when the length is zero.
  - Before constructing a slice from a foreign pointer and length, validate every representability constraint required by Rust, including the `isize::MAX` bound where applicable.
  - Preserve intentional unsigned wrapping with explicit wrapping operations when overflow can occur; do not accidentally replace C wrapping behavior with debug-build panics.
  - Preserve callback behavior, ownership, allocation/free pairing, state transitions, and externally visible mutable state.
  - Do not use pointer subtraction or ordering unless both pointers are known to belong to the same live allocation. Prefer tracked lengths or indices where possible.
- Keep unsafe code narrowly localized and justified at genuine FFI or ownership boundaries. Merely deleting an `unsafe` keyword is not progress if unchecked invariants remain.
- Avoid introducing raw pointers, raw-pointer fields, integer-to-pointer casts, or new unsafe helpers into implementation code as a way to silence the checker.
- Avoid large mechanical formatting changes, generated-table rewrites, unrelated cleanup, and speculative architecture changes. Reuse existing tables and types when that keeps the patch small.
- Search all internal and cross-module callers before changing symbol ownership. In translated C projects, internal calls may resolve through exported symbol names rather than normal Rust module paths, so retain exactly one definition for each required external symbol.
- Add or extend compact tests for changed behavior, especially empty inputs, null sentinels, boundary lengths, overflow cases, known vectors, and composition/round-trip properties. Prefer tests that compare the safe core and ABI wrapper or established reference results.

Validate the smallest relevant target after each coherent edit, then run the project’s normal functionality tests. Also run:

```sh
cargo check-unsafe2 --manifest-path {cargo_dir_path}/Cargo.toml
```

This checker rejects improperly added unsafe code and newly added unsafe-adjacent implementation code, including raw-pointer arguments or fields and integer-to-pointer casts. Treat checker failures as design feedback: move validation/conversion to an existing legitimate boundary rather than adding exemptions or disguising pointer operations.

If a proposed conversion would require inventing unverifiable lifetimes, creating references to potentially aliased foreign memory, changing ABI semantics, or substantially expanding the patch, record it as a pitfall and choose a safer candidate instead.

Before finishing, update `SAFETY_PLAN.md` concisely with:
- what was actually changed this iteration;
- what is now complete;
- validation commands and outcomes;
- what remains and the best next general category of work;
- any behavioral traps, failed approaches, or dead ends future iterations should avoid.

Keep `SAFETY_PLAN.md` as a working scratchpad, not a report. In the final response, give only a concise summary of changes, safety impact, and validation results.",[0.43176720277684044]
"Continue the incremental safety refactor tracked in `SAFETY_PLAN.md`.

{target_goal}

{after_refactoring_instruction}

Perform one focused, high-yield iteration. Do not attempt a broad rewrite. Before editing, inspect:

- `SAFETY_PLAN.md`;
- the current working-tree diff, preserving prior work;
- relevant definitions, exports, cross-module declarations, and all call sites;
- tests, manifests, build scripts, and the project’s normal validation commands;
- the current unsafe-checker output or unsafe-entity baseline, if available.

Select a coherent change set that removes many genuinely unsafe entities with low behavioral and ABI risk. Prefer, in this order:

1. Read-only `static mut` values that can become immutable `static` or `const`.
2. Pure scalar helpers involving arithmetic, bit manipulation, table indexing, bounds, or state-independent calculations whose unsafety is inherited only from translated C syntax.
3. Small generated pointer loops that can be replaced by safe slices, arrays, indexing, iterators, or chunk operations.
4. A compact family of exported functions that can share a private safe implementation while retaining thin unsafe ABI wrappers.

Favor declaration-only changes for large generated tables. Do not rewrite or reformat table contents merely to change their mutability. Confirm through repository-wide searches that each converted object is never written, including through aliases, raw pointers, callbacks, external declarations, or exported symbols.

Use these design rules:

- Preserve every required exported symbol exactly once.
- Keep C symbol names, calling conventions, parameter and return types, linkage, and `#[repr(C)]` layouts ABI-compatible.
- Translated C modules may call exported symbol names through `extern` declarations instead of Rust module paths. Search both ordinary Rust references and external symbol declarations before removing or renaming anything.
- Keep raw-pointer validation, dereferencing, ownership transfer, allocation, callbacks, and foreign calls inside genuine unsafe boundaries.
- Move implementation logic into private safe Rust functions using scalar values, slices, references, arrays, enums, and `Option` only when those types accurately model the original states.
- Never expose a safe Rust function whose caller must uphold unchecked pointer, aliasing, lifetime, initialization, allocation, or callback invariants.
- Do not introduce raw-pointer parameters or fields, integer-to-pointer casts, pointer wrappers, or new unsafe helpers simply to move or hide unsafety.
- Do not count deleting an `unsafe` keyword as progress if unchecked invariants remain.

Preserve C-compatible behavior exactly:

- Preserve null sentinels, return codes, partial-progress updates, output parameters, state transitions, callbacks, ownership, and allocation/free pairing.
- Do not conflate a documented null sentinel with another invalid condition such as an unrepresentable length. If safe conversion cannot preserve the distinction, leave that path at the unsafe boundary or choose another candidate.
- Never call `from_raw_parts` or `from_raw_parts_mut` with a null pointer, including for length zero.
- Before creating a slice from foreign memory, validate all Rust representability requirements, including byte-size multiplication and the `isize::MAX` limit. The unsafe wrapper must still document the foreign caller’s validity, lifetime, alignment, initialization, and aliasing obligations.
- Avoid creating Rust references when foreign memory may be aliased or mutated for the reference’s lifetime.
- Preserve intentional unsigned wrapping with explicit wrapping operations. Do not replace C wrapping behavior with debug-build panics.
- Do not use pointer subtraction, `offset_from`, or pointer ordering unless both pointers are proven to be within the same live allocation. Prefer tracked lengths and indices.
- Be especially cautious with translated fast paths whose behavior depends on alignment, native word size, endianness, overlapping copies, or one-past pointers.
- If a conversion would require unverifiable lifetimes, speculative allocation bounds, changed error behavior, or a large architecture change, record the pitfall in `SAFETY_PLAN.md` and select a safer target.

Keep the patch and response small:

- Avoid unrelated cleanup, generated-code modernization, broad renaming, and mechanical formatting.
- Do not emit complete source files or large table contents in the response.
- Make the smallest edits needed for the selected category.
- Prefer several trivial, independently verifiable conversions in one category over one risky central rewrite.
- Measure or report the unsafe-entity reduction when the available tooling provides it.

Add compact tests only where behavior changed or where a safe core was introduced. Prioritize:

- empty input and null-sentinel behavior;
- minimum and maximum relevant lengths;
- arithmetic overflow and wrapping boundaries;
- established known vectors;
- composition or round-trip properties;
- agreement between a safe core and its ABI wrapper, when safely testable.

Validate after each coherent edit with the smallest relevant build or test target. Then run the project’s normal functionality tests and:

```sh
cargo check-unsafe2 --manifest-path {cargo_dir_path}/Cargo.toml
```

Treat checker failures as design feedback. Do not add exemptions or disguise unsafe-adjacent implementation code. If the checker rejects a new helper because it accepts raw pointers or embeds pointer state, move conversion into an existing legitimate ABI or ownership boundary, or abandon that candidate.

Before finishing, update `SAFETY_PLAN.md` as a concise working scratchpad containing:

- what actually changed in this iteration;
- which category is now complete;
- validation commands and outcomes;
- unsafe-entity count or reduction, if available;
- remaining work and the best next general category;
- behavioral traps, failed approaches, or dead ends future iterations should avoid.

In the final response, provide only a concise summary of the edits, their concrete safety impact, unsafe-entity reduction if known, and validation results. Do not include patches, full files, or lengthy explanations.",[0.41069695041402543]
"Continue the incremental safety refactor described in `SAFETY_PLAN.md`.

{target_goal}

{after_refactoring_instruction}

Work in one focused, high-value iteration rather than attempting a broad rewrite. First inspect `SAFETY_PLAN.md`, the current diff, relevant call sites, exports, tests, and build configuration. Select a coherent group of changes likely to remove many unsafe entities with low behavioral risk.

Use this general refactoring strategy:

- Separate C ABI boundaries from Rust implementations:
  - Keep exported symbols, calling conventions, parameter types, return types, and `#[repr(C)]` layouts ABI-compatible.
  - Prefer a thin `unsafe extern ""C""` wrapper for validation and raw-pointer conversion.
  - Move actual logic into private safe Rust functions using slices, references, arrays, enums, and `Option` where appropriate.
  - Do not expose a safe function that accepts unchecked foreign pointers or otherwise requires caller-maintained safety invariants.
- Prioritize easy, high-yield conversions:
  - Pure arithmetic, bit manipulation, bounds calculations, and state-independent helpers.
  - Read-only lookup tables currently declared `static mut`; convert them to immutable `static` or `const` when they are never modified.
  - Generated pointer loops that can be expressed with iterators, indexing, chunks, or slice operations.
  - Internal functions whose only reason for being unsafe is inherited `unsafe extern ""C""` syntax.
- Preserve exact C-compatible behavior:
  - Maintain null-pointer sentinel behavior, error codes, partial progress reporting, overflow behavior, and edge cases.
  - A null pointer must never be passed to `from_raw_parts`, even when the length is zero.
  - Before constructing a slice from a foreign pointer and length, validate every representability constraint required by Rust, including the `isize::MAX` bound where applicable.
  - Preserve intentional unsigned wrapping with explicit wrapping operations when overflow can occur; do not accidentally replace C wrapping behavior with debug-build panics.
  - Preserve callback behavior, ownership, allocation/free pairing, state transitions, and externally visible mutable state.
  - Do not use pointer subtraction or ordering unless both pointers are known to belong to the same live allocation. Prefer tracked lengths or indices where possible.
- Keep unsafe code narrowly localized and justified at genuine FFI or ownership boundaries. Merely deleting an `unsafe` keyword is not progress if unchecked invariants remain.
- Avoid introducing raw pointers, raw-pointer fields, integer-to-pointer casts, or new unsafe helpers into implementation code as a way to silence the checker.
- Avoid large mechanical formatting changes, generated-table rewrites, unrelated cleanup, and speculative architecture changes. Reuse existing tables and types when that keeps the patch small.
- Search all internal and cross-module callers before changing symbol ownership. In translated C projects, internal calls may resolve through exported symbol names rather than normal Rust module paths, so retain exactly one definition for each required external symbol.
- Add or extend compact tests for changed behavior, especially empty inputs, null sentinels, boundary lengths, overflow cases, known vectors, and composition/round-trip properties. Prefer tests that compare the safe core and ABI wrapper or established reference results.

Validate the smallest relevant target after each coherent edit, then run the project’s normal functionality tests. Also run:

```sh
cargo check-unsafe2 --manifest-path {cargo_dir_path}/Cargo.toml
```

This checker rejects improperly added unsafe code and newly added unsafe-adjacent implementation code, including raw-pointer arguments or fields and integer-to-pointer casts. Treat checker failures as design feedback: move validation/conversion to an existing legitimate boundary rather than adding exemptions or disguising pointer operations.

If a proposed conversion would require inventing unverifiable lifetimes, creating references to potentially aliased foreign memory, changing ABI semantics, or substantially expanding the patch, record it as a pitfall and choose a safer candidate instead.

Before finishing, update `SAFETY_PLAN.md` concisely with:
- what was actually changed this iteration;
- what is now complete;
- validation commands and outcomes;
- what remains and the best next general category of work;
- any behavioral traps, failed approaches, or dead ends future iterations should avoid.

Keep `SAFETY_PLAN.md` as a working scratchpad, not a report. In the final response, give only a concise summary of changes, safety impact, and validation results.",[0.0]
"Continue the incremental safety refactor tracked in `SAFETY_PLAN.md`.

{target_goal}

{after_refactoring_instruction}

Perform one focused, high-yield iteration. Do not attempt a broad rewrite. Before editing, inspect:

- `SAFETY_PLAN.md`;
- the current working-tree diff;
- the crate manifest, build scripts, features, and target configuration;
- all definitions, exports, linker-visible symbols, and internal/cross-module callers relevant to a candidate;
- existing tests and the project’s normal validation commands;
- the latest unsafe-checker inventory or baseline.

Choose a coherent change set that removes many genuinely unsafe entities with low behavioral and ABI risk. Prefer, in this order:

1. Read-only generated lookup tables and descriptors incorrectly declared `static mut`, after proving there are no writes and no requirement that foreign code can mutate the exported object.
2. Pure scalar helpers involving arithmetic, bit manipulation, bounds, state classification, or table indexing whose unsafety is inherited only from translated-C syntax.
3. Read-only buffer algorithms that can use a private safe slice-based core plus a thin raw-pointer ABI wrapper.
4. Small generated pointer loops that can be replaced by indexing, iterators, chunks, or slice operations without changing overlap behavior or state transitions.

Avoid pointer-heavy compression/decompression state machines, allocation ownership, callbacks, and stream mutation unless a very small boundary can be isolated without inventing lifetimes or aliasing guarantees. Duplicated `#[repr(C)]` structs and raw-pointer fields are often ABI-required in translated C projects; do not redesign them merely to reduce an unsafe count.

Maintain ABI compatibility exactly:

- Keep exported symbol names, calling conventions, parameter and return types, global object sizes, and `#[repr(C)]` layouts unchanged.
- Preserve exactly one definition of every linker-visible symbol. Internal translated modules may call an exported symbol through an `extern ""C""` declaration rather than a Rust module path.
- Introduce private safe Rust cores with slices, references, arrays, enums, or `Option`; keep raw-pointer validation and conversion inside the existing legitimate FFI boundary.
- Never expose a safe Rust function whose caller must uphold raw-pointer validity, aliasing, ownership, callback, or lifetime invariants.
- Do not make an ABI wrapper safe merely to remove an `unsafe` keyword.
- If a global is exported as writable or foreign code may legally modify it, retain its mutability. A table is a candidate for immutable `static` only when repository-wide searches and ABI expectations show it is read-only.
- When changing a huge generated table, edit only its declaration and necessary uses. Do not rewrite, regenerate, or reformat its initializer.

Preserve C and zlib-compatible behavior, including obscure cases:

- Null checksum input is a sentinel in this codebase: the Adler-family behavior returns its initialization value, while the CRC-family behavior returns zero. Preserve the established ordering and result for zero and nonzero lengths.
- Negative lengths in checksum-combine operations use established sentinel results; preserve them.
- Preserve 32-bit checksum masking even where the C ABI uses a platform-width `unsigned long`.
- Treat `c_ulong`, `off_t`, and related aliases as target-dependent widths. Do not assume the host and target widths are interchangeable.
- Preserve null-pointer sentinels, error codes, partial progress, output-length updates, callback ordering, allocation/free pairing, stream state, and externally visible globals.
- Preserve intentional unsigned overflow using explicit wrapping operations. Do not introduce debug-build panics by replacing C wrapping arithmetic with ordinary addition, subtraction, or multiplication where overflow is possible.
- Do not use pointer subtraction, ordering, or `offset_from` unless both pointers are proven to belong to the same live allocation. Prefer tracked offsets and lengths.
- Distinguish overlapping copies from non-overlapping copies; iterator or slice rewrites must preserve overlap semantics.

For raw pointer and length conversion:

- Never call `from_raw_parts` or `from_raw_parts_mut` with a null pointer, including when length is zero.
- Check every Rust representability requirement before constructing a slice, including alignment where relevant, `len * size_of::<T>()` overflow, and the `isize::MAX` byte-size bound.
- These checks do not prove foreign memory validity; the wrapper must remain unsafe and document that remaining FFI contract.
- Do not create simultaneous references when foreign buffers may alias. If ABI semantics permit aliasing that Rust references cannot represent, leave the implementation at the raw-pointer boundary and select another candidate.

Do not add unsafe-adjacent implementation machinery to satisfy the checker:

- no new raw-pointer arguments or fields in safe implementation code;
- no integer-to-pointer casts;
- no broad unsafe helper abstractions;
- no exemptions, allow-list changes, or disguised pointer arithmetic;
- no unrelated cleanup or mechanical formatting.

Add compact tests for the changed behavior. Depending on the selected category, cover empty input, null sentinels through ABI wrappers, boundary lengths, noncanonical seeds, overflow behavior, known vectors, combine/composition properties, stable table contents, and agreement between safe cores and ABI wrappers. Avoid large generated fixtures.

Validate after each coherent edit with the smallest relevant command, then run the project’s normal functionality tests. Also run:

```sh
cargo check-unsafe2 --manifest-path {cargo_dir_path}/Cargo.toml
```

Treat checker failures as design feedback. Compare the unsafe inventory with the pre-iteration baseline and report the actual reduction; do not optimize the number by moving unchecked invariants into nominally safe code.

Before finishing, update `SAFETY_PLAN.md` as a concise working scratchpad with:

- the exact category changed this iteration;
- what is now complete;
- unsafe-count change, if available;
- validation commands and outcomes;
- remaining work and the best next general category;
- behavioral traps, rejected candidates, and dead ends future iterations should avoid.

Keep the patch and response economical. Do not print complete source files or large table initializers. In the final response, provide only a concise summary of the changes, genuine safety impact, unsafe-count delta, and validation results.",[0.19062577422823002]
"Continue the incremental safety refactor tracked in `SAFETY_PLAN.md`.

{target_goal}

{after_refactoring_instruction}

Perform one focused, high-yield iteration. Do not attempt a broad rewrite. Before editing, inspect:

- `SAFETY_PLAN.md`;
- the current working-tree diff;
- the crate manifest, build scripts, features, and target configuration;
- all definitions, exports, linker-visible symbols, and internal/cross-module callers relevant to a candidate;
- existing tests and the project’s normal validation commands;
- the latest unsafe-checker inventory or baseline.

Choose a coherent change set that removes many genuinely unsafe entities with low behavioral and ABI risk. Prefer, in this order:

1. Read-only generated lookup tables and descriptors incorrectly declared `static mut`, after proving there are no writes and no requirement that foreign code can mutate the exported object.
2. Pure scalar helpers involving arithmetic, bit manipulation, bounds, state classification, or table indexing whose unsafety is inherited only from translated-C syntax.
3. Read-only buffer algorithms that can use a private safe slice-based core plus a thin raw-pointer ABI wrapper.
4. Small generated pointer loops that can be replaced by indexing, iterators, chunks, or slice operations without changing overlap behavior or state transitions.

Avoid pointer-heavy compression/decompression state machines, allocation ownership, callbacks, and stream mutation unless a very small boundary can be isolated without inventing lifetimes or aliasing guarantees. Duplicated `#[repr(C)]` structs and raw-pointer fields are often ABI-required in translated C projects; do not redesign them merely to reduce an unsafe count.

Maintain ABI compatibility exactly:

- Keep exported symbol names, calling conventions, parameter and return types, global object sizes, and `#[repr(C)]` layouts unchanged.
- Preserve exactly one definition of every linker-visible symbol. Internal translated modules may call an exported symbol through an `extern ""C""` declaration rather than a Rust module path.
- Introduce private safe Rust cores with slices, references, arrays, enums, or `Option`; keep raw-pointer validation and conversion inside the existing legitimate FFI boundary.
- Never expose a safe Rust function whose caller must uphold raw-pointer validity, aliasing, ownership, callback, or lifetime invariants.
- Do not make an ABI wrapper safe merely to remove an `unsafe` keyword.
- If a global is exported as writable or foreign code may legally modify it, retain its mutability. A table is a candidate for immutable `static` only when repository-wide searches and ABI expectations show it is read-only.
- When changing a huge generated table, edit only its declaration and necessary uses. Do not rewrite, regenerate, or reformat its initializer.

Preserve C and zlib-compatible behavior, including obscure cases:

- Null checksum input is a sentinel in this codebase: the Adler-family behavior returns its initialization value, while the CRC-family behavior returns zero. Preserve the established ordering and result for zero and nonzero lengths.
- Negative lengths in checksum-combine operations use established sentinel results; preserve them.
- Preserve 32-bit checksum masking even where the C ABI uses a platform-width `unsigned long`.
- Treat `c_ulong`, `off_t`, and related aliases as target-dependent widths. Do not assume the host and target widths are interchangeable.
- Preserve null-pointer sentinels, error codes, partial progress, output-length updates, callback ordering, allocation/free pairing, stream state, and externally visible globals.
- Preserve intentional unsigned overflow using explicit wrapping operations. Do not introduce debug-build panics by replacing C wrapping arithmetic with ordinary addition, subtraction, or multiplication where overflow is possible.
- Do not use pointer subtraction, ordering, or `offset_from` unless both pointers are proven to belong to the same live allocation. Prefer tracked offsets and lengths.
- Distinguish overlapping copies from non-overlapping copies; iterator or slice rewrites must preserve overlap semantics.

For raw pointer and length conversion:

- Never call `from_raw_parts` or `from_raw_parts_mut` with a null pointer, including when length is zero.
- Check every Rust representability requirement before constructing a slice, including alignment where relevant, `len * size_of::<T>()` overflow, and the `isize::MAX` byte-size bound.
- These checks do not prove foreign memory validity; the wrapper must remain unsafe and document that remaining FFI contract.
- Do not create simultaneous references when foreign buffers may alias. If ABI semantics permit aliasing that Rust references cannot represent, leave the implementation at the raw-pointer boundary and select another candidate.

Do not add unsafe-adjacent implementation machinery to satisfy the checker:

- no new raw-pointer arguments or fields in safe implementation code;
- no integer-to-pointer casts;
- no broad unsafe helper abstractions;
- no exemptions, allow-list changes, or disguised pointer arithmetic;
- no unrelated cleanup or mechanical formatting.

Add compact tests for the changed behavior. Depending on the selected category, cover empty input, null sentinels through ABI wrappers, boundary lengths, noncanonical seeds, overflow behavior, known vectors, combine/composition properties, stable table contents, and agreement between safe cores and ABI wrappers. Avoid large generated fixtures.

Validate after each coherent edit with the smallest relevant command, then run the project’s normal functionality tests. Also run:

```sh
cargo check-unsafe2 --manifest-path {cargo_dir_path}/Cargo.toml
```

Treat checker failures as design feedback. Compare the unsafe inventory with the pre-iteration baseline and report the actual reduction; do not optimize the number by moving unchecked invariants into nominally safe code.

Before finishing, update `SAFETY_PLAN.md` as a concise working scratchpad with:

- the exact category changed this iteration;
- what is now complete;
- unsafe-count change, if available;
- validation commands and outcomes;
- remaining work and the best next general category;
- behavioral traps, rejected candidates, and dead ends future iterations should avoid.

Keep the patch and response economical. Do not print complete source files or large table initializers. In the final response, provide only a concise summary of the changes, genuine safety impact, unsafe-count delta, and validation results.",[0.16401095402560367]
"Continue the incremental safety refactor described in `SAFETY_PLAN.md`.

{target_goal}

{after_refactoring_instruction}

Work in one focused, high-value iteration rather than attempting a broad rewrite. First inspect `SAFETY_PLAN.md`, the current diff, relevant call sites, exports, tests, and build configuration. Select a coherent group of changes likely to remove many unsafe entities with low behavioral risk.

Use this general refactoring strategy:

- Separate C ABI boundaries from Rust implementations:
  - Keep exported symbols, calling conventions, parameter types, return types, and `#[repr(C)]` layouts ABI-compatible.
  - Prefer a thin `unsafe extern ""C""` wrapper for validation and raw-pointer conversion.
  - Move actual logic into private safe Rust functions using slices, references, arrays, enums, and `Option` where appropriate.
  - Do not expose a safe function that accepts unchecked foreign pointers or otherwise requires caller-maintained safety invariants.
- Prioritize easy, high-yield conversions:
  - Pure arithmetic, bit manipulation, bounds calculations, and state-independent helpers.
  - Read-only lookup tables currently declared `static mut`; convert them to immutable `static` or `const` when they are never modified.
  - Generated pointer loops that can be expressed with iterators, indexing, chunks, or slice operations.
  - Internal functions whose only reason for being unsafe is inherited `unsafe extern ""C""` syntax.
- Preserve exact C-compatible behavior:
  - Maintain null-pointer sentinel behavior, error codes, partial progress reporting, overflow behavior, and edge cases.
  - A null pointer must never be passed to `from_raw_parts`, even when the length is zero.
  - Before constructing a slice from a foreign pointer and length, validate every representability constraint required by Rust, including the `isize::MAX` bound where applicable.
  - Preserve intentional unsigned wrapping with explicit wrapping operations when overflow can occur; do not accidentally replace C wrapping behavior with debug-build panics.
  - Preserve callback behavior, ownership, allocation/free pairing, state transitions, and externally visible mutable state.
  - Do not use pointer subtraction or ordering unless both pointers are known to belong to the same live allocation. Prefer tracked lengths or indices where possible.
- Keep unsafe code narrowly localized and justified at genuine FFI or ownership boundaries. Merely deleting an `unsafe` keyword is not progress if unchecked invariants remain.
- Avoid introducing raw pointers, raw-pointer fields, integer-to-pointer casts, or new unsafe helpers into implementation code as a way to silence the checker.
- Avoid large mechanical formatting changes, generated-table rewrites, unrelated cleanup, and speculative architecture changes. Reuse existing tables and types when that keeps the patch small.
- Search all internal and cross-module callers before changing symbol ownership. In translated C projects, internal calls may resolve through exported symbol names rather than normal Rust module paths, so retain exactly one definition for each required external symbol.
- Add or extend compact tests for changed behavior, especially empty inputs, null sentinels, boundary lengths, overflow cases, known vectors, and composition/round-trip properties. Prefer tests that compare the safe core and ABI wrapper or established reference results.

Validate the smallest relevant target after each coherent edit, then run the project’s normal functionality tests. Also run:

```sh
cargo check-unsafe2 --manifest-path {cargo_dir_path}/Cargo.toml
```

This checker rejects improperly added unsafe code and newly added unsafe-adjacent implementation code, including raw-pointer arguments or fields and integer-to-pointer casts. Treat checker failures as design feedback: move validation/conversion to an existing legitimate boundary rather than adding exemptions or disguising pointer operations.

If a proposed conversion would require inventing unverifiable lifetimes, creating references to potentially aliased foreign memory, changing ABI semantics, or substantially expanding the patch, record it as a pitfall and choose a safer candidate instead.

Before finishing, update `SAFETY_PLAN.md` concisely with:
- what was actually changed this iteration;
- what is now complete;
- validation commands and outcomes;
- what remains and the best next general category of work;
- any behavioral traps, failed approaches, or dead ends future iterations should avoid.

Keep `SAFETY_PLAN.md` as a working scratchpad, not a report. In the final response, give only a concise summary of changes, safety impact, and validation results.",[0.0]
"Continue the incremental Rust safety refactor described in `SAFETY_PLAN.md`.

{target_goal}

{after_refactoring_instruction}

Work directly in the repository and complete one focused, high-value iteration. Do not attempt a broad rewrite and do not reproduce unchanged source files in the response.

Start by inspecting:

- `SAFETY_PLAN.md`;
- the current diff and repository status;
- the unsafe-checker output or current unsafe inventory;
- all callers and exports related to candidate changes;
- relevant headers, tests, build scripts, symbol/link configuration, and target architecture assumptions.

The previous iteration demonstrated that converting checksum-style pointer loops into safe slice cores and making genuinely read-only lookup tables immutable can remove many unsafe entities with little behavioral risk. In the observed snapshot, the unsafe count fell from 6604 to 6353 while functionality tests continued to pass. Treat those numbers as a potentially stale baseline and re-measure rather than assuming they still apply.

Choose candidates by expected unsafe reduction divided by semantic risk and patch size. Prefer a coherent cluster from these general categories:

1. Pure arithmetic and bit-manipulation routines.
   - Move implementations into private safe Rust functions.
   - Preserve the platform widths of C aliases such as `c_uint`, `c_ulong`, and signed offset types.
   - Use explicit wrapping operations wherever C unsigned arithmetic can overflow.
   - Preserve negative-length sentinels, masks, truncation, and platform-dependent results.
   - Raw-pointer-free ABI exports may be safe `extern ""C""` functions: Rust’s `unsafe` qualifier is not part of the C ABI.
   - Functions that only return a raw pointer to immutable static storage can also be safe when calling the function itself requires no invariant; dereferencing the returned pointer remains the caller’s responsibility.

2. Read-only translated globals and local tables.
   - Convert `static mut` to immutable `static` or `const` only after confirming there are no Rust or foreign writes and that the corresponding C declaration is read-only.
   - Include generated decoding tables, permutation arrays, base/extra-bit tables, configuration data, and version strings when they are truly immutable.
   - Update reads to ordinary indexing or immutable references.
   - Do not add `unsafe impl Sync`, wrapper pointer types, integer-to-pointer casts, or other unsafe machinery merely to make an immutable conversion compile.
   - Avoid rewriting large table literals. Change declarations and access expressions only.

3. Generated loops over established arrays or buffers.
   - Replace pointer loops with indexing, iterators, slices, chunks, array operations, or safe copying when allocation bounds are already known.
   - Keep reductions at the same points where the C algorithm relies on bounded intermediates; for example, checksum block sizes can be necessary to prevent overflow on 32-bit targets.
   - Do not replace a highly optimized implementation with a substantially slower algorithm unless equivalence and the performance tradeoff are acceptable for this project.

4. Internal functions that are unsafe only because of translated syntax.
   - Remove `unsafe` and `extern ""C""` from private implementation helpers when they accept only safe values and perform only safe operations.
   - Do not make a function safe if it accepts unchecked foreign pointers, depends on aliasing or lifetime guarantees, accesses mutable globals, or calls unsafe callbacks.
   - Merely deleting the keyword while leaving hidden caller-maintained invariants is not progress.

Keep the ABI boundary separate from safe implementation logic:

- Preserve exactly one definition of every required exported symbol.
- Preserve symbol names, calling conventions, parameter and return types, `#[repr(C)]` layouts, callback signatures, and allocation/free pairing.
- Translated projects may call a Rust-defined symbol through an `extern ""C""` declaration in another module. Search textually for declarations, `#[export_name]`, `#[no_mangle]`, zero-length extern-array declarations, generated bindings, and linker references before removing or renaming anything.
- Do not redesign raw-pointer fields in C-compatible state structures during this iteration. Those fields are usually ABI and ownership boundaries and are poor low-risk candidates.
- For pointer-taking APIs, leave a thin `unsafe extern ""C""` wrapper that performs all representable validation and then delegates to a safe core using slices, arrays, references, enums, or `Option`.
- Add a short `SAFETY` comment at each new raw-pointer conversion explaining the remaining caller obligation.

Preserve exact foreign-visible behavior:

- Null-pointer sentinel handling and error codes must remain unchanged.
- Check null pointers before dereferencing them.
- Never pass a null pointer to `from_raw_parts` or `from_raw_parts_mut`, including when the length is zero.
- Before constructing a slice, validate the Rust representability constraints that can be checked, including byte-size overflow and the `isize::MAX` bound.
- Remember that non-nullness and length checks cannot establish allocation validity, initialization, alignment, lifetime, or aliasing. Those obligations must remain confined to an unsafe FFI or ownership boundary.
- Preserve empty-input behavior, partial progress counters, callback order, state transitions, mutable external state, and error precedence.
- Avoid creating `&mut` references to foreign state unless exclusive access is genuinely guaranteed for the reference’s full lifetime. Raw-pointer field access may need to remain at the unsafe boundary.
- Do not use pointer subtraction, ordering, or `offset_from` unless both pointers are known to belong to the same live allocation. Prefer tracked lengths and indices.
- Do not “fix” suspicious translated expressions, tautological width checks, or unrelated correctness issues unless the selected iteration specifically covers them and reference behavior is established.
- Do not move writable ABI globals into read-only memory unless foreign writes are explicitly forbidden by the public C contract.

Keep the patch compact:

- Avoid generated-table rewrites, broad formatting, mass renaming, duplicated wrappers, speculative abstractions, and unrelated cleanup.
- Reuse existing data and types where practical.
- If a candidate requires invented lifetimes, unverifiable aliasing claims, invasive state redesign, or many cross-module changes, document it as a pitfall and select a safer candidate.
- Prefer several adjacent trivial conversions over one large state-machine or ownership conversion.
- Do not add exemptions or conceal unsafe operations to satisfy the checker.

Add compact tests appropriate to the selected cluster. Cover relevant cases such as:

- empty inputs and null sentinels;
- lengths around algorithmic block boundaries;
- maximum-width and overflow values;
- known reference vectors;
- incremental/composition properties;
- agreement between the safe core and ABI wrapper when the wrapper can be called with valid storage;
- exported symbol availability where the build system supports checking it.

Avoid adding unnecessary unsafe test code solely for coverage. When ABI wrapper tests require unsafe calls, keep those calls narrowly scoped and justified.

Validate after each coherent edit using the smallest relevant command, then run the project’s normal functionality tests. Also run:

```sh
cargo check-unsafe2 --manifest-path {cargo_dir_path}/Cargo.toml
```

Treat checker failures as design feedback. In particular, do not respond by adding raw-pointer parameters or fields to implementation helpers, integer-to-pointer casts, unsafe trait implementations, or new broad unsafe blocks. Move validation and conversion back to an existing legitimate boundary or abandon the candidate.

Before finishing:

1. Review the diff for accidental table churn, duplicate symbols, ABI changes, and changed sentinel behavior.
2. Re-run the relevant tests and unsafe checker.
3. If available, record the new unsafe count and compare it with the pre-iteration count.
4. Update `SAFETY_PLAN.md` concisely with:
   - what actually changed;
   - what category is now complete;
   - commands run and their exact outcomes;
   - unsafe-count impact, if measured;
   - remaining high-value categories;
   - failed approaches and behavioral traps future iterations should avoid.

Keep `SAFETY_PLAN.md` as a working scratchpad rather than a narrative report. Do not claim that a command passed unless it was actually run.

In the final response, provide only a concise summary of the changed category, safety impact, unsafe-count change if known, and validation results.",[0.11783929627447276]
"Continue the incremental Rust safety refactor described in `SAFETY_PLAN.md`.

{target_goal}

{after_refactoring_instruction}

Work directly in the repository and complete one focused, high-value iteration. Do not attempt a broad rewrite and do not reproduce unchanged source files in the response.

Start by inspecting:

- `SAFETY_PLAN.md`;
- the current diff and repository status;
- the unsafe-checker output or current unsafe inventory;
- all callers and exports related to candidate changes;
- relevant headers, tests, build scripts, symbol/link configuration, and target architecture assumptions.

The previous iteration demonstrated that converting checksum-style pointer loops into safe slice cores and making genuinely read-only lookup tables immutable can remove many unsafe entities with little behavioral risk. In the observed snapshot, the unsafe count fell from 6604 to 6353 while functionality tests continued to pass. Treat those numbers as a potentially stale baseline and re-measure rather than assuming they still apply.

Choose candidates by expected unsafe reduction divided by semantic risk and patch size. Prefer a coherent cluster from these general categories:

1. Pure arithmetic and bit-manipulation routines.
   - Move implementations into private safe Rust functions.
   - Preserve the platform widths of C aliases such as `c_uint`, `c_ulong`, and signed offset types.
   - Use explicit wrapping operations wherever C unsigned arithmetic can overflow.
   - Preserve negative-length sentinels, masks, truncation, and platform-dependent results.
   - Raw-pointer-free ABI exports may be safe `extern ""C""` functions: Rust’s `unsafe` qualifier is not part of the C ABI.
   - Functions that only return a raw pointer to immutable static storage can also be safe when calling the function itself requires no invariant; dereferencing the returned pointer remains the caller’s responsibility.

2. Read-only translated globals and local tables.
   - Convert `static mut` to immutable `static` or `const` only after confirming there are no Rust or foreign writes and that the corresponding C declaration is read-only.
   - Include generated decoding tables, permutation arrays, base/extra-bit tables, configuration data, and version strings when they are truly immutable.
   - Update reads to ordinary indexing or immutable references.
   - Do not add `unsafe impl Sync`, wrapper pointer types, integer-to-pointer casts, or other unsafe machinery merely to make an immutable conversion compile.
   - Avoid rewriting large table literals. Change declarations and access expressions only.

3. Generated loops over established arrays or buffers.
   - Replace pointer loops with indexing, iterators, slices, chunks, array operations, or safe copying when allocation bounds are already known.
   - Keep reductions at the same points where the C algorithm relies on bounded intermediates; for example, checksum block sizes can be necessary to prevent overflow on 32-bit targets.
   - Do not replace a highly optimized implementation with a substantially slower algorithm unless equivalence and the performance tradeoff are acceptable for this project.

4. Internal functions that are unsafe only because of translated syntax.
   - Remove `unsafe` and `extern ""C""` from private implementation helpers when they accept only safe values and perform only safe operations.
   - Do not make a function safe if it accepts unchecked foreign pointers, depends on aliasing or lifetime guarantees, accesses mutable globals, or calls unsafe callbacks.
   - Merely deleting the keyword while leaving hidden caller-maintained invariants is not progress.

Keep the ABI boundary separate from safe implementation logic:

- Preserve exactly one definition of every required exported symbol.
- Preserve symbol names, calling conventions, parameter and return types, `#[repr(C)]` layouts, callback signatures, and allocation/free pairing.
- Translated projects may call a Rust-defined symbol through an `extern ""C""` declaration in another module. Search textually for declarations, `#[export_name]`, `#[no_mangle]`, zero-length extern-array declarations, generated bindings, and linker references before removing or renaming anything.
- Do not redesign raw-pointer fields in C-compatible state structures during this iteration. Those fields are usually ABI and ownership boundaries and are poor low-risk candidates.
- For pointer-taking APIs, leave a thin `unsafe extern ""C""` wrapper that performs all representable validation and then delegates to a safe core using slices, arrays, references, enums, or `Option`.
- Add a short `SAFETY` comment at each new raw-pointer conversion explaining the remaining caller obligation.

Preserve exact foreign-visible behavior:

- Null-pointer sentinel handling and error codes must remain unchanged.
- Check null pointers before dereferencing them.
- Never pass a null pointer to `from_raw_parts` or `from_raw_parts_mut`, including when the length is zero.
- Before constructing a slice, validate the Rust representability constraints that can be checked, including byte-size overflow and the `isize::MAX` bound.
- Remember that non-nullness and length checks cannot establish allocation validity, initialization, alignment, lifetime, or aliasing. Those obligations must remain confined to an unsafe FFI or ownership boundary.
- Preserve empty-input behavior, partial progress counters, callback order, state transitions, mutable external state, and error precedence.
- Avoid creating `&mut` references to foreign state unless exclusive access is genuinely guaranteed for the reference’s full lifetime. Raw-pointer field access may need to remain at the unsafe boundary.
- Do not use pointer subtraction, ordering, or `offset_from` unless both pointers are known to belong to the same live allocation. Prefer tracked lengths and indices.
- Do not “fix” suspicious translated expressions, tautological width checks, or unrelated correctness issues unless the selected iteration specifically covers them and reference behavior is established.
- Do not move writable ABI globals into read-only memory unless foreign writes are explicitly forbidden by the public C contract.

Keep the patch compact:

- Avoid generated-table rewrites, broad formatting, mass renaming, duplicated wrappers, speculative abstractions, and unrelated cleanup.
- Reuse existing data and types where practical.
- If a candidate requires invented lifetimes, unverifiable aliasing claims, invasive state redesign, or many cross-module changes, document it as a pitfall and select a safer candidate.
- Prefer several adjacent trivial conversions over one large state-machine or ownership conversion.
- Do not add exemptions or conceal unsafe operations to satisfy the checker.

Add compact tests appropriate to the selected cluster. Cover relevant cases such as:

- empty inputs and null sentinels;
- lengths around algorithmic block boundaries;
- maximum-width and overflow values;
- known reference vectors;
- incremental/composition properties;
- agreement between the safe core and ABI wrapper when the wrapper can be called with valid storage;
- exported symbol availability where the build system supports checking it.

Avoid adding unnecessary unsafe test code solely for coverage. When ABI wrapper tests require unsafe calls, keep those calls narrowly scoped and justified.

Validate after each coherent edit using the smallest relevant command, then run the project’s normal functionality tests. Also run:

```sh
cargo check-unsafe2 --manifest-path {cargo_dir_path}/Cargo.toml
```

Treat checker failures as design feedback. In particular, do not respond by adding raw-pointer parameters or fields to implementation helpers, integer-to-pointer casts, unsafe trait implementations, or new broad unsafe blocks. Move validation and conversion back to an existing legitimate boundary or abandon the candidate.

Before finishing:

1. Review the diff for accidental table churn, duplicate symbols, ABI changes, and changed sentinel behavior.
2. Re-run the relevant tests and unsafe checker.
3. If available, record the new unsafe count and compare it with the pre-iteration count.
4. Update `SAFETY_PLAN.md` concisely with:
   - what actually changed;
   - what category is now complete;
   - commands run and their exact outcomes;
   - unsafe-count impact, if measured;
   - remaining high-value categories;
   - failed approaches and behavioral traps future iterations should avoid.

Keep `SAFETY_PLAN.md` as a working scratchpad rather than a narrative report. Do not claim that a command passed unless it was actually run.

In the final response, provide only a concise summary of the changed category, safety impact, unsafe-count change if known, and validation results.",[0.0]
"Continue the incremental safety refactor described in `SAFETY_PLAN.md`.

{target_goal}

{after_refactoring_instruction}

Work in one focused, high-value iteration rather than attempting a broad rewrite. First inspect `SAFETY_PLAN.md`, the current diff, relevant call sites, exports, tests, and build configuration. Select a coherent group of changes likely to remove many unsafe entities with low behavioral risk.

Use this general refactoring strategy:

- Separate C ABI boundaries from Rust implementations:
  - Keep exported symbols, calling conventions, parameter types, return types, and `#[repr(C)]` layouts ABI-compatible.
  - Prefer a thin `unsafe extern ""C""` wrapper for validation and raw-pointer conversion.
  - Move actual logic into private safe Rust functions using slices, references, arrays, enums, and `Option` where appropriate.
  - Do not expose a safe function that accepts unchecked foreign pointers or otherwise requires caller-maintained safety invariants.
- Prioritize easy, high-yield conversions:
  - Pure arithmetic, bit manipulation, bounds calculations, and state-independent helpers.
  - Read-only lookup tables currently declared `static mut`; convert them to immutable `static` or `const` when they are never modified.
  - Generated pointer loops that can be expressed with iterators, indexing, chunks, or slice operations.
  - Internal functions whose only reason for being unsafe is inherited `unsafe extern ""C""` syntax.
- Preserve exact C-compatible behavior:
  - Maintain null-pointer sentinel behavior, error codes, partial progress reporting, overflow behavior, and edge cases.
  - A null pointer must never be passed to `from_raw_parts`, even when the length is zero.
  - Before constructing a slice from a foreign pointer and length, validate every representability constraint required by Rust, including the `isize::MAX` bound where applicable.
  - Preserve intentional unsigned wrapping with explicit wrapping operations when overflow can occur; do not accidentally replace C wrapping behavior with debug-build panics.
  - Preserve callback behavior, ownership, allocation/free pairing, state transitions, and externally visible mutable state.
  - Do not use pointer subtraction or ordering unless both pointers are known to belong to the same live allocation. Prefer tracked lengths or indices where possible.
- Keep unsafe code narrowly localized and justified at genuine FFI or ownership boundaries. Merely deleting an `unsafe` keyword is not progress if unchecked invariants remain.
- Avoid introducing raw pointers, raw-pointer fields, integer-to-pointer casts, or new unsafe helpers into implementation code as a way to silence the checker.
- Avoid large mechanical formatting changes, generated-table rewrites, unrelated cleanup, and speculative architecture changes. Reuse existing tables and types when that keeps the patch small.
- Search all internal and cross-module callers before changing symbol ownership. In translated C projects, internal calls may resolve through exported symbol names rather than normal Rust module paths, so retain exactly one definition for each required external symbol.
- Add or extend compact tests for changed behavior, especially empty inputs, null sentinels, boundary lengths, overflow cases, known vectors, and composition/round-trip properties. Prefer tests that compare the safe core and ABI wrapper or established reference results.

Validate the smallest relevant target after each coherent edit, then run the project’s normal functionality tests. Also run:

```sh
cargo check-unsafe2 --manifest-path {cargo_dir_path}/Cargo.toml
```

This checker rejects improperly added unsafe code and newly added unsafe-adjacent implementation code, including raw-pointer arguments or fields and integer-to-pointer casts. Treat checker failures as design feedback: move validation/conversion to an existing legitimate boundary rather than adding exemptions or disguising pointer operations.

If a proposed conversion would require inventing unverifiable lifetimes, creating references to potentially aliased foreign memory, changing ABI semantics, or substantially expanding the patch, record it as a pitfall and choose a safer candidate instead.

Before finishing, update `SAFETY_PLAN.md` concisely with:
- what was actually changed this iteration;
- what is now complete;
- validation commands and outcomes;
- what remains and the best next general category of work;
- any behavioral traps, failed approaches, or dead ends future iterations should avoid.

Keep `SAFETY_PLAN.md` as a working scratchpad, not a report. In the final response, give only a concise summary of changes, safety impact, and validation results.",[0.15273143180104792]
"Continue the incremental safety refactor tracked in `SAFETY_PLAN.md`.

{target_goal}

{after_refactoring_instruction}

Perform one focused, high-yield iteration. Do not attempt a broad rewrite. Before editing, inspect:

- `SAFETY_PLAN.md` and the current diff;
- relevant definitions, all internal and cross-module callers, and exported symbols;
- tests, target/toolchain configuration, and the unsafe-checker setup.

Choose a coherent change set that removes many unsafe entities with low behavioral and ABI risk. Prefer, in order:

1. Read-only `static mut` data that can become immutable `static` or `const`, including generated lookup, coding, checksum, configuration, and fixed-table data. Verify there are no writes or externally required mutable data symbols before conversion.
2. Pure arithmetic, bit-manipulation, bounds, state classification, and table-selection helpers whose unsafety is inherited only from translated `unsafe extern ""C""` syntax.
3. Pointer loops with clearly known extents that can become safe slice/array implementations using iteration, indexing, `chunks`, `copy_from_slice`, or explicit indices.
4. Self-contained buffer algorithms that can have a private safe core accepting slices, arrays, references, enums, or `Option`, while retaining a thin ABI wrapper.

FFI and symbol rules:

- Preserve every required exported symbol exactly once, including symbol name, calling convention, parameter and return types, and `#[repr(C)]` layout.
- In translated C projects, internal callers may use `extern ""C""` declarations and resolve through exported symbol names rather than Rust module paths. Search globally before renaming, removing, or moving a definition.
- Keep raw-pointer validation and conversion inside an existing legitimate unsafe ABI or ownership boundary.
- Never make a function safe if it still accepts unchecked foreign pointers, depends on foreign allocation validity, aliasing, initialization, callback, or lifetime invariants.
- Do not introduce raw-pointer arguments or fields, integer-to-pointer casts, pointer wrappers, or new unsafe helpers merely to satisfy the checker.
- Leave callback signatures, allocator/free pairing, ownership, state transitions, and externally visible mutable state unchanged.

Foreign slice construction rules:

- Handle null sentinels before constructing a slice.
- Never pass null to `from_raw_parts` or `from_raw_parts_mut`, even for length zero; route valid empty input through `&[]` or another non-null empty representation.
- Validate all Rust representability requirements before conversion, including byte-size overflow and the `isize::MAX` bound where applicable.
- Do not construct mutable references or slices when foreign memory may be aliased.
- Do not use pointer subtraction, ordering, or `offset_from` unless both pointers are proven to be within the same live allocation. Prefer tracked lengths and indices.
- Preserve the API’s established null behavior and error/sentinel return values. Do not normalize different null cases unless tests or the original contract prove them equivalent.

Behavioral compatibility rules:

- Preserve exact C-compatible wrapping, truncation, overflow detection, error codes, partial progress, and empty-input behavior. Use explicit `wrapping_*` operations where C unsigned overflow is intentional.
- Preserve optimized algorithm structure when observable behavior or platform handling could depend on it. For checksum, compression, and coding routines, test chunk boundaries, incremental composition, fixed known vectors, and endian-specific paths rather than assuming an algebraically similar rewrite is equivalent.
- Avoid pointer-alignment tricks when safe byte decoding such as native-endian array conversion provides the same semantics.
- Do not rewrite large generated tables or mechanically reformat unrelated code. Changing only a table’s mutability is preferable to regenerating it.
- Use APIs supported by the project’s configured Rust toolchain; do not assume newly stabilized slice features are available.

Testing and validation:

- Add only compact, targeted tests for changed behavior. Useful cases include empty input, null sentinels at the ABI boundary, zero and boundary lengths, chunk/block transitions, overflow sentinels, known vectors, reference comparisons, and composition or round-trip properties.
- When practical, compare the safe core against an established reference result and verify that the ABI wrapper delegates correctly.
- Validate the smallest relevant target after each coherent edit, then run the project’s normal functionality tests.
- Run:
  `cargo check-unsafe2 --manifest-path {cargo_dir_path}/Cargo.toml`
- Treat checker failures as design feedback. Move conversions to a real boundary or choose another candidate; do not add exemptions or disguise unsafe operations.
- If available, compare unsafe-entity counts before and after and record the reduction. Do not claim safety progress based only on deleting `unsafe` keywords.

If a candidate requires unverifiable lifetimes, references to potentially aliased foreign memory, changes to ABI semantics, broad ownership redesign, or substantial generated-code churn, stop and record it as a pitfall. Select a safer candidate instead.

Before finishing, update `SAFETY_PLAN.md` as a concise working scratchpad with:

- changes actually made this iteration;
- what category is now complete;
- validation commands and outcomes;
- unsafe-entity reduction, if measured;
- remaining work and the best next general category;
- behavioral traps, failed approaches, or dead ends to avoid.

Keep the patch and response small. Do not print complete source files or long generated tables. In the final response, provide only a concise summary of the changes, safety impact, unsafe-count change if known, and validation results.",[0.38233413569717845]
"Continue the incremental safety refactor tracked in `SAFETY_PLAN.md`.

{target_goal}

{after_refactoring_instruction}

Perform one focused, high-yield iteration. Do not attempt a broad rewrite. Before editing, inspect:

- `SAFETY_PLAN.md` and the current diff;
- relevant definitions, all internal and cross-module callers, and exported symbols;
- tests, target/toolchain configuration, and the unsafe-checker setup.

Choose a coherent change set that removes many unsafe entities with low behavioral and ABI risk. Prefer, in order:

1. Read-only `static mut` data that can become immutable `static` or `const`, including generated lookup, coding, checksum, configuration, and fixed-table data. Verify there are no writes or externally required mutable data symbols before conversion.
2. Pure arithmetic, bit-manipulation, bounds, state classification, and table-selection helpers whose unsafety is inherited only from translated `unsafe extern ""C""` syntax.
3. Pointer loops with clearly known extents that can become safe slice/array implementations using iteration, indexing, `chunks`, `copy_from_slice`, or explicit indices.
4. Self-contained buffer algorithms that can have a private safe core accepting slices, arrays, references, enums, or `Option`, while retaining a thin ABI wrapper.

FFI and symbol rules:

- Preserve every required exported symbol exactly once, including symbol name, calling convention, parameter and return types, and `#[repr(C)]` layout.
- In translated C projects, internal callers may use `extern ""C""` declarations and resolve through exported symbol names rather than Rust module paths. Search globally before renaming, removing, or moving a definition.
- Keep raw-pointer validation and conversion inside an existing legitimate unsafe ABI or ownership boundary.
- Never make a function safe if it still accepts unchecked foreign pointers, depends on foreign allocation validity, aliasing, initialization, callback, or lifetime invariants.
- Do not introduce raw-pointer arguments or fields, integer-to-pointer casts, pointer wrappers, or new unsafe helpers merely to satisfy the checker.
- Leave callback signatures, allocator/free pairing, ownership, state transitions, and externally visible mutable state unchanged.

Foreign slice construction rules:

- Handle null sentinels before constructing a slice.
- Never pass null to `from_raw_parts` or `from_raw_parts_mut`, even for length zero; route valid empty input through `&[]` or another non-null empty representation.
- Validate all Rust representability requirements before conversion, including byte-size overflow and the `isize::MAX` bound where applicable.
- Do not construct mutable references or slices when foreign memory may be aliased.
- Do not use pointer subtraction, ordering, or `offset_from` unless both pointers are proven to be within the same live allocation. Prefer tracked lengths and indices.
- Preserve the API’s established null behavior and error/sentinel return values. Do not normalize different null cases unless tests or the original contract prove them equivalent.

Behavioral compatibility rules:

- Preserve exact C-compatible wrapping, truncation, overflow detection, error codes, partial progress, and empty-input behavior. Use explicit `wrapping_*` operations where C unsigned overflow is intentional.
- Preserve optimized algorithm structure when observable behavior or platform handling could depend on it. For checksum, compression, and coding routines, test chunk boundaries, incremental composition, fixed known vectors, and endian-specific paths rather than assuming an algebraically similar rewrite is equivalent.
- Avoid pointer-alignment tricks when safe byte decoding such as native-endian array conversion provides the same semantics.
- Do not rewrite large generated tables or mechanically reformat unrelated code. Changing only a table’s mutability is preferable to regenerating it.
- Use APIs supported by the project’s configured Rust toolchain; do not assume newly stabilized slice features are available.

Testing and validation:

- Add only compact, targeted tests for changed behavior. Useful cases include empty input, null sentinels at the ABI boundary, zero and boundary lengths, chunk/block transitions, overflow sentinels, known vectors, reference comparisons, and composition or round-trip properties.
- When practical, compare the safe core against an established reference result and verify that the ABI wrapper delegates correctly.
- Validate the smallest relevant target after each coherent edit, then run the project’s normal functionality tests.
- Run:
  `cargo check-unsafe2 --manifest-path {cargo_dir_path}/Cargo.toml`
- Treat checker failures as design feedback. Move conversions to a real boundary or choose another candidate; do not add exemptions or disguise unsafe operations.
- If available, compare unsafe-entity counts before and after and record the reduction. Do not claim safety progress based only on deleting `unsafe` keywords.

If a candidate requires unverifiable lifetimes, references to potentially aliased foreign memory, changes to ABI semantics, broad ownership redesign, or substantial generated-code churn, stop and record it as a pitfall. Select a safer candidate instead.

Before finishing, update `SAFETY_PLAN.md` as a concise working scratchpad with:

- changes actually made this iteration;
- what category is now complete;
- validation commands and outcomes;
- unsafe-entity reduction, if measured;
- remaining work and the best next general category;
- behavioral traps, failed approaches, or dead ends to avoid.

Keep the patch and response small. Do not print complete source files or long generated tables. In the final response, provide only a concise summary of the changes, safety impact, unsafe-count change if known, and validation results.",[0.31219311200498767]
"Continue the incremental safety refactor described in `SAFETY_PLAN.md`.

{target_goal}

{after_refactoring_instruction}

Work in one focused, high-value iteration rather than attempting a broad rewrite. First inspect `SAFETY_PLAN.md`, the current diff, relevant call sites, exports, tests, and build configuration. Select a coherent group of changes likely to remove many unsafe entities with low behavioral risk.

Use this general refactoring strategy:

- Separate C ABI boundaries from Rust implementations:
  - Keep exported symbols, calling conventions, parameter types, return types, and `#[repr(C)]` layouts ABI-compatible.
  - Prefer a thin `unsafe extern ""C""` wrapper for validation and raw-pointer conversion.
  - Move actual logic into private safe Rust functions using slices, references, arrays, enums, and `Option` where appropriate.
  - Do not expose a safe function that accepts unchecked foreign pointers or otherwise requires caller-maintained safety invariants.
- Prioritize easy, high-yield conversions:
  - Pure arithmetic, bit manipulation, bounds calculations, and state-independent helpers.
  - Read-only lookup tables currently declared `static mut`; convert them to immutable `static` or `const` when they are never modified.
  - Generated pointer loops that can be expressed with iterators, indexing, chunks, or slice operations.
  - Internal functions whose only reason for being unsafe is inherited `unsafe extern ""C""` syntax.
- Preserve exact C-compatible behavior:
  - Maintain null-pointer sentinel behavior, error codes, partial progress reporting, overflow behavior, and edge cases.
  - A null pointer must never be passed to `from_raw_parts`, even when the length is zero.
  - Before constructing a slice from a foreign pointer and length, validate every representability constraint required by Rust, including the `isize::MAX` bound where applicable.
  - Preserve intentional unsigned wrapping with explicit wrapping operations when overflow can occur; do not accidentally replace C wrapping behavior with debug-build panics.
  - Preserve callback behavior, ownership, allocation/free pairing, state transitions, and externally visible mutable state.
  - Do not use pointer subtraction or ordering unless both pointers are known to belong to the same live allocation. Prefer tracked lengths or indices where possible.
- Keep unsafe code narrowly localized and justified at genuine FFI or ownership boundaries. Merely deleting an `unsafe` keyword is not progress if unchecked invariants remain.
- Avoid introducing raw pointers, raw-pointer fields, integer-to-pointer casts, or new unsafe helpers into implementation code as a way to silence the checker.
- Avoid large mechanical formatting changes, generated-table rewrites, unrelated cleanup, and speculative architecture changes. Reuse existing tables and types when that keeps the patch small.
- Search all internal and cross-module callers before changing symbol ownership. In translated C projects, internal calls may resolve through exported symbol names rather than normal Rust module paths, so retain exactly one definition for each required external symbol.
- Add or extend compact tests for changed behavior, especially empty inputs, null sentinels, boundary lengths, overflow cases, known vectors, and composition/round-trip properties. Prefer tests that compare the safe core and ABI wrapper or established reference results.

Validate the smallest relevant target after each coherent edit, then run the project’s normal functionality tests. Also run:

```sh
cargo check-unsafe2 --manifest-path {cargo_dir_path}/Cargo.toml
```

This checker rejects improperly added unsafe code and newly added unsafe-adjacent implementation code, including raw-pointer arguments or fields and integer-to-pointer casts. Treat checker failures as design feedback: move validation/conversion to an existing legitimate boundary rather than adding exemptions or disguising pointer operations.

If a proposed conversion would require inventing unverifiable lifetimes, creating references to potentially aliased foreign memory, changing ABI semantics, or substantially expanding the patch, record it as a pitfall and choose a safer candidate instead.

Before finishing, update `SAFETY_PLAN.md` concisely with:
- what was actually changed this iteration;
- what is now complete;
- validation commands and outcomes;
- what remains and the best next general category of work;
- any behavioral traps, failed approaches, or dead ends future iterations should avoid.

Keep `SAFETY_PLAN.md` as a working scratchpad, not a report. In the final response, give only a concise summary of changes, safety impact, and validation results.",[0.1822738899716631]
"Continue the incremental safety refactor described in `SAFETY_PLAN.md`.

{target_goal}

{after_refactoring_instruction}

Perform one narrow, high-yield iteration. Before editing, inspect `SAFETY_PLAN.md`, the current diff, build configuration, exports, tests, and all internal or cross-module references to likely candidates. This is a translated C codebase where Rust modules may call one another through C symbol resolution, including `extern ""C""` declarations and `#[export_name]`, rather than Rust paths. Preserve exactly one definition of every required external symbol.

Optimize for a large reduction in checker-counted unsafe entities with a small patch, low behavioral risk, and little generated output. Prefer these general candidate categories, in order:

1. **Read-only generated data still declared mutable**
   - Search for private or internal `static mut` arrays, lookup tables, code-order tables, descriptors, and constant metadata.
   - Prove they are never written by searching the entire repository, including raw-pointer access, foreign declarations, exported aliases, and build-generated references.
   - Convert proven read-only data to immutable `static` or `const`.
   - Update accesses to ordinary indexing or immutable pointers as needed.
   - Do not regenerate, reformat, or reproduce large table bodies. Change only declarations and the few affected access expressions.
   - Be cautious with `no_mangle`, exported, or externally addressable objects. Although mutability is not encoded in the C symbol name, placing an object in read-only storage can change observable behavior for foreign code that writes it. Leave such objects alone unless the public contract and all consumers establish that they are constant.

2. **Pure scalar arithmetic and bit-manipulation helpers**
   - Convert helpers whose inputs and outputs are plain values and whose bodies do not dereference pointers, access mutable globals, call unsafe callbacks, or depend on foreign invariants into ordinary safe Rust functions.
   - Preserve C integer-width behavior. Types such as `c_ulong` can differ across targets, so do not silently assume a fixed 64-bit width.
   - Keep intentional unsigned overflow explicit with `wrapping_add`, `wrapping_sub`, `wrapping_mul`, or equivalent operations where C wrapping is possible.
   - Preserve sentinel values, negative-length behavior, truncation, masking, and precedence exactly.
   - Scalar-only ABI entry points may be safe `extern ""C""` functions when calling them cannot violate any Rust safety invariant. Pointer-bearing ABI entry points must remain unsafe boundaries.

3. **Self-contained read-only algorithms**
   - For checksum-like, table-driven, or byte-processing routines, use a private safe core accepting slices and values.
   - Keep the exported ABI as a thin wrapper with the exact symbol, calling convention, parameter types, and return type.
   - Validate null behavior before constructing a slice. Many C APIs use a null data pointer as an initialization or sentinel request even when the supplied length is nonzero; preserve the established return value rather than treating null as an empty slice.
   - Never call `from_raw_parts` with a null pointer, including for length zero.
   - Reject or preserve the established sentinel behavior for lengths that exceed Rust’s representable slice bound, including `isize::MAX`.
   - Document the remaining unsafe slice construction with a local `SAFETY:` comment.
   - Do not expose a safe function accepting unchecked foreign pointers.

Avoid broad state-machine, allocator, callback, stream-ownership, compression/decompression, or pointer-provenance rewrites in this iteration unless a candidate is already isolated and mechanically provable. Those areas contain aliasing, allocation/free pairing, partial-progress reporting, externally visible state transitions, and pointer relationships that cannot safely be inferred from integer addresses.

Behavior and ABI requirements:

- Preserve all exported symbol names and avoid duplicate definitions.
- Preserve C ABI layouts, calling conventions, pointer constness in signatures, error codes, null sentinels, partial progress, and externally visible mutable state.
- Do not replace foreign-symbol calls without first finding every declaration and caller.
- Do not use pointer subtraction, ordering, or `offset_from` unless both pointers are proven to belong to the same live allocation. Prefer tracked lengths or indices.
- Do not create references to foreign memory when aliasing or lifetime guarantees are not established.
- Do not add raw-pointer fields, raw-pointer implementation helpers, integer-to-pointer casts, unverifiable lifetimes, checker exemptions, or cosmetic wrappers that merely hide unsafe operations.
- Removing an `unsafe` keyword is progress only when the function no longer relies on unchecked invariants.
- Do not change generated table values or substitute a different optimized algorithm merely to make the code shorter. A simple byte-at-a-time safe core is acceptable only when tests or established vectors demonstrate identical results, including seed masking and target-width behavior.
- Keep the diff focused. Do not run whole-project formatting if it changes unrelated generated code.

Testing should remain compact and targeted. Add tests only where they materially protect changed behavior, such as:

- empty input and null-pointer sentinel behavior;
- known vectors;
- incremental/composition properties;
- negative lengths or invalid operators;
- non-canonical seeds and upper-bit masking on wider `c_ulong` targets;
- immutable table address/content contracts;
- arithmetic overflow boundaries.

After each coherent edit, run the smallest relevant check or test. Then run the project’s normal functionality tests and:

```sh
cargo check-unsafe2 --manifest-path {cargo_dir_path}/Cargo.toml
```

Treat checker failures as design feedback. Do not add exemptions or move raw-pointer operations into newly created helpers to make the report quieter. Compare the unsafe-entity count before and after and retain the patch only if it produces a meaningful reduction without expanding the unsafe surface.

Before finishing, update `SAFETY_PLAN.md` as a concise working scratchpad containing:

- the exact category changed this iteration;
- what is now complete;
- unsafe-entity counts before and after;
- validation commands and outcomes;
- remaining high-value categories;
- any exported-data, target-width, null-sentinel, symbol-resolution, provenance, or aliasing traps discovered;
- abandoned approaches that future iterations should not repeat.

Do not print complete source files or large generated tables in the response. Apply edits directly and give only a concise final summary of the changes, safety impact, unsafe-count reduction, and validation results.",[0.2132718884432936]
"Continue the incremental safety refactor described in `SAFETY_PLAN.md`.

{target_goal}

{after_refactoring_instruction}

Perform one narrow, high-yield iteration. Before editing, inspect `SAFETY_PLAN.md`, the current diff, build configuration, exports, tests, and all internal or cross-module references to likely candidates. This is a translated C codebase where Rust modules may call one another through C symbol resolution, including `extern ""C""` declarations and `#[export_name]`, rather than Rust paths. Preserve exactly one definition of every required external symbol.

Optimize for a large reduction in checker-counted unsafe entities with a small patch, low behavioral risk, and little generated output. Prefer these general candidate categories, in order:

1. **Read-only generated data still declared mutable**
   - Search for private or internal `static mut` arrays, lookup tables, code-order tables, descriptors, and constant metadata.
   - Prove they are never written by searching the entire repository, including raw-pointer access, foreign declarations, exported aliases, and build-generated references.
   - Convert proven read-only data to immutable `static` or `const`.
   - Update accesses to ordinary indexing or immutable pointers as needed.
   - Do not regenerate, reformat, or reproduce large table bodies. Change only declarations and the few affected access expressions.
   - Be cautious with `no_mangle`, exported, or externally addressable objects. Although mutability is not encoded in the C symbol name, placing an object in read-only storage can change observable behavior for foreign code that writes it. Leave such objects alone unless the public contract and all consumers establish that they are constant.

2. **Pure scalar arithmetic and bit-manipulation helpers**
   - Convert helpers whose inputs and outputs are plain values and whose bodies do not dereference pointers, access mutable globals, call unsafe callbacks, or depend on foreign invariants into ordinary safe Rust functions.
   - Preserve C integer-width behavior. Types such as `c_ulong` can differ across targets, so do not silently assume a fixed 64-bit width.
   - Keep intentional unsigned overflow explicit with `wrapping_add`, `wrapping_sub`, `wrapping_mul`, or equivalent operations where C wrapping is possible.
   - Preserve sentinel values, negative-length behavior, truncation, masking, and precedence exactly.
   - Scalar-only ABI entry points may be safe `extern ""C""` functions when calling them cannot violate any Rust safety invariant. Pointer-bearing ABI entry points must remain unsafe boundaries.

3. **Self-contained read-only algorithms**
   - For checksum-like, table-driven, or byte-processing routines, use a private safe core accepting slices and values.
   - Keep the exported ABI as a thin wrapper with the exact symbol, calling convention, parameter types, and return type.
   - Validate null behavior before constructing a slice. Many C APIs use a null data pointer as an initialization or sentinel request even when the supplied length is nonzero; preserve the established return value rather than treating null as an empty slice.
   - Never call `from_raw_parts` with a null pointer, including for length zero.
   - Reject or preserve the established sentinel behavior for lengths that exceed Rust’s representable slice bound, including `isize::MAX`.
   - Document the remaining unsafe slice construction with a local `SAFETY:` comment.
   - Do not expose a safe function accepting unchecked foreign pointers.

Avoid broad state-machine, allocator, callback, stream-ownership, compression/decompression, or pointer-provenance rewrites in this iteration unless a candidate is already isolated and mechanically provable. Those areas contain aliasing, allocation/free pairing, partial-progress reporting, externally visible state transitions, and pointer relationships that cannot safely be inferred from integer addresses.

Behavior and ABI requirements:

- Preserve all exported symbol names and avoid duplicate definitions.
- Preserve C ABI layouts, calling conventions, pointer constness in signatures, error codes, null sentinels, partial progress, and externally visible mutable state.
- Do not replace foreign-symbol calls without first finding every declaration and caller.
- Do not use pointer subtraction, ordering, or `offset_from` unless both pointers are proven to belong to the same live allocation. Prefer tracked lengths or indices.
- Do not create references to foreign memory when aliasing or lifetime guarantees are not established.
- Do not add raw-pointer fields, raw-pointer implementation helpers, integer-to-pointer casts, unverifiable lifetimes, checker exemptions, or cosmetic wrappers that merely hide unsafe operations.
- Removing an `unsafe` keyword is progress only when the function no longer relies on unchecked invariants.
- Do not change generated table values or substitute a different optimized algorithm merely to make the code shorter. A simple byte-at-a-time safe core is acceptable only when tests or established vectors demonstrate identical results, including seed masking and target-width behavior.
- Keep the diff focused. Do not run whole-project formatting if it changes unrelated generated code.

Testing should remain compact and targeted. Add tests only where they materially protect changed behavior, such as:

- empty input and null-pointer sentinel behavior;
- known vectors;
- incremental/composition properties;
- negative lengths or invalid operators;
- non-canonical seeds and upper-bit masking on wider `c_ulong` targets;
- immutable table address/content contracts;
- arithmetic overflow boundaries.

After each coherent edit, run the smallest relevant check or test. Then run the project’s normal functionality tests and:

```sh
cargo check-unsafe2 --manifest-path {cargo_dir_path}/Cargo.toml
```

Treat checker failures as design feedback. Do not add exemptions or move raw-pointer operations into newly created helpers to make the report quieter. Compare the unsafe-entity count before and after and retain the patch only if it produces a meaningful reduction without expanding the unsafe surface.

Before finishing, update `SAFETY_PLAN.md` as a concise working scratchpad containing:

- the exact category changed this iteration;
- what is now complete;
- unsafe-entity counts before and after;
- validation commands and outcomes;
- remaining high-value categories;
- any exported-data, target-width, null-sentinel, symbol-resolution, provenance, or aliasing traps discovered;
- abandoned approaches that future iterations should not repeat.

Do not print complete source files or large generated tables in the response. Apply edits directly and give only a concise final summary of the changes, safety impact, unsafe-count reduction, and validation results.",[0.3192896475682283]
"Continue the incremental safety refactor described in `SAFETY_PLAN.md`.

{target_goal}

{after_refactoring_instruction}

Work in one focused, high-value iteration rather than attempting a broad rewrite. First inspect `SAFETY_PLAN.md`, the current diff, relevant call sites, exports, tests, and build configuration. Select a coherent group of changes likely to remove many unsafe entities with low behavioral risk.

Use this general refactoring strategy:

- Separate C ABI boundaries from Rust implementations:
  - Keep exported symbols, calling conventions, parameter types, return types, and `#[repr(C)]` layouts ABI-compatible.
  - Prefer a thin `unsafe extern ""C""` wrapper for validation and raw-pointer conversion.
  - Move actual logic into private safe Rust functions using slices, references, arrays, enums, and `Option` where appropriate.
  - Do not expose a safe function that accepts unchecked foreign pointers or otherwise requires caller-maintained safety invariants.
- Prioritize easy, high-yield conversions:
  - Pure arithmetic, bit manipulation, bounds calculations, and state-independent helpers.
  - Read-only lookup tables currently declared `static mut`; convert them to immutable `static` or `const` when they are never modified.
  - Generated pointer loops that can be expressed with iterators, indexing, chunks, or slice operations.
  - Internal functions whose only reason for being unsafe is inherited `unsafe extern ""C""` syntax.
- Preserve exact C-compatible behavior:
  - Maintain null-pointer sentinel behavior, error codes, partial progress reporting, overflow behavior, and edge cases.
  - A null pointer must never be passed to `from_raw_parts`, even when the length is zero.
  - Before constructing a slice from a foreign pointer and length, validate every representability constraint required by Rust, including the `isize::MAX` bound where applicable.
  - Preserve intentional unsigned wrapping with explicit wrapping operations when overflow can occur; do not accidentally replace C wrapping behavior with debug-build panics.
  - Preserve callback behavior, ownership, allocation/free pairing, state transitions, and externally visible mutable state.
  - Do not use pointer subtraction or ordering unless both pointers are known to belong to the same live allocation. Prefer tracked lengths or indices where possible.
- Keep unsafe code narrowly localized and justified at genuine FFI or ownership boundaries. Merely deleting an `unsafe` keyword is not progress if unchecked invariants remain.
- Avoid introducing raw pointers, raw-pointer fields, integer-to-pointer casts, or new unsafe helpers into implementation code as a way to silence the checker.
- Avoid large mechanical formatting changes, generated-table rewrites, unrelated cleanup, and speculative architecture changes. Reuse existing tables and types when that keeps the patch small.
- Search all internal and cross-module callers before changing symbol ownership. In translated C projects, internal calls may resolve through exported symbol names rather than normal Rust module paths, so retain exactly one definition for each required external symbol.
- Add or extend compact tests for changed behavior, especially empty inputs, null sentinels, boundary lengths, overflow cases, known vectors, and composition/round-trip properties. Prefer tests that compare the safe core and ABI wrapper or established reference results.

Validate the smallest relevant target after each coherent edit, then run the project’s normal functionality tests. Also run:

```sh
cargo check-unsafe2 --manifest-path {cargo_dir_path}/Cargo.toml
```

This checker rejects improperly added unsafe code and newly added unsafe-adjacent implementation code, including raw-pointer arguments or fields and integer-to-pointer casts. Treat checker failures as design feedback: move validation/conversion to an existing legitimate boundary rather than adding exemptions or disguising pointer operations.

If a proposed conversion would require inventing unverifiable lifetimes, creating references to potentially aliased foreign memory, changing ABI semantics, or substantially expanding the patch, record it as a pitfall and choose a safer candidate instead.

Before finishing, update `SAFETY_PLAN.md` concisely with:
- what was actually changed this iteration;
- what is now complete;
- validation commands and outcomes;
- what remains and the best next general category of work;
- any behavioral traps, failed approaches, or dead ends future iterations should avoid.

Keep `SAFETY_PLAN.md` as a working scratchpad, not a report. In the final response, give only a concise summary of changes, safety impact, and validation results.",[0.16131369274004675]
"Continue the incremental safety refactor tracked in `SAFETY_PLAN.md`.

{target_goal}

{after_refactoring_instruction}

Complete one focused, high-yield iteration. Do not attempt a broad rewrite. Before editing, inspect:

- `SAFETY_PLAN.md` and the current diff;
- the crate manifest, build scripts, module exports, symbol attributes, and normal test commands;
- all direct, cross-module, and `extern` callers of candidate symbols;
- the latest unsafe-checker output or baseline count.

This is translated C code, potentially from a compression/checksum library. Internal modules may call an implementation through an `extern ""C""` declaration and its linker symbol rather than through a Rust path. Preserve exactly one definition of every required symbol. Do not assume that a Rust function is private merely because ordinary Rust references are absent.

Choose a coherent candidate group using this priority order:

1. Private read-only `static mut` data that is never written.
2. Pure scalar helpers involving arithmetic, bit operations, bounds, table lookup, or checksum-combination math.
3. Internal functions that are unsafe only because the translator gave them `unsafe extern ""C""` syntax.
4. A small pointer-processing API whose algorithm can move into a safe slice-based core with a thin ABI wrapper.
5. Generated pointer loops that can cleanly become indexing, iterators, chunks, or slice operations.

Prefer candidates that remove many unsafe expressions with a small diff. Avoid complex stream state machines, callbacks, allocation ownership, self-referential structures, overlapping buffers, and pointer-heavy copy logic unless their invariants are already explicit and locally provable.

Apply these rules:

### ABI and symbol preservation

- Keep exported symbol names, calling conventions, parameter and return types, integer widths, and `#[repr(C)]` layouts unchanged.
- Keep raw-pointer signatures at the C boundary. Do not replace an ABI-facing raw-pointer function with a slice-taking function under the same role.
- Put real logic in a private or clearly internal safe Rust function using slices, references, arrays, enums, or `Option`.
- A safe function must not accept raw pointers or depend on undocumented caller-maintained pointer invariants.
- Raw-pointer ABI entry points must remain `unsafe extern ""C""`. An integer-only or pointer-free ABI wrapper may be a safe `extern ""C""` function when its body and contract are genuinely safe.
- Retain one exported definition per linker symbol; do not leave both an original implementation and a new wrapper exporting the same name.
- Check address-returning APIs and exported globals carefully. Converting a private fixed table to immutable storage is desirable, but do not change an exported writable global to read-only storage unless external writability, section placement, address identity, and ABI expectations have been proven irrelevant.

### Pointer-boundary validation

Before constructing a slice from foreign memory:

- Handle documented null sentinels first.
- Never pass null to `from_raw_parts` or `from_raw_parts_mut`, including for length zero.
- Preserve distinctions between a null query sentinel and a non-null empty input.
- Validate the element count and byte size with checked arithmetic. The total byte size must fit in `isize::MAX`.
- Account for element alignment and any API-specific representability constraints.
- Keep the conversion in a small explicit `unsafe` block with a precise `SAFETY:` explanation.
- Do not claim to validate allocation validity, initialization, lifetime, or concurrency when those remain part of the C caller’s contract.
- Do not create simultaneous Rust references or mutable slices if the C API permits aliasing or overlapping input and output.
- Do not introduce raw-pointer helper functions, raw-pointer fields, integer-to-pointer casts, or fabricated lifetimes merely to move unsafe code elsewhere.

### Behavioral fidelity

Preserve exact C-compatible behavior, including:

- null sentinels and initialization queries;
- error codes and output-parameter update order;
- partial progress and consumed/produced length reporting;
- callback order and allocation/free pairing;
- externally visible state transitions and mutable state;
- checksum initialization, incremental composition, and combination behavior;
- behavior at empty input, block boundaries, and maximum lengths.

Use explicit wrapping arithmetic wherever unsigned C arithmetic can overflow. Do not replace intentional wrapping with ordinary debug-panicking arithmetic. Be especially careful with C aliases such as `unsigned long`, whose width is platform-dependent.

Do not use pointer subtraction, `offset_from`, or pointer ordering unless both pointers are proven to be within the same live allocation. Prefer tracked lengths or indices. If preserving behavior would require unverifiable provenance, aliasing assumptions, or a substantially larger redesign, record that candidate as a pitfall and select another one.

### Read-only tables

For a table declared `static mut`, search for every write, mutable reference, raw mutable address, export, and external declaration before changing it. If it is private and only read, convert it to immutable `static` or `const` and update reads to ordinary indexing. Avoid reformatting or regenerating large table literals; make only declaration and use-site changes.

### Tests

Add compact tests only for the changed behavior. Favor:

- established checksum or arithmetic vectors;
- empty input and null-sentinel behavior;
- lengths immediately around chunk/block boundaries;
- negative or overflow-related combination lengths;
- composition properties;
- safe-core versus ABI-wrapper equivalence using valid live buffers;
- table contents or returned table addresses when those are part of the API.

Do not add tests that invoke undefined C behavior. Keep tests small rather than duplicating large generated data.

### Validation workflow

After each coherent edit, run the smallest relevant check or test. Before finishing, run the project’s normal functionality tests and:

```sh
cargo check-unsafe2 --manifest-path {cargo_dir_path}/Cargo.toml
```

Treat checker failures as design feedback. Do not add exemptions, disguise pointer operations, or remove `unsafe` keywords while leaving unchecked invariants in safe code. Compare the unsafe-entity count with the recorded baseline when available, and report the actual reduction rather than estimating it.

Update `SAFETY_PLAN.md` as a concise working scratchpad with:

- the exact candidate group changed;
- what safety boundary or immutable-data conversion is now complete;
- commands run and their outcomes;
- unsafe-entity counts before and after, if reported;
- remaining high-value categories;
- rejected approaches and behavioral traps, especially ABI symbol resolution, null sentinels, aliasing, pointer provenance, and exported writable tables.

Keep the patch and response efficient: do not print entire generated files, large tables, checker inventories, or unrelated diffs. In the final response, provide only a concise summary of the edits, safety impact, unsafe-count reduction if known, and validation results.",[0.2978279780374019]
"Continue the incremental safety refactor tracked in `SAFETY_PLAN.md`.

{target_goal}

{after_refactoring_instruction}

Complete one focused, high-yield iteration. Do not attempt a broad rewrite. Before editing, inspect:

- `SAFETY_PLAN.md` and the current diff;
- the crate manifest, build scripts, module exports, symbol attributes, and normal test commands;
- all direct, cross-module, and `extern` callers of candidate symbols;
- the latest unsafe-checker output or baseline count.

This is translated C code, potentially from a compression/checksum library. Internal modules may call an implementation through an `extern ""C""` declaration and its linker symbol rather than through a Rust path. Preserve exactly one definition of every required symbol. Do not assume that a Rust function is private merely because ordinary Rust references are absent.

Choose a coherent candidate group using this priority order:

1. Private read-only `static mut` data that is never written.
2. Pure scalar helpers involving arithmetic, bit operations, bounds, table lookup, or checksum-combination math.
3. Internal functions that are unsafe only because the translator gave them `unsafe extern ""C""` syntax.
4. A small pointer-processing API whose algorithm can move into a safe slice-based core with a thin ABI wrapper.
5. Generated pointer loops that can cleanly become indexing, iterators, chunks, or slice operations.

Prefer candidates that remove many unsafe expressions with a small diff. Avoid complex stream state machines, callbacks, allocation ownership, self-referential structures, overlapping buffers, and pointer-heavy copy logic unless their invariants are already explicit and locally provable.

Apply these rules:

### ABI and symbol preservation

- Keep exported symbol names, calling conventions, parameter and return types, integer widths, and `#[repr(C)]` layouts unchanged.
- Keep raw-pointer signatures at the C boundary. Do not replace an ABI-facing raw-pointer function with a slice-taking function under the same role.
- Put real logic in a private or clearly internal safe Rust function using slices, references, arrays, enums, or `Option`.
- A safe function must not accept raw pointers or depend on undocumented caller-maintained pointer invariants.
- Raw-pointer ABI entry points must remain `unsafe extern ""C""`. An integer-only or pointer-free ABI wrapper may be a safe `extern ""C""` function when its body and contract are genuinely safe.
- Retain one exported definition per linker symbol; do not leave both an original implementation and a new wrapper exporting the same name.
- Check address-returning APIs and exported globals carefully. Converting a private fixed table to immutable storage is desirable, but do not change an exported writable global to read-only storage unless external writability, section placement, address identity, and ABI expectations have been proven irrelevant.

### Pointer-boundary validation

Before constructing a slice from foreign memory:

- Handle documented null sentinels first.
- Never pass null to `from_raw_parts` or `from_raw_parts_mut`, including for length zero.
- Preserve distinctions between a null query sentinel and a non-null empty input.
- Validate the element count and byte size with checked arithmetic. The total byte size must fit in `isize::MAX`.
- Account for element alignment and any API-specific representability constraints.
- Keep the conversion in a small explicit `unsafe` block with a precise `SAFETY:` explanation.
- Do not claim to validate allocation validity, initialization, lifetime, or concurrency when those remain part of the C caller’s contract.
- Do not create simultaneous Rust references or mutable slices if the C API permits aliasing or overlapping input and output.
- Do not introduce raw-pointer helper functions, raw-pointer fields, integer-to-pointer casts, or fabricated lifetimes merely to move unsafe code elsewhere.

### Behavioral fidelity

Preserve exact C-compatible behavior, including:

- null sentinels and initialization queries;
- error codes and output-parameter update order;
- partial progress and consumed/produced length reporting;
- callback order and allocation/free pairing;
- externally visible state transitions and mutable state;
- checksum initialization, incremental composition, and combination behavior;
- behavior at empty input, block boundaries, and maximum lengths.

Use explicit wrapping arithmetic wherever unsigned C arithmetic can overflow. Do not replace intentional wrapping with ordinary debug-panicking arithmetic. Be especially careful with C aliases such as `unsigned long`, whose width is platform-dependent.

Do not use pointer subtraction, `offset_from`, or pointer ordering unless both pointers are proven to be within the same live allocation. Prefer tracked lengths or indices. If preserving behavior would require unverifiable provenance, aliasing assumptions, or a substantially larger redesign, record that candidate as a pitfall and select another one.

### Read-only tables

For a table declared `static mut`, search for every write, mutable reference, raw mutable address, export, and external declaration before changing it. If it is private and only read, convert it to immutable `static` or `const` and update reads to ordinary indexing. Avoid reformatting or regenerating large table literals; make only declaration and use-site changes.

### Tests

Add compact tests only for the changed behavior. Favor:

- established checksum or arithmetic vectors;
- empty input and null-sentinel behavior;
- lengths immediately around chunk/block boundaries;
- negative or overflow-related combination lengths;
- composition properties;
- safe-core versus ABI-wrapper equivalence using valid live buffers;
- table contents or returned table addresses when those are part of the API.

Do not add tests that invoke undefined C behavior. Keep tests small rather than duplicating large generated data.

### Validation workflow

After each coherent edit, run the smallest relevant check or test. Before finishing, run the project’s normal functionality tests and:

```sh
cargo check-unsafe2 --manifest-path {cargo_dir_path}/Cargo.toml
```

Treat checker failures as design feedback. Do not add exemptions, disguise pointer operations, or remove `unsafe` keywords while leaving unchecked invariants in safe code. Compare the unsafe-entity count with the recorded baseline when available, and report the actual reduction rather than estimating it.

Update `SAFETY_PLAN.md` as a concise working scratchpad with:

- the exact candidate group changed;
- what safety boundary or immutable-data conversion is now complete;
- commands run and their outcomes;
- unsafe-entity counts before and after, if reported;
- remaining high-value categories;
- rejected approaches and behavioral traps, especially ABI symbol resolution, null sentinels, aliasing, pointer provenance, and exported writable tables.

Keep the patch and response efficient: do not print entire generated files, large tables, checker inventories, or unrelated diffs. In the final response, provide only a concise summary of the edits, safety impact, unsafe-count reduction if known, and validation results.",[0.26379800671080744]
"Continue the incremental safety refactor described in `SAFETY_PLAN.md`.

{target_goal}

{after_refactoring_instruction}

Work in one focused, high-value iteration rather than attempting a broad rewrite. First inspect `SAFETY_PLAN.md`, the current diff, relevant call sites, exports, tests, and build configuration. Select a coherent group of changes likely to remove many unsafe entities with low behavioral risk.

Use this general refactoring strategy:

- Separate C ABI boundaries from Rust implementations:
  - Keep exported symbols, calling conventions, parameter types, return types, and `#[repr(C)]` layouts ABI-compatible.
  - Prefer a thin `unsafe extern ""C""` wrapper for validation and raw-pointer conversion.
  - Move actual logic into private safe Rust functions using slices, references, arrays, enums, and `Option` where appropriate.
  - Do not expose a safe function that accepts unchecked foreign pointers or otherwise requires caller-maintained safety invariants.
- Prioritize easy, high-yield conversions:
  - Pure arithmetic, bit manipulation, bounds calculations, and state-independent helpers.
  - Read-only lookup tables currently declared `static mut`; convert them to immutable `static` or `const` when they are never modified.
  - Generated pointer loops that can be expressed with iterators, indexing, chunks, or slice operations.
  - Internal functions whose only reason for being unsafe is inherited `unsafe extern ""C""` syntax.
- Preserve exact C-compatible behavior:
  - Maintain null-pointer sentinel behavior, error codes, partial progress reporting, overflow behavior, and edge cases.
  - A null pointer must never be passed to `from_raw_parts`, even when the length is zero.
  - Before constructing a slice from a foreign pointer and length, validate every representability constraint required by Rust, including the `isize::MAX` bound where applicable.
  - Preserve intentional unsigned wrapping with explicit wrapping operations when overflow can occur; do not accidentally replace C wrapping behavior with debug-build panics.
  - Preserve callback behavior, ownership, allocation/free pairing, state transitions, and externally visible mutable state.
  - Do not use pointer subtraction or ordering unless both pointers are known to belong to the same live allocation. Prefer tracked lengths or indices where possible.
- Keep unsafe code narrowly localized and justified at genuine FFI or ownership boundaries. Merely deleting an `unsafe` keyword is not progress if unchecked invariants remain.
- Avoid introducing raw pointers, raw-pointer fields, integer-to-pointer casts, or new unsafe helpers into implementation code as a way to silence the checker.
- Avoid large mechanical formatting changes, generated-table rewrites, unrelated cleanup, and speculative architecture changes. Reuse existing tables and types when that keeps the patch small.
- Search all internal and cross-module callers before changing symbol ownership. In translated C projects, internal calls may resolve through exported symbol names rather than normal Rust module paths, so retain exactly one definition for each required external symbol.
- Add or extend compact tests for changed behavior, especially empty inputs, null sentinels, boundary lengths, overflow cases, known vectors, and composition/round-trip properties. Prefer tests that compare the safe core and ABI wrapper or established reference results.

Validate the smallest relevant target after each coherent edit, then run the project’s normal functionality tests. Also run:

```sh
cargo check-unsafe2 --manifest-path {cargo_dir_path}/Cargo.toml
```

This checker rejects improperly added unsafe code and newly added unsafe-adjacent implementation code, including raw-pointer arguments or fields and integer-to-pointer casts. Treat checker failures as design feedback: move validation/conversion to an existing legitimate boundary rather than adding exemptions or disguising pointer operations.

If a proposed conversion would require inventing unverifiable lifetimes, creating references to potentially aliased foreign memory, changing ABI semantics, or substantially expanding the patch, record it as a pitfall and choose a safer candidate instead.

Before finishing, update `SAFETY_PLAN.md` concisely with:
- what was actually changed this iteration;
- what is now complete;
- validation commands and outcomes;
- what remains and the best next general category of work;
- any behavioral traps, failed approaches, or dead ends future iterations should avoid.

Keep `SAFETY_PLAN.md` as a working scratchpad, not a report. In the final response, give only a concise summary of changes, safety impact, and validation results.",[0.33673340841650345]
"Continue the incremental Rust safety refactor tracked in `SAFETY_PLAN.md`.

{target_goal}

{after_refactoring_instruction}

Perform one focused, high-yield iteration. Optimize for a measurable reduction in unsafe entities while preserving exact behavior and ABI compatibility. Do not attempt a broad rewrite.

Before editing:

1. Read `SAFETY_PLAN.md`.
2. Inspect the current diff and repository status so existing work is not overwritten.
3. Inspect the crate manifests, build scripts, exports, relevant tests, and all internal and cross-module callers of prospective symbols.
4. Run or inspect the current `cargo check-unsafe2` baseline when practical. Use its categories and counts to choose work that removes many unsafe entities with a small patch.
5. Search broadly for:
   - read-only `static mut` data;
   - pure arithmetic or bit-manipulation functions marked unsafe only because of translated-C syntax;
   - duplicate implementation/export-wrapper pairs;
   - raw-pointer loops that have clear, locally provable bounds;
   - small groups of related helpers whose callers can all be updated together.

Prefer candidates in this order:

- **Read-only translated-C tables and constants.** Convert `static mut` to immutable `static` or `const` only after confirming there are no writes, mutable references, runtime initialization requirements, or supported foreign mutations. Update reads to ordinary indexing or immutable pointers. Large generated lookup tables are especially valuable, but change only declarations and access sites—do not rewrite or reformat their contents.
- **Pure scalar helpers.** Make arithmetic, checksum-combination, byte-order, bounds, flag, and bit-polynomial helpers safe when they use no unchecked memory. Preserve C integer semantics with explicit `wrapping_*` operations wherever overflow is possible.
- **Thin ABI wrappers with safe cores.** Retain exactly one exported C symbol and move implementation logic into a private safe function using slices, arrays, references, enums, or `Option`. Remove redundant internal `unsafe extern ""C""` implementations where callers can use the safe core.
- **Simple bounded pointer loops.** Convert only when allocation membership, length, aliasing, and initialization invariants are already available and can be represented honestly with slices or indices.

Do not spend this iteration on deeply stateful compression/decompression engines, allocator ownership, callback-driven control flow, self-referential state, or pointer-heavy copy routines unless the safety proof is small and local. Record such candidates as future pitfalls rather than forcing an unsafe abstraction.

ABI and symbol requirements:

- Preserve exported symbol names, calling conventions, parameter and return types, integer widths, and all `#[repr(C)]` layouts.
- In translated C projects, an internal call may resolve through an `extern ""C""` declaration and the linker rather than a Rust module path. Search the whole repository before removing or renaming any implementation.
- Keep exactly one definition for every required external symbol. Do not accidentally leave both a direct export and an `#[export_name]` wrapper.
- Do not change externally visible writable data into read-only storage unless the foreign contract guarantees it is immutable. Rust-level absence of writes alone is insufficient for a public data symbol.
- Function pointers stored in C-compatible tables must retain the required ABI and safety type. Do not alter callback behavior merely to make a table immutable.

FFI boundary requirements:

- A safe Rust function must never accept raw pointers whose validity, alignment, allocation membership, initialization, lifetime, or aliasing must be guaranteed by its caller.
- Keep raw-pointer validation and conversion inside a narrow `unsafe extern ""C""` or genuine ownership boundary.
- Before constructing a slice from foreign memory, validate:
  - null handling before calling `from_raw_parts` or `from_raw_parts_mut`, including zero-length inputs;
  - byte-size multiplication and address-range overflow;
  - the Rust slice `isize::MAX` representability bound;
  - alignment and mutability requirements;
  - any API-specific overlap or aliasing constraints.
- Do not construct Rust references when foreign memory may be concurrently modified or aliased incompatibly. If those invariants cannot be established, leave the operation unsafe.
- Preserve null-pointer sentinel behavior separately from malformed non-null inputs. Do not map every validation failure to a null sentinel unless that is the established API behavior.
- Do not dereference output-length or state pointers before the API’s required null checks.
- Never use pointer subtraction, `offset_from`, or pointer ordering unless both pointers are proven to belong to the same live allocation. Prefer stored lengths and indices.
- Do not introduce new raw-pointer helpers, raw-pointer fields, integer-to-pointer casts, fake lifetimes, broad `unsafe` blocks, or checker exemptions to reduce the reported count.

Behavioral compatibility requirements:

- Preserve error codes, null sentinels, empty-input behavior, partial-progress reporting, callback order, state transitions, and allocation/free pairing.
- Preserve intentional unsigned wrapping. Ordinary Rust arithmetic must not introduce debug-build panics where C wraps.
- Preserve checksum conventions, including the distinction between a null-buffer sentinel and a non-null empty buffer.
- Preserve table contents byte-for-byte and avoid changing optimized algorithm paths unless covered by strong reference tests.
- Do not “fix” suspicious translated behavior speculatively. If behavior appears wrong, compare against the upstream C contract or existing tests and document the issue separately.

Testing:

- Add compact tests only for the changed logic. Favor:
  - known reference vectors;
  - empty and null-sentinel cases;
  - boundary values around chunk or table limits;
  - overflow and negative-length cases where applicable;
  - composition or round-trip properties;
  - direct comparison between a safe core and its ABI wrapper.
- Avoid tests that invoke undefined behavior merely to exercise validation.
- If an exported wrapper is changed, include at least one wrapper-level test with valid foreign-style inputs and any documented null sentinel.

Validation workflow:

1. After each coherent edit, run the smallest relevant check or test target.
2. Run the project’s normal functionality tests.
3. Run:

   cargo check-unsafe2 --manifest-path {cargo_dir_path}/Cargo.toml

4. Compare the unsafe-entity result with the baseline and report the measured reduction. A declaration-only removal that leaves unchecked invariants elsewhere is not progress.
5. If the checker rejects newly introduced unsafe-adjacent code, treat that as design feedback. Move conversion to an existing legitimate boundary or choose another candidate; do not add exemptions or disguise pointer operations.
6. Review the final diff for accidental table rewrites, formatting churn, duplicate exports, or unrelated changes.

Before finishing, update `SAFETY_PLAN.md` as a concise working scratchpad containing:

- the exact category changed in this iteration;
- what is now complete;
- unsafe-entity counts before and after, if available;
- validation commands and outcomes;
- the best next general category of work;
- any ABI traps, behavioral traps, failed approaches, or candidates deliberately deferred.

Keep the patch and response compact. Do not print entire source files or generated tables. In the final response, provide only a concise summary of the changes, safety impact and measured unsafe reduction, and validation results.",[0.36832452256906023]
"Continue the incremental Rust safety refactor tracked in `SAFETY_PLAN.md`.

{target_goal}

{after_refactoring_instruction}

Perform one focused, high-yield iteration. Optimize for a measurable reduction in unsafe entities while preserving exact behavior and ABI compatibility. Do not attempt a broad rewrite.

Before editing:

1. Read `SAFETY_PLAN.md`.
2. Inspect the current diff and repository status so existing work is not overwritten.
3. Inspect the crate manifests, build scripts, exports, relevant tests, and all internal and cross-module callers of prospective symbols.
4. Run or inspect the current `cargo check-unsafe2` baseline when practical. Use its categories and counts to choose work that removes many unsafe entities with a small patch.
5. Search broadly for:
   - read-only `static mut` data;
   - pure arithmetic or bit-manipulation functions marked unsafe only because of translated-C syntax;
   - duplicate implementation/export-wrapper pairs;
   - raw-pointer loops that have clear, locally provable bounds;
   - small groups of related helpers whose callers can all be updated together.

Prefer candidates in this order:

- **Read-only translated-C tables and constants.** Convert `static mut` to immutable `static` or `const` only after confirming there are no writes, mutable references, runtime initialization requirements, or supported foreign mutations. Update reads to ordinary indexing or immutable pointers. Large generated lookup tables are especially valuable, but change only declarations and access sites—do not rewrite or reformat their contents.
- **Pure scalar helpers.** Make arithmetic, checksum-combination, byte-order, bounds, flag, and bit-polynomial helpers safe when they use no unchecked memory. Preserve C integer semantics with explicit `wrapping_*` operations wherever overflow is possible.
- **Thin ABI wrappers with safe cores.** Retain exactly one exported C symbol and move implementation logic into a private safe function using slices, arrays, references, enums, or `Option`. Remove redundant internal `unsafe extern ""C""` implementations where callers can use the safe core.
- **Simple bounded pointer loops.** Convert only when allocation membership, length, aliasing, and initialization invariants are already available and can be represented honestly with slices or indices.

Do not spend this iteration on deeply stateful compression/decompression engines, allocator ownership, callback-driven control flow, self-referential state, or pointer-heavy copy routines unless the safety proof is small and local. Record such candidates as future pitfalls rather than forcing an unsafe abstraction.

ABI and symbol requirements:

- Preserve exported symbol names, calling conventions, parameter and return types, integer widths, and all `#[repr(C)]` layouts.
- In translated C projects, an internal call may resolve through an `extern ""C""` declaration and the linker rather than a Rust module path. Search the whole repository before removing or renaming any implementation.
- Keep exactly one definition for every required external symbol. Do not accidentally leave both a direct export and an `#[export_name]` wrapper.
- Do not change externally visible writable data into read-only storage unless the foreign contract guarantees it is immutable. Rust-level absence of writes alone is insufficient for a public data symbol.
- Function pointers stored in C-compatible tables must retain the required ABI and safety type. Do not alter callback behavior merely to make a table immutable.

FFI boundary requirements:

- A safe Rust function must never accept raw pointers whose validity, alignment, allocation membership, initialization, lifetime, or aliasing must be guaranteed by its caller.
- Keep raw-pointer validation and conversion inside a narrow `unsafe extern ""C""` or genuine ownership boundary.
- Before constructing a slice from foreign memory, validate:
  - null handling before calling `from_raw_parts` or `from_raw_parts_mut`, including zero-length inputs;
  - byte-size multiplication and address-range overflow;
  - the Rust slice `isize::MAX` representability bound;
  - alignment and mutability requirements;
  - any API-specific overlap or aliasing constraints.
- Do not construct Rust references when foreign memory may be concurrently modified or aliased incompatibly. If those invariants cannot be established, leave the operation unsafe.
- Preserve null-pointer sentinel behavior separately from malformed non-null inputs. Do not map every validation failure to a null sentinel unless that is the established API behavior.
- Do not dereference output-length or state pointers before the API’s required null checks.
- Never use pointer subtraction, `offset_from`, or pointer ordering unless both pointers are proven to belong to the same live allocation. Prefer stored lengths and indices.
- Do not introduce new raw-pointer helpers, raw-pointer fields, integer-to-pointer casts, fake lifetimes, broad `unsafe` blocks, or checker exemptions to reduce the reported count.

Behavioral compatibility requirements:

- Preserve error codes, null sentinels, empty-input behavior, partial-progress reporting, callback order, state transitions, and allocation/free pairing.
- Preserve intentional unsigned wrapping. Ordinary Rust arithmetic must not introduce debug-build panics where C wraps.
- Preserve checksum conventions, including the distinction between a null-buffer sentinel and a non-null empty buffer.
- Preserve table contents byte-for-byte and avoid changing optimized algorithm paths unless covered by strong reference tests.
- Do not “fix” suspicious translated behavior speculatively. If behavior appears wrong, compare against the upstream C contract or existing tests and document the issue separately.

Testing:

- Add compact tests only for the changed logic. Favor:
  - known reference vectors;
  - empty and null-sentinel cases;
  - boundary values around chunk or table limits;
  - overflow and negative-length cases where applicable;
  - composition or round-trip properties;
  - direct comparison between a safe core and its ABI wrapper.
- Avoid tests that invoke undefined behavior merely to exercise validation.
- If an exported wrapper is changed, include at least one wrapper-level test with valid foreign-style inputs and any documented null sentinel.

Validation workflow:

1. After each coherent edit, run the smallest relevant check or test target.
2. Run the project’s normal functionality tests.
3. Run:

   cargo check-unsafe2 --manifest-path {cargo_dir_path}/Cargo.toml

4. Compare the unsafe-entity result with the baseline and report the measured reduction. A declaration-only removal that leaves unchecked invariants elsewhere is not progress.
5. If the checker rejects newly introduced unsafe-adjacent code, treat that as design feedback. Move conversion to an existing legitimate boundary or choose another candidate; do not add exemptions or disguise pointer operations.
6. Review the final diff for accidental table rewrites, formatting churn, duplicate exports, or unrelated changes.

Before finishing, update `SAFETY_PLAN.md` as a concise working scratchpad containing:

- the exact category changed in this iteration;
- what is now complete;
- unsafe-entity counts before and after, if available;
- validation commands and outcomes;
- the best next general category of work;
- any ABI traps, behavioral traps, failed approaches, or candidates deliberately deferred.

Keep the patch and response compact. Do not print entire source files or generated tables. In the final response, provide only a concise summary of the changes, safety impact and measured unsafe reduction, and validation results.",[0.38562419221683575]
"Continue the incremental safety refactor described in `SAFETY_PLAN.md`.

{target_goal}

{after_refactoring_instruction}

Work in one focused, high-value iteration rather than attempting a broad rewrite. First inspect `SAFETY_PLAN.md`, the current diff, relevant call sites, exports, tests, and build configuration. Select a coherent group of changes likely to remove many unsafe entities with low behavioral risk.

Use this general refactoring strategy:

- Separate C ABI boundaries from Rust implementations:
  - Keep exported symbols, calling conventions, parameter types, return types, and `#[repr(C)]` layouts ABI-compatible.
  - Prefer a thin `unsafe extern ""C""` wrapper for validation and raw-pointer conversion.
  - Move actual logic into private safe Rust functions using slices, references, arrays, enums, and `Option` where appropriate.
  - Do not expose a safe function that accepts unchecked foreign pointers or otherwise requires caller-maintained safety invariants.
- Prioritize easy, high-yield conversions:
  - Pure arithmetic, bit manipulation, bounds calculations, and state-independent helpers.
  - Read-only lookup tables currently declared `static mut`; convert them to immutable `static` or `const` when they are never modified.
  - Generated pointer loops that can be expressed with iterators, indexing, chunks, or slice operations.
  - Internal functions whose only reason for being unsafe is inherited `unsafe extern ""C""` syntax.
- Preserve exact C-compatible behavior:
  - Maintain null-pointer sentinel behavior, error codes, partial progress reporting, overflow behavior, and edge cases.
  - A null pointer must never be passed to `from_raw_parts`, even when the length is zero.
  - Before constructing a slice from a foreign pointer and length, validate every representability constraint required by Rust, including the `isize::MAX` bound where applicable.
  - Preserve intentional unsigned wrapping with explicit wrapping operations when overflow can occur; do not accidentally replace C wrapping behavior with debug-build panics.
  - Preserve callback behavior, ownership, allocation/free pairing, state transitions, and externally visible mutable state.
  - Do not use pointer subtraction or ordering unless both pointers are known to belong to the same live allocation. Prefer tracked lengths or indices where possible.
- Keep unsafe code narrowly localized and justified at genuine FFI or ownership boundaries. Merely deleting an `unsafe` keyword is not progress if unchecked invariants remain.
- Avoid introducing raw pointers, raw-pointer fields, integer-to-pointer casts, or new unsafe helpers into implementation code as a way to silence the checker.
- Avoid large mechanical formatting changes, generated-table rewrites, unrelated cleanup, and speculative architecture changes. Reuse existing tables and types when that keeps the patch small.
- Search all internal and cross-module callers before changing symbol ownership. In translated C projects, internal calls may resolve through exported symbol names rather than normal Rust module paths, so retain exactly one definition for each required external symbol.
- Add or extend compact tests for changed behavior, especially empty inputs, null sentinels, boundary lengths, overflow cases, known vectors, and composition/round-trip properties. Prefer tests that compare the safe core and ABI wrapper or established reference results.

Validate the smallest relevant target after each coherent edit, then run the project’s normal functionality tests. Also run:

```sh
cargo check-unsafe2 --manifest-path {cargo_dir_path}/Cargo.toml
```

This checker rejects improperly added unsafe code and newly added unsafe-adjacent implementation code, including raw-pointer arguments or fields and integer-to-pointer casts. Treat checker failures as design feedback: move validation/conversion to an existing legitimate boundary rather than adding exemptions or disguising pointer operations.

If a proposed conversion would require inventing unverifiable lifetimes, creating references to potentially aliased foreign memory, changing ABI semantics, or substantially expanding the patch, record it as a pitfall and choose a safer candidate instead.

Before finishing, update `SAFETY_PLAN.md` concisely with:
- what was actually changed this iteration;
- what is now complete;
- validation commands and outcomes;
- what remains and the best next general category of work;
- any behavioral traps, failed approaches, or dead ends future iterations should avoid.

Keep `SAFETY_PLAN.md` as a working scratchpad, not a report. In the final response, give only a concise summary of changes, safety impact, and validation results.",[0.3262120038401274]
"Continue the incremental Rust safety refactor tracked in `SAFETY_PLAN.md`.

{target_goal}

{after_refactoring_instruction}

Perform one focused, high-value iteration. Do not attempt a broad rewrite. Before editing, inspect `SAFETY_PLAN.md`, the current diff, repository status, relevant declarations and call sites, exports, headers, tests, build scripts, crate types, and the unsafe-checker configuration. Establish the current functionality and unsafe-checker baseline so this iteration’s effect can be measured accurately.

Choose a coherent change set with high unsafe-entity reduction and low behavioral risk. Prefer, in order:

1. Read-only data incorrectly declared mutable:
   - Convert `static mut` lookup tables, fixed coding tables, ordering arrays, configuration data, and constant strings to immutable `static` or `const` only after confirming there are no Rust or foreign writes.
   - Preserve exported symbol names, addresses where observable, element types, layouts, and exactly one definition of each required symbol.
   - For externally visible data, inspect headers and symbol consumers rather than assuming that apparent Rust read-only use proves immutability.
   - Make only declaration and access changes; do not rewrite or reformat large generated table literals.

2. Pure arithmetic and bit-level helpers:
   - Move checksum combination, bounds calculations, byte swapping, polynomial arithmetic, compile-flag construction, and similar state-independent logic into private safe Rust functions.
   - Preserve the width of C integer types on the target platform. In particular, do not silently substitute fixed-width Rust arithmetic for platform-dependent `c_ulong`, `size_t`, or offset types.
   - Preserve intentional C unsigned overflow using explicit wrapping operations. Do not “correct” suspicious translated expressions unless behavioral compatibility is separately established.

3. Pointer loops with already-proven bounds:
   - Replace generated pointer iteration with slices, arrays, indexing, chunks, iterators, or copy operations only when allocation identity, bounds, initialization, and aliasing are verifiable.
   - Do not use pointer subtraction, ordering, or `offset_from` unless both pointers are known to be within the same live allocation. Prefer tracked offsets and lengths.

4. Functions unsafe only because of translated syntax:
   - Convert internal functions to safe Rust only if their signatures and bodies require no caller-maintained pointer, aliasing, lifetime, callback, ownership, or global-state invariants.
   - Removing an `unsafe` keyword without eliminating the underlying unchecked invariant is not progress.

Use a strict ABI-boundary pattern:

- Keep public C symbols, calling conventions, parameter and return types, callback types, and `#[repr(C)]` layouts unchanged.
- Retain a thin `unsafe extern ""C""` wrapper wherever foreign pointers or state enter Rust.
- Put validation and the minimum raw-pointer conversion in that wrapper, then call a private safe implementation using references, slices, arrays, enums, or `Option`.
- Do not expose a safe function that accepts raw pointers or depends on undocumented foreign invariants.
- Keep exactly one exported definition per C symbol. Translated C modules may call each other through linker symbol names rather than Rust module paths, so search cross-module declarations before deleting or renaming an apparent duplicate.
- Genuine callback, allocator, ownership, and opaque-state boundaries may remain unsafe; do not disguise them with integer-to-pointer casts, new raw-pointer fields, or generic unsafe helpers.

Preserve the current C-compatible behavior exactly:

- Preserve null sentinels, return codes, partial-progress updates, output lengths, state transitions, callback ordering, allocation/free pairing, and externally visible mutable state.
- Checksum-style APIs commonly assign special results to null input pointers; preserve those results independently of the incoming checksum and length where the current implementation does so.
- Empty non-null input and null input are not automatically equivalent.
- Never call `from_raw_parts` or `from_raw_parts_mut` with a null pointer, including for zero length.
- Before constructing a slice, validate all Rust representability requirements, including byte-size multiplication and the `isize::MAX` bound.
- If an API has no compatible error or sentinel for an unrepresentable foreign length, do not invent one. Either retain the raw implementation for that case, process safely in justified chunks, or reject the candidate and document the pitfall.
- Do not create simultaneous shared and mutable references to foreign buffers unless non-overlap is guaranteed by the API contract. C buffers that may overlap cannot safely be modeled as ordinary Rust slices.
- Avoid panic paths in exported wrappers. Validate indices and lengths before safe indexing so malformed foreign input cannot unwind across the C boundary.
- Preserve current translated behavior even when it looks like an upstream bug. Upstream expectations are evidence only when confirmed against this repository’s ABI and tests.

Keep the patch small:

- Prefer a few declaration changes or a compact safe core over rewriting large compression/decompression state machines.
- Do not mechanically format generated files, regenerate tables, reorganize modules, or perform unrelated cleanup.
- Do not echo complete source files or large tables in the final response.
- If a promising conversion expands into unverifiable lifetimes, aliasing assumptions, pointer provenance questions, or substantial architecture work, revert that attempt, record the dead end, and select a safer candidate.

Add compact tests proportional to the changes. Useful coverage includes:

- immutable-table values or exported table pointers;
- known checksum vectors;
- empty input versus null sentinel behavior;
- negative or zero combination lengths;
- composition properties;
- integer overflow and maximum-width arithmetic;
- comparison between a safe core and its ABI wrapper using valid buffers.

Validation workflow:

1. Run the smallest relevant check or test after each coherent edit.
2. Run the project’s normal functionality tests.
3. Run:
   `cargo check-unsafe2 --manifest-path {cargo_dir_path}/Cargo.toml`
4. If the project has an established ABI or exported-symbol check, run it as well.
5. Compare the unsafe-checker result with the baseline and report the actual reduction. Treat checker failures as design feedback rather than adding exemptions or moving pointer operations into newly introduced helpers.
6. Never claim a command passed if it was unavailable or not run; record the exact limitation.

Before finishing, update `SAFETY_PLAN.md` as a concise working scratchpad containing:

- the exact category and scope changed this iteration;
- what is now complete;
- the unsafe-entity baseline and resulting count or reduction, if available;
- validation commands and outcomes;
- remaining work and the best next general category;
- behavioral traps, rejected approaches, and provenance or aliasing concerns future iterations should avoid.

In the final response, provide only a concise summary of the changes, safety impact, unsafe-entity reduction, and validation results.",[0.3488970410275384]
"Continue the incremental Rust safety refactor tracked in `SAFETY_PLAN.md`.

{target_goal}

{after_refactoring_instruction}

Perform one focused, high-value iteration. Do not attempt a broad rewrite. Before editing, inspect `SAFETY_PLAN.md`, the current diff, repository status, relevant declarations and call sites, exports, headers, tests, build scripts, crate types, and the unsafe-checker configuration. Establish the current functionality and unsafe-checker baseline so this iteration’s effect can be measured accurately.

Choose a coherent change set with high unsafe-entity reduction and low behavioral risk. Prefer, in order:

1. Read-only data incorrectly declared mutable:
   - Convert `static mut` lookup tables, fixed coding tables, ordering arrays, configuration data, and constant strings to immutable `static` or `const` only after confirming there are no Rust or foreign writes.
   - Preserve exported symbol names, addresses where observable, element types, layouts, and exactly one definition of each required symbol.
   - For externally visible data, inspect headers and symbol consumers rather than assuming that apparent Rust read-only use proves immutability.
   - Make only declaration and access changes; do not rewrite or reformat large generated table literals.

2. Pure arithmetic and bit-level helpers:
   - Move checksum combination, bounds calculations, byte swapping, polynomial arithmetic, compile-flag construction, and similar state-independent logic into private safe Rust functions.
   - Preserve the width of C integer types on the target platform. In particular, do not silently substitute fixed-width Rust arithmetic for platform-dependent `c_ulong`, `size_t`, or offset types.
   - Preserve intentional C unsigned overflow using explicit wrapping operations. Do not “correct” suspicious translated expressions unless behavioral compatibility is separately established.

3. Pointer loops with already-proven bounds:
   - Replace generated pointer iteration with slices, arrays, indexing, chunks, iterators, or copy operations only when allocation identity, bounds, initialization, and aliasing are verifiable.
   - Do not use pointer subtraction, ordering, or `offset_from` unless both pointers are known to be within the same live allocation. Prefer tracked offsets and lengths.

4. Functions unsafe only because of translated syntax:
   - Convert internal functions to safe Rust only if their signatures and bodies require no caller-maintained pointer, aliasing, lifetime, callback, ownership, or global-state invariants.
   - Removing an `unsafe` keyword without eliminating the underlying unchecked invariant is not progress.

Use a strict ABI-boundary pattern:

- Keep public C symbols, calling conventions, parameter and return types, callback types, and `#[repr(C)]` layouts unchanged.
- Retain a thin `unsafe extern ""C""` wrapper wherever foreign pointers or state enter Rust.
- Put validation and the minimum raw-pointer conversion in that wrapper, then call a private safe implementation using references, slices, arrays, enums, or `Option`.
- Do not expose a safe function that accepts raw pointers or depends on undocumented foreign invariants.
- Keep exactly one exported definition per C symbol. Translated C modules may call each other through linker symbol names rather than Rust module paths, so search cross-module declarations before deleting or renaming an apparent duplicate.
- Genuine callback, allocator, ownership, and opaque-state boundaries may remain unsafe; do not disguise them with integer-to-pointer casts, new raw-pointer fields, or generic unsafe helpers.

Preserve the current C-compatible behavior exactly:

- Preserve null sentinels, return codes, partial-progress updates, output lengths, state transitions, callback ordering, allocation/free pairing, and externally visible mutable state.
- Checksum-style APIs commonly assign special results to null input pointers; preserve those results independently of the incoming checksum and length where the current implementation does so.
- Empty non-null input and null input are not automatically equivalent.
- Never call `from_raw_parts` or `from_raw_parts_mut` with a null pointer, including for zero length.
- Before constructing a slice, validate all Rust representability requirements, including byte-size multiplication and the `isize::MAX` bound.
- If an API has no compatible error or sentinel for an unrepresentable foreign length, do not invent one. Either retain the raw implementation for that case, process safely in justified chunks, or reject the candidate and document the pitfall.
- Do not create simultaneous shared and mutable references to foreign buffers unless non-overlap is guaranteed by the API contract. C buffers that may overlap cannot safely be modeled as ordinary Rust slices.
- Avoid panic paths in exported wrappers. Validate indices and lengths before safe indexing so malformed foreign input cannot unwind across the C boundary.
- Preserve current translated behavior even when it looks like an upstream bug. Upstream expectations are evidence only when confirmed against this repository’s ABI and tests.

Keep the patch small:

- Prefer a few declaration changes or a compact safe core over rewriting large compression/decompression state machines.
- Do not mechanically format generated files, regenerate tables, reorganize modules, or perform unrelated cleanup.
- Do not echo complete source files or large tables in the final response.
- If a promising conversion expands into unverifiable lifetimes, aliasing assumptions, pointer provenance questions, or substantial architecture work, revert that attempt, record the dead end, and select a safer candidate.

Add compact tests proportional to the changes. Useful coverage includes:

- immutable-table values or exported table pointers;
- known checksum vectors;
- empty input versus null sentinel behavior;
- negative or zero combination lengths;
- composition properties;
- integer overflow and maximum-width arithmetic;
- comparison between a safe core and its ABI wrapper using valid buffers.

Validation workflow:

1. Run the smallest relevant check or test after each coherent edit.
2. Run the project’s normal functionality tests.
3. Run:
   `cargo check-unsafe2 --manifest-path {cargo_dir_path}/Cargo.toml`
4. If the project has an established ABI or exported-symbol check, run it as well.
5. Compare the unsafe-checker result with the baseline and report the actual reduction. Treat checker failures as design feedback rather than adding exemptions or moving pointer operations into newly introduced helpers.
6. Never claim a command passed if it was unavailable or not run; record the exact limitation.

Before finishing, update `SAFETY_PLAN.md` as a concise working scratchpad containing:

- the exact category and scope changed this iteration;
- what is now complete;
- the unsafe-entity baseline and resulting count or reduction, if available;
- validation commands and outcomes;
- remaining work and the best next general category;
- behavioral traps, rejected approaches, and provenance or aliasing concerns future iterations should avoid.

In the final response, provide only a concise summary of the changes, safety impact, unsafe-entity reduction, and validation results.",[0.35473417402307184]
"Continue the incremental safety refactor described in `SAFETY_PLAN.md`.

{target_goal}

{after_refactoring_instruction}

Work in one focused, high-value iteration rather than attempting a broad rewrite. First inspect `SAFETY_PLAN.md`, the current diff, relevant call sites, exports, tests, and build configuration. Select a coherent group of changes likely to remove many unsafe entities with low behavioral risk.

Use this general refactoring strategy:

- Separate C ABI boundaries from Rust implementations:
  - Keep exported symbols, calling conventions, parameter types, return types, and `#[repr(C)]` layouts ABI-compatible.
  - Prefer a thin `unsafe extern ""C""` wrapper for validation and raw-pointer conversion.
  - Move actual logic into private safe Rust functions using slices, references, arrays, enums, and `Option` where appropriate.
  - Do not expose a safe function that accepts unchecked foreign pointers or otherwise requires caller-maintained safety invariants.
- Prioritize easy, high-yield conversions:
  - Pure arithmetic, bit manipulation, bounds calculations, and state-independent helpers.
  - Read-only lookup tables currently declared `static mut`; convert them to immutable `static` or `const` when they are never modified.
  - Generated pointer loops that can be expressed with iterators, indexing, chunks, or slice operations.
  - Internal functions whose only reason for being unsafe is inherited `unsafe extern ""C""` syntax.
- Preserve exact C-compatible behavior:
  - Maintain null-pointer sentinel behavior, error codes, partial progress reporting, overflow behavior, and edge cases.
  - A null pointer must never be passed to `from_raw_parts`, even when the length is zero.
  - Before constructing a slice from a foreign pointer and length, validate every representability constraint required by Rust, including the `isize::MAX` bound where applicable.
  - Preserve intentional unsigned wrapping with explicit wrapping operations when overflow can occur; do not accidentally replace C wrapping behavior with debug-build panics.
  - Preserve callback behavior, ownership, allocation/free pairing, state transitions, and externally visible mutable state.
  - Do not use pointer subtraction or ordering unless both pointers are known to belong to the same live allocation. Prefer tracked lengths or indices where possible.
- Keep unsafe code narrowly localized and justified at genuine FFI or ownership boundaries. Merely deleting an `unsafe` keyword is not progress if unchecked invariants remain.
- Avoid introducing raw pointers, raw-pointer fields, integer-to-pointer casts, or new unsafe helpers into implementation code as a way to silence the checker.
- Avoid large mechanical formatting changes, generated-table rewrites, unrelated cleanup, and speculative architecture changes. Reuse existing tables and types when that keeps the patch small.
- Search all internal and cross-module callers before changing symbol ownership. In translated C projects, internal calls may resolve through exported symbol names rather than normal Rust module paths, so retain exactly one definition for each required external symbol.
- Add or extend compact tests for changed behavior, especially empty inputs, null sentinels, boundary lengths, overflow cases, known vectors, and composition/round-trip properties. Prefer tests that compare the safe core and ABI wrapper or established reference results.

Validate the smallest relevant target after each coherent edit, then run the project’s normal functionality tests. Also run:

```sh
cargo check-unsafe2 --manifest-path {cargo_dir_path}/Cargo.toml
```

This checker rejects improperly added unsafe code and newly added unsafe-adjacent implementation code, including raw-pointer arguments or fields and integer-to-pointer casts. Treat checker failures as design feedback: move validation/conversion to an existing legitimate boundary rather than adding exemptions or disguising pointer operations.

If a proposed conversion would require inventing unverifiable lifetimes, creating references to potentially aliased foreign memory, changing ABI semantics, or substantially expanding the patch, record it as a pitfall and choose a safer candidate instead.

Before finishing, update `SAFETY_PLAN.md` concisely with:
- what was actually changed this iteration;
- what is now complete;
- validation commands and outcomes;
- what remains and the best next general category of work;
- any behavioral traps, failed approaches, or dead ends future iterations should avoid.

Keep `SAFETY_PLAN.md` as a working scratchpad, not a report. In the final response, give only a concise summary of changes, safety impact, and validation results.",[0.26381369162114576]
"Continue the incremental safety refactor tracked in `SAFETY_PLAN.md`.

{target_goal}

{after_refactoring_instruction}

This is a translated zlib-style C codebase with many duplicated C type declarations, linker-resolved internal calls, exported data symbols, callback pointers, generated lookup tables, and state-machine code. The latest historical measurement reduced the checker count from 6604 to 6524 unsafe entities while functionality tests remained green. Treat `SAFETY_PLAN.md` and a fresh checker run as authoritative if the repository has moved since then.

Perform one focused, high-value iteration. Optimize for unsafe-entity reduction per line changed, behavioral confidence, and reviewability—not breadth. Do not print unchanged source files or large generated tables in the response.

Before editing:

1. Read `SAFETY_PLAN.md`.
2. Inspect `git status`, the current diff, build configuration, exports, tests, and the latest unsafe-checker output.
3. Search all call sites and symbol declarations, including `extern` declarations in other modules. Internal translated-C calls may resolve through exported symbol names rather than Rust module paths.
4. Establish the current validation baseline and unsafe-entity count.
5. Rank candidate groups by expected unsafe reduction, patch size, and behavioral risk, then choose one coherent group.

Prefer candidates in this order:

- Read-only `static mut` data:
  - Lookup tables, ordering arrays, fixed-code tables, version strings, configuration data, and similar generated constants are strong candidates when repository-wide search confirms they are never written.
  - Change only declarations and the minimum required access expressions; do not rewrite or reformat table contents.
  - Be cautious with exported data symbols. Preserve symbol name, element type, size, alignment, and linkage. Do not make an externally writable C global read-only unless the public C contract declares it read-only and no supported caller can mutate it.
  - If immutable statics fail `Sync` because they contain raw pointers or callback fields, do not add unsafe trait implementations or disguise the fields. Record the issue and choose another candidate.

- Pure arithmetic and bit-manipulation helpers:
  - Convert helpers for checksums, checksum composition, bounds, masks, byte swapping, bit reversal, and size calculations to ordinary safe Rust where their inputs are values rather than foreign memory.
  - Preserve C unsigned overflow with explicit `wrapping_*` operations wherever overflow is possible.
  - Preserve negative-length sentinels, all-ones error values, truncation to 32 bits, platform-dependent C integer widths, and existing overflow saturation/sentinel behavior.
  - Remove inherited `unsafe extern ""C""` syntax from private implementation helpers when no unsafe invariant remains.

- Small generated pointer loops:
  - Replace loops over known arrays or already validated buffers with indexing, slices, iterators, chunks, `copy_from_slice`, or explicit indices.
  - Prefer tracked offsets and lengths over pointer subtraction or ordering.
  - Only subtract or compare pointers when they are proven to be within the same live allocation. Do not infer this merely from numeric addresses.

Use a thin-boundary design:

- Preserve every required exported C symbol exactly once, including symbol spelling, calling convention, parameter and return types, and `#[repr(C)]` layouts.
- Keep raw-pointer validation, dereferencing, callback invocation, allocation/free operations, and ownership transfer in narrow `unsafe extern ""C""` boundaries.
- Move substantive logic into private safe functions accepting values, slices, references, arrays, enums, or `Option`.
- Never expose a safe function that accepts unchecked foreign pointers or depends on undocumented caller invariants.
- Add a short `// SAFETY:` justification to each new or materially changed unsafe block, stating both what was checked locally and what validity obligation remains with the C caller.
- Do not introduce raw-pointer helpers, raw-pointer fields, integer-to-pointer casts, `unsafe impl`, lint exemptions, or broad unsafe blocks to satisfy the checker.

Foreign-buffer conversion rules:

- Never call `from_raw_parts` or `from_raw_parts_mut` with a null pointer, including for length zero.
- Handle API-defined null sentinels before slice construction. In checksum APIs, null pointers can have special initialization behavior independent of normal empty-buffer processing; preserve that distinction exactly.
- For non-null buffers, enforce slice size constraints such as `len <= isize::MAX / size_of::<T>()`.
- Numeric address checks do not prove allocation validity, provenance, initialization, or non-aliasing. Do not claim that they do. Those properties remain explicit safety requirements on the foreign caller.
- Do not create `&mut` or mutable slices when foreign memory might alias another live reference. If exclusivity cannot be established, keep the operation at the unsafe boundary or choose another candidate.
- If an oversized foreign length cannot be represented as a Rust slice and the C API provides no behavior-compatible error or sentinel result, do not invent one. Record this as a blocked conversion and select a safer candidate.

Preserve exact externally observable behavior:

- Null sentinels and empty non-null buffers.
- Error codes and validation order where defined inputs can observe it.
- Partial input/output progress and length updates.
- Intentional wrapping, truncation, and overflow detection.
- Checksum known vectors and composition behavior.
- Compression/decompression state transitions.
- Callback order and arguments.
- Allocation/free pairing and cleanup after partial failure.
- Exported mutable state and data-symbol semantics.
- Gzip/file position, EOF, retry, and error-state behavior.

Do not attempt a broad rewrite of compression or decompression state machines in this iteration. Avoid speculative lifetime modeling, generated-table regeneration, ABI type deduplication, unrelated cleanup, and repository-wide formatting. Deleting an `unsafe` keyword without removing the underlying unchecked invariant is not progress.

Testing:

- Add only compact tests directly relevant to the selected group.
- For arithmetic/checksum work, cover known vectors, empty input, null sentinel behavior through the ABI wrapper, chunk/composition properties, negative lengths, boundary block sizes, and overflow cases.
- For immutable-table work, prefer compile-time type/size checks and existing end-to-end functionality tests rather than duplicating table contents.
- When a safe core is introduced, compare it with the ABI wrapper or an established reference result.
- Do not call FFI wrappers with dangling or fabricated pointers merely to test invalid inputs.

Validate incrementally:

1. Run the smallest relevant check or test after each coherent edit.
2. Run the project’s normal functionality tests.
3. Run:
   `cargo check-unsafe2 --manifest-path {cargo_dir_path}/Cargo.toml`
4. Compare the final unsafe-entity count with the baseline and inspect the final diff for accidental formatting or symbol duplication.
5. If the checker rejects new unsafe-adjacent implementation code, treat that as design feedback. Rework the boundary or abandon the candidate rather than adding exemptions.

Before finishing, update `SAFETY_PLAN.md` as a concise working scratchpad with:

- the exact category changed this iteration;
- what is now complete;
- unsafe count before and after;
- validation commands and outcomes;
- remaining high-value categories;
- blocked approaches and behavioral traps, especially exported writable globals, unrepresentable foreign lengths, aliasing, pointer provenance, and linker-resolved duplicate symbols.

In the final response, provide only a concise summary of the changed category, safety impact, unsafe-count delta, and validation results. Do not include full file contents or a long report.",[0.2071603282360608]
"Continue the incremental safety refactor described in `SAFETY_PLAN.md`.

{target_goal}

{after_refactoring_instruction}

Work in one focused, high-value iteration rather than attempting a broad rewrite. First inspect `SAFETY_PLAN.md`, the current diff, relevant call sites, exports, tests, and build configuration. Select a coherent group of changes likely to remove many unsafe entities with low behavioral risk.

Use this general refactoring strategy:

- Separate C ABI boundaries from Rust implementations:
  - Keep exported symbols, calling conventions, parameter types, return types, and `#[repr(C)]` layouts ABI-compatible.
  - Prefer a thin `unsafe extern ""C""` wrapper for validation and raw-pointer conversion.
  - Move actual logic into private safe Rust functions using slices, references, arrays, enums, and `Option` where appropriate.
  - Do not expose a safe function that accepts unchecked foreign pointers or otherwise requires caller-maintained safety invariants.
- Prioritize easy, high-yield conversions:
  - Pure arithmetic, bit manipulation, bounds calculations, and state-independent helpers.
  - Read-only lookup tables currently declared `static mut`; convert them to immutable `static` or `const` when they are never modified.
  - Generated pointer loops that can be expressed with iterators, indexing, chunks, or slice operations.
  - Internal functions whose only reason for being unsafe is inherited `unsafe extern ""C""` syntax.
- Preserve exact C-compatible behavior:
  - Maintain null-pointer sentinel behavior, error codes, partial progress reporting, overflow behavior, and edge cases.
  - A null pointer must never be passed to `from_raw_parts`, even when the length is zero.
  - Before constructing a slice from a foreign pointer and length, validate every representability constraint required by Rust, including the `isize::MAX` bound where applicable.
  - Preserve intentional unsigned wrapping with explicit wrapping operations when overflow can occur; do not accidentally replace C wrapping behavior with debug-build panics.
  - Preserve callback behavior, ownership, allocation/free pairing, state transitions, and externally visible mutable state.
  - Do not use pointer subtraction or ordering unless both pointers are known to belong to the same live allocation. Prefer tracked lengths or indices where possible.
- Keep unsafe code narrowly localized and justified at genuine FFI or ownership boundaries. Merely deleting an `unsafe` keyword is not progress if unchecked invariants remain.
- Avoid introducing raw pointers, raw-pointer fields, integer-to-pointer casts, or new unsafe helpers into implementation code as a way to silence the checker.
- Avoid large mechanical formatting changes, generated-table rewrites, unrelated cleanup, and speculative architecture changes. Reuse existing tables and types when that keeps the patch small.
- Search all internal and cross-module callers before changing symbol ownership. In translated C projects, internal calls may resolve through exported symbol names rather than normal Rust module paths, so retain exactly one definition for each required external symbol.
- Add or extend compact tests for changed behavior, especially empty inputs, null sentinels, boundary lengths, overflow cases, known vectors, and composition/round-trip properties. Prefer tests that compare the safe core and ABI wrapper or established reference results.

Validate the smallest relevant target after each coherent edit, then run the project’s normal functionality tests. Also run:

```sh
cargo check-unsafe2 --manifest-path {cargo_dir_path}/Cargo.toml
```

This checker rejects improperly added unsafe code and newly added unsafe-adjacent implementation code, including raw-pointer arguments or fields and integer-to-pointer casts. Treat checker failures as design feedback: move validation/conversion to an existing legitimate boundary rather than adding exemptions or disguising pointer operations.

If a proposed conversion would require inventing unverifiable lifetimes, creating references to potentially aliased foreign memory, changing ABI semantics, or substantially expanding the patch, record it as a pitfall and choose a safer candidate instead.

Before finishing, update `SAFETY_PLAN.md` concisely with:
- what was actually changed this iteration;
- what is now complete;
- validation commands and outcomes;
- what remains and the best next general category of work;
- any behavioral traps, failed approaches, or dead ends future iterations should avoid.

Keep `SAFETY_PLAN.md` as a working scratchpad, not a report. In the final response, give only a concise summary of changes, safety impact, and validation results.",[0.3568358763011755]
"Continue the incremental Rust safety refactor documented in `SAFETY_PLAN.md`.

{target_goal}

{after_refactoring_instruction}

Work directly in the repository and complete one focused, high-value iteration. Do not attempt a broad rewrite. Before editing, inspect:

- `SAFETY_PLAN.md`;
- the current working-tree diff, preserving unrelated or user-authored changes;
- relevant definitions, exports, declarations, and all internal and cross-module callers;
- tests and normal build/test configuration;
- the latest unsafe-checker output or unsafe-entity count.

This is a translated C codebase with linker-resolved internal calls and duplicated-looking implementation/export wrappers. Internal callers may declare and call an exported symbol through `extern ""C""` instead of a Rust module path. Preserve exactly one definition of every required external symbol. Keep symbol names, calling conventions, parameter and return types, integer widths, callback types, and `#[repr(C)]` layouts ABI-compatible.

A prior successful iteration converted a checksum implementation to a safe slice-based core, retained thin FFI wrappers, added boundary/composition tests, passed functionality tests, and reduced the unsafe-entity count from 6604 to 6524. Build on that pattern, but choose the best current candidate based on repository inspection rather than repeating or expanding that work mechanically.

Prioritize coherent changes with a high safety payoff and low behavioral risk, especially:

1. Read-only data:
   - Find integer, byte, or plain-value lookup tables declared `static mut` that are never written.
   - Convert them to immutable `static` or `const` without rewriting their large initializers.
   - Check all declarations and symbol consumers before changing linkage or visibility.
   - Do not add an `unsafe impl Sync`, raw-pointer indirection, or another unsafe abstraction merely to make a static compile. Skip statics whose type or external mutability contract makes immutability uncertain.

2. Pure helpers:
   - Convert private arithmetic, bit-manipulation, table-lookup, bounds, and state-independent helpers to ordinary safe Rust functions when their only unsafety is inherited C syntax.
   - Preserve C integer behavior. Use explicit `wrapping_*` operations wherever overflow is possible or intentional, including intermediate calculations. Do not introduce debug-only panics through ordinary addition, subtraction, multiplication, shifts, or indexing.
   - Keep ABI-facing wrappers separate from safe implementation functions.

3. Buffer-processing code:
   - Move logic into private safe functions using slices, arrays, references, iterators, indexing, or chunks.
   - Leave raw-pointer validation and conversion in a thin `unsafe extern ""C""` boundary.
   - Do not expose a safe function that accepts unchecked foreign pointers or relies on caller-maintained allocation, lifetime, alignment, initialization, or aliasing invariants.
   - Avoid conversions that require simultaneous Rust references to buffers that C permits to overlap.

FFI boundary requirements:

- Preserve null-pointer sentinel behavior and the order in which sentinel/error cases are handled.
- Never pass null to `from_raw_parts` or `from_raw_parts_mut`, including for zero length. Return the required sentinel first, or use an independently created empty slice only when that exactly preserves behavior.
- Before constructing a foreign slice, reject lengths that Rust cannot represent. Account for `isize::MAX`, element size, alignment, and arithmetic overflow; for non-zero-sized `T`, the byte length must not exceed `isize::MAX`.
- Pointer validity cannot be proven by a null check, so the exported raw-pointer wrapper must remain unsafe and its unchecked caller obligations must remain confined to that boundary.
- Do not use pointer subtraction, ordering, or `offset_from` unless both pointers are known to belong to the same live allocation. Prefer tracked lengths and indices.
- Do not create references to potentially aliased foreign state merely to reduce checker counts.
- Keep allocation/free pairing, callback invocation order, partial-progress reporting, error codes, state transitions, and externally visible mutable state unchanged.
- Do not let new panics cross an FFI boundary. Avoid `unwrap`, `expect`, unchecked indexing, or assertions in exported execution paths.

Do not treat deleting an `unsafe` keyword as progress when unchecked invariants remain. Do not introduce raw-pointer parameters or fields into implementation code, integer-to-pointer casts, unsafe helper layers, or checker exemptions to hide unsafety. If a candidate requires unverifiable lifetimes, uncertain aliasing, changed ABI semantics, or a large architectural expansion, record it as a pitfall and choose a safer candidate.

Testing:

- Add compact tests for the changed behavior rather than broad integration scaffolding.
- Cover relevant empty inputs, null sentinels, boundary lengths, overflow behavior, table boundaries, known vectors, and composition or round-trip properties.
- When practical, compare the safe core with the ABI wrapper or an established reference result.
- Do not call an FFI wrapper with intentionally invalid non-null pointers merely to test validation.

Validation workflow:

1. Run the smallest applicable check or test after each coherent edit.
2. Run the project’s normal functionality test suite.
3. Run:

   cargo check-unsafe2 --manifest-path {cargo_dir_path}/Cargo.toml

Treat checker failures as design feedback. Fix the design or revert the problematic conversion rather than adding exemptions. Record the before/after unsafe-entity count if the checker reports it, while recognizing that genuine ABI and ownership boundaries may remain unsafe.

Before finishing, update `SAFETY_PLAN.md` as a concise working scratchpad containing:

- what changed in this iteration;
- what category is now complete;
- validation commands and outcomes;
- unsafe-entity count before and after, when available;
- what remains and the best next general category;
- behavioral traps, rejected approaches, or dead ends future iterations should avoid.

Keep the patch narrowly scoped and avoid generated-table rewrites, mass formatting, unrelated cleanup, or speculative redesign.

Use repository-editing tools for the implementation. Do not print complete source files or a full diff in the response. The final response must contain only a concise summary of the changes, their safety impact, and the validation results.",[0.25022904270344537]
"Continue the incremental safety refactor described in `SAFETY_PLAN.md`.

{target_goal}

{after_refactoring_instruction}

Work in one focused, high-value iteration rather than attempting a broad rewrite. First inspect `SAFETY_PLAN.md`, the current diff, relevant call sites, exports, tests, and build configuration. Select a coherent group of changes likely to remove many unsafe entities with low behavioral risk.

Use this general refactoring strategy:

- Separate C ABI boundaries from Rust implementations:
  - Keep exported symbols, calling conventions, parameter types, return types, and `#[repr(C)]` layouts ABI-compatible.
  - Prefer a thin `unsafe extern ""C""` wrapper for validation and raw-pointer conversion.
  - Move actual logic into private safe Rust functions using slices, references, arrays, enums, and `Option` where appropriate.
  - Do not expose a safe function that accepts unchecked foreign pointers or otherwise requires caller-maintained safety invariants.
- Prioritize easy, high-yield conversions:
  - Pure arithmetic, bit manipulation, bounds calculations, and state-independent helpers.
  - Read-only lookup tables currently declared `static mut`; convert them to immutable `static` or `const` when they are never modified.
  - Generated pointer loops that can be expressed with iterators, indexing, chunks, or slice operations.
  - Internal functions whose only reason for being unsafe is inherited `unsafe extern ""C""` syntax.
- Preserve exact C-compatible behavior:
  - Maintain null-pointer sentinel behavior, error codes, partial progress reporting, overflow behavior, and edge cases.
  - A null pointer must never be passed to `from_raw_parts`, even when the length is zero.
  - Before constructing a slice from a foreign pointer and length, validate every representability constraint required by Rust, including the `isize::MAX` bound where applicable.
  - Preserve intentional unsigned wrapping with explicit wrapping operations when overflow can occur; do not accidentally replace C wrapping behavior with debug-build panics.
  - Preserve callback behavior, ownership, allocation/free pairing, state transitions, and externally visible mutable state.
  - Do not use pointer subtraction or ordering unless both pointers are known to belong to the same live allocation. Prefer tracked lengths or indices where possible.
- Keep unsafe code narrowly localized and justified at genuine FFI or ownership boundaries. Merely deleting an `unsafe` keyword is not progress if unchecked invariants remain.
- Avoid introducing raw pointers, raw-pointer fields, integer-to-pointer casts, or new unsafe helpers into implementation code as a way to silence the checker.
- Avoid large mechanical formatting changes, generated-table rewrites, unrelated cleanup, and speculative architecture changes. Reuse existing tables and types when that keeps the patch small.
- Search all internal and cross-module callers before changing symbol ownership. In translated C projects, internal calls may resolve through exported symbol names rather than normal Rust module paths, so retain exactly one definition for each required external symbol.
- Add or extend compact tests for changed behavior, especially empty inputs, null sentinels, boundary lengths, overflow cases, known vectors, and composition/round-trip properties. Prefer tests that compare the safe core and ABI wrapper or established reference results.

Validate the smallest relevant target after each coherent edit, then run the project’s normal functionality tests. Also run:

```sh
cargo check-unsafe2 --manifest-path {cargo_dir_path}/Cargo.toml
```

This checker rejects improperly added unsafe code and newly added unsafe-adjacent implementation code, including raw-pointer arguments or fields and integer-to-pointer casts. Treat checker failures as design feedback: move validation/conversion to an existing legitimate boundary rather than adding exemptions or disguising pointer operations.

If a proposed conversion would require inventing unverifiable lifetimes, creating references to potentially aliased foreign memory, changing ABI semantics, or substantially expanding the patch, record it as a pitfall and choose a safer candidate instead.

Before finishing, update `SAFETY_PLAN.md` concisely with:
- what was actually changed this iteration;
- what is now complete;
- validation commands and outcomes;
- what remains and the best next general category of work;
- any behavioral traps, failed approaches, or dead ends future iterations should avoid.

Keep `SAFETY_PLAN.md` as a working scratchpad, not a report. In the final response, give only a concise summary of changes, safety impact, and validation results.",[0.2460926318212867]
"Continue the incremental Rust safety refactor documented in `SAFETY_PLAN.md`.

{target_goal}

{after_refactoring_instruction}

Perform one focused, high-yield iteration. Do not attempt a broad rewrite. Before editing:

1. Read `SAFETY_PLAN.md`.
2. Inspect the current diff, repository status, exports, internal and cross-module callers, tests, target configuration, and build scripts.
3. Run or inspect the unsafe checker to establish the current baseline and identify clusters of removable unsafe entities.
4. Confirm which prior changes are actually present rather than relying on historical summaries.

A previous checksum-oriented iteration reportedly reduced the checker count from 6604 to 6353 while functionality tests passed. It moved checksum algorithms into slice-based safe cores, retained raw-pointer ABI wrappers, and made several read-only lookup tables immutable. Treat this only as historical context: verify the current tree and do not redo completed work. Also scrutinize such simplifications for exact edge behavior—especially empty input with noncanonical initial checksum states—because passing ordinary vectors alone does not prove C-compatible semantics.

Choose one coherent category that removes many genuinely unsafe entities with low behavioral risk. Good general candidates include:

- private pure arithmetic, bit manipulation, state classification, and bounds helpers;
- private functions marked unsafe only because of inherited translated-C syntax;
- read-only private lookup/configuration data incorrectly declared `static mut`;
- generated loops over known arrays or validated slices that can become indexing, iteration, chunks, copying, or filling;
- thin ABI forwarding layers whose implementation logic can move into safe typed cores.

Do not choose raw-pointer-heavy stream engines, callback/allocator ownership paths, or ABI state layouts merely because they dominate the checker report unless a small, verifiable boundary can be isolated.

Use these rules:

### Preserve ABI and symbol ownership

- Keep every required exported symbol’s name, calling convention, parameter types, return type, and `#[repr(C)]` layout unchanged.
- Retain exactly one definition of each external symbol.
- Search all internal and cross-module callers before changing a function. Translated C modules may call through an `extern ""C""` declaration that resolves to an exported symbol rather than through a Rust module path.
- Do not replace a required C ABI function with a Rust slice/reference signature. Instead, use a private safe core and a thin `unsafe extern ""C""` wrapper.
- An exported raw-pointer function must remain unsafe when callers must uphold pointer validity, aliasing, lifetime, initialization, or ownership invariants. Removing only the `unsafe` keyword is not safety progress.
- Raw-pointer fields in ABI-compatible state structures, callback types, and allocator interfaces are often unavoidable boundary entities. Do not change them merely to improve the metric.
- Do not change externally writable exported data to immutable storage unless the ABI contract and all foreign callers prove that mutation is impossible. Private tables proven read-only are appropriate conversion targets.

### Localize and justify unsafe operations

- Keep raw-pointer validation and conversion at an existing FFI or ownership boundary.
- Move implementation logic into private safe functions using slices, references, arrays, enums, indices, and `Option`.
- Never expose a safe API that accepts unchecked foreign pointers or relies on undocumented caller-maintained invariants.
- Do not introduce new raw-pointer parameters, raw-pointer fields, integer-to-pointer casts, synthetic pointer wrappers, or generic unsafe helpers to silence the checker.
- Avoid creating Rust references to foreign state when aliasing cannot be established. In such cases, leave the operation at the unsafe boundary and select a safer target.
- Do not subtract, order, or compute distances between pointers unless both are known to point into the same live allocation. Prefer tracked lengths and indices.

### Preserve exact C-compatible behavior

- Preserve null sentinels, error codes, partial progress, callback order, state transitions, ownership, allocation/free pairing, and externally visible mutable state.
- For zlib-style checksum entry points, null input has API-specific sentinel behavior: Adler-family entry points conventionally return `1`, while CRC-family entry points return `0`. Preserve the established implementation’s exact behavior and ordering.
- Never pass null to `from_raw_parts` or `from_raw_parts_mut`, even for zero length. Handle null sentinels and empty input before slice construction.
- Before constructing a slice, validate all Rust representability constraints, including byte-size overflow and the `isize::MAX` bound.
- Preserve platform-dependent C widths such as `c_ulong`; do not silently assume they are always 64-bit.
- Preserve intentional unsigned wrapping with explicit wrapping operations where overflow is possible.
- Do not add normalization that changes empty-input behavior. Arithmetic cores must preserve noncanonical initial states exactly unless the C implementation canonicalizes them.
- If replacing an optimized implementation with a simpler safe algorithm, first confirm that performance changes are acceptable and prove output equivalence across alignment, chunk boundaries, initial states, and platform-width-sensitive arithmetic.
- Avoid shifts whose amount can equal or exceed the type width and signed arithmetic that can panic in debug builds.

### Testing

Add compact tests specific to the changed behavior. Prefer safe-core tests plus ABI-wrapper comparisons or established reference results. Include, as applicable:

- empty input and null sentinels;
- zero-length calls with null and non-null pointers;
- one-element inputs;
- values immediately around chunk/block thresholds;
- maximum or overflow-adjacent lengths without constructing invalid slices;
- noncanonical initial arithmetic/checksum states;
- known vectors;
- composition or round-trip properties;
- equivalence between old/reference behavior, the safe core, and the ABI wrapper.

Do not encode a newly introduced behavior as the expected result without checking it against the original implementation or upstream C semantics.

### Validation workflow

After each coherent edit, run the smallest relevant check or test. Before finishing, run the project’s normal functionality tests and:

```sh
cargo check-unsafe2 --manifest-path {cargo_dir_path}/Cargo.toml
```

Record the before/after unsafe-entity count when available. Treat checker failures as design feedback; redesign around an existing legitimate boundary rather than adding exemptions.

If a candidate requires unverifiable lifetimes, potentially aliased references, changed ABI semantics, speculative ownership changes, or a large mechanical rewrite, stop and record it as a pitfall instead of forcing the conversion.

Update `SAFETY_PLAN.md` concisely with:

- the coherent category selected;
- what was actually changed;
- what is now complete;
- checker count before and after, if reported;
- validation commands and outcomes;
- remaining work and the best next general category;
- behavioral traps, rejected approaches, or dead ends.

Keep the patch and output concise. Do not print complete source files, large diffs, long checker entity lists, or full test logs. In the final response, provide only a short summary of the changes, the safety impact, the unsafe-count delta if known, and validation results.",[0.283550822181327]
"Continue the incremental Rust safety refactor documented in `SAFETY_PLAN.md`.

{target_goal}

{after_refactoring_instruction}

Perform one focused, high-yield iteration. Do not attempt a broad rewrite. Before editing:

1. Read `SAFETY_PLAN.md`.
2. Inspect the current diff, repository status, exports, internal and cross-module callers, tests, target configuration, and build scripts.
3. Run or inspect the unsafe checker to establish the current baseline and identify clusters of removable unsafe entities.
4. Confirm which prior changes are actually present rather than relying on historical summaries.

A previous checksum-oriented iteration reportedly reduced the checker count from 6604 to 6353 while functionality tests passed. It moved checksum algorithms into slice-based safe cores, retained raw-pointer ABI wrappers, and made several read-only lookup tables immutable. Treat this only as historical context: verify the current tree and do not redo completed work. Also scrutinize such simplifications for exact edge behavior—especially empty input with noncanonical initial checksum states—because passing ordinary vectors alone does not prove C-compatible semantics.

Choose one coherent category that removes many genuinely unsafe entities with low behavioral risk. Good general candidates include:

- private pure arithmetic, bit manipulation, state classification, and bounds helpers;
- private functions marked unsafe only because of inherited translated-C syntax;
- read-only private lookup/configuration data incorrectly declared `static mut`;
- generated loops over known arrays or validated slices that can become indexing, iteration, chunks, copying, or filling;
- thin ABI forwarding layers whose implementation logic can move into safe typed cores.

Do not choose raw-pointer-heavy stream engines, callback/allocator ownership paths, or ABI state layouts merely because they dominate the checker report unless a small, verifiable boundary can be isolated.

Use these rules:

### Preserve ABI and symbol ownership

- Keep every required exported symbol’s name, calling convention, parameter types, return type, and `#[repr(C)]` layout unchanged.
- Retain exactly one definition of each external symbol.
- Search all internal and cross-module callers before changing a function. Translated C modules may call through an `extern ""C""` declaration that resolves to an exported symbol rather than through a Rust module path.
- Do not replace a required C ABI function with a Rust slice/reference signature. Instead, use a private safe core and a thin `unsafe extern ""C""` wrapper.
- An exported raw-pointer function must remain unsafe when callers must uphold pointer validity, aliasing, lifetime, initialization, or ownership invariants. Removing only the `unsafe` keyword is not safety progress.
- Raw-pointer fields in ABI-compatible state structures, callback types, and allocator interfaces are often unavoidable boundary entities. Do not change them merely to improve the metric.
- Do not change externally writable exported data to immutable storage unless the ABI contract and all foreign callers prove that mutation is impossible. Private tables proven read-only are appropriate conversion targets.

### Localize and justify unsafe operations

- Keep raw-pointer validation and conversion at an existing FFI or ownership boundary.
- Move implementation logic into private safe functions using slices, references, arrays, enums, indices, and `Option`.
- Never expose a safe API that accepts unchecked foreign pointers or relies on undocumented caller-maintained invariants.
- Do not introduce new raw-pointer parameters, raw-pointer fields, integer-to-pointer casts, synthetic pointer wrappers, or generic unsafe helpers to silence the checker.
- Avoid creating Rust references to foreign state when aliasing cannot be established. In such cases, leave the operation at the unsafe boundary and select a safer target.
- Do not subtract, order, or compute distances between pointers unless both are known to point into the same live allocation. Prefer tracked lengths and indices.

### Preserve exact C-compatible behavior

- Preserve null sentinels, error codes, partial progress, callback order, state transitions, ownership, allocation/free pairing, and externally visible mutable state.
- For zlib-style checksum entry points, null input has API-specific sentinel behavior: Adler-family entry points conventionally return `1`, while CRC-family entry points return `0`. Preserve the established implementation’s exact behavior and ordering.
- Never pass null to `from_raw_parts` or `from_raw_parts_mut`, even for zero length. Handle null sentinels and empty input before slice construction.
- Before constructing a slice, validate all Rust representability constraints, including byte-size overflow and the `isize::MAX` bound.
- Preserve platform-dependent C widths such as `c_ulong`; do not silently assume they are always 64-bit.
- Preserve intentional unsigned wrapping with explicit wrapping operations where overflow is possible.
- Do not add normalization that changes empty-input behavior. Arithmetic cores must preserve noncanonical initial states exactly unless the C implementation canonicalizes them.
- If replacing an optimized implementation with a simpler safe algorithm, first confirm that performance changes are acceptable and prove output equivalence across alignment, chunk boundaries, initial states, and platform-width-sensitive arithmetic.
- Avoid shifts whose amount can equal or exceed the type width and signed arithmetic that can panic in debug builds.

### Testing

Add compact tests specific to the changed behavior. Prefer safe-core tests plus ABI-wrapper comparisons or established reference results. Include, as applicable:

- empty input and null sentinels;
- zero-length calls with null and non-null pointers;
- one-element inputs;
- values immediately around chunk/block thresholds;
- maximum or overflow-adjacent lengths without constructing invalid slices;
- noncanonical initial arithmetic/checksum states;
- known vectors;
- composition or round-trip properties;
- equivalence between old/reference behavior, the safe core, and the ABI wrapper.

Do not encode a newly introduced behavior as the expected result without checking it against the original implementation or upstream C semantics.

### Validation workflow

After each coherent edit, run the smallest relevant check or test. Before finishing, run the project’s normal functionality tests and:

```sh
cargo check-unsafe2 --manifest-path {cargo_dir_path}/Cargo.toml
```

Record the before/after unsafe-entity count when available. Treat checker failures as design feedback; redesign around an existing legitimate boundary rather than adding exemptions.

If a candidate requires unverifiable lifetimes, potentially aliased references, changed ABI semantics, speculative ownership changes, or a large mechanical rewrite, stop and record it as a pitfall instead of forcing the conversion.

Update `SAFETY_PLAN.md` concisely with:

- the coherent category selected;
- what was actually changed;
- what is now complete;
- checker count before and after, if reported;
- validation commands and outcomes;
- remaining work and the best next general category;
- behavioral traps, rejected approaches, or dead ends.

Keep the patch and output concise. Do not print complete source files, large diffs, long checker entity lists, or full test logs. In the final response, provide only a short summary of the changes, the safety impact, the unsafe-count delta if known, and validation results.",[0.09500303702744495]
