agent_safety_prompt,scores
"Continue the plan from `SAFETY_PLAN.md`.
**Before you finish, update `SAFETY_PLAN.md`** to reflect what you actually did this iteration, what is now complete, what remains, and any pitfalls or dead ends future iterations should avoid. Keep it concise — it is a working scratchpad, not a report.

{target_goal}

{after_refactoring_instruction}

Your changes must not introduce new unsafe code within implementation functions. You can check your work using this command:
```sh
cargo check-unsafe2 --manifest-path {cargo_dir_path}/Cargo.toml
```
This will report an error for any unsafe code that was improperly added during your edits. It also reports errors on any newly added ""unsafe-adjacent"" code, including int-to-pointer casts and arguments or fields of raw pointer type.",[0.012113870381586917]
"Continue the plan from `SAFETY_PLAN.md`.
**Before you finish, update `SAFETY_PLAN.md`** to reflect what you actually did this iteration, what is now complete, what remains, and any pitfalls or dead ends future iterations should avoid. Keep it concise — it is a working scratchpad, not a report.

{target_goal}

{after_refactoring_instruction}

Your changes must not introduce new unsafe code within implementation functions. You can check your work using this command:
```sh
cargo check-unsafe2 --manifest-path {cargo_dir_path}/Cargo.toml
```
This will report an error for any unsafe code that was improperly added during your edits. It also reports errors on any newly added ""unsafe-adjacent"" code, including int-to-pointer casts and arguments or fields of raw pointer type.",[0.028013325257419744]
"Continue the incremental safety refactor described in `SAFETY_PLAN.md`.

Goal:
{target_goal}

Additional requirements:
{after_refactoring_instruction}

Work in a bounded, high-yield iteration. First read the plan and inspect the current code and call graph. Prefer a coherent cluster that can be made substantially safer without rewriting large unrelated subsystems. Do not spend the iteration merely reformatting generated code or changing `unsafe fn` to safe syntax while leaving raw-pointer operations embedded in the implementation.

Use this general architecture where practical:

1. Keep C ABI compatibility at a thin FFI boundary.
   - Preserve exported symbol names, signatures, return values, null handling, and observable behavior.
   - An exported raw-pointer wrapper may remain `unsafe extern ""C""`.
   - Validate pointers and lengths in the wrapper, construct safe Rust values, and delegate immediately to a safe implementation.
   - Do not expose a safe Rust function that accepts unvalidated raw pointers.
   - Preserve distinctions required by the C API, such as a null buffer versus a non-null zero-length buffer.

2. Make the implementation genuinely safe.
   - Prefer slices, references, arrays, iterators, indexing, and ordinary Rust state over pointer arithmetic and dereferencing.
   - Move unavoidable unsafe operations into the smallest existing FFI/adaptation boundary, with a concise safety explanation.
   - Convert pure arithmetic or table-driven helpers to ordinary safe Rust functions.
   - Replace mutable global lookup tables with immutable `static`/`const` data when they are not actually modified.
   - Replace unnecessary const-time transmutes with byte strings, typed literals, or other safe constant representations.
   - Remove `unsafe` from helpers and statics only when all callers and types remain correct.

3. Preserve translated-C semantics deliberately.
   - Retain required wrapping arithmetic, checksum reduction bounds, bit widths, sentinel values, signed-length behavior, and platform-dependent C integer types.
   - Do not “simplify” overflow checks into tautologies or otherwise alter error behavior.
   - Be especially careful with pointer/length APIs: Rust slice construction requires a non-null, aligned, valid pointer even when the length is zero, so handle C null conventions before constructing a slice.
   - Do not create references whose lifetime, aliasing, initialization, or mutability cannot be justified.

Prioritize changes that remove many unsafe entities with little code churn, such as:
- pure helpers incorrectly marked unsafe;
- immutable tables incorrectly declared `static mut`;
- pointer-based computational kernels that can be expressed as safe slice loops;
- duplicated implementation/FFI pairs where the implementation can become a safe core and the exported wrapper can remain thin.

Avoid low-value or risky approaches:
- Do not add broad lint suppressions or checker exemptions.
- Do not introduce new raw-pointer fields, raw-pointer helper APIs, integer-to-pointer casts, mutable globals, or large unsafe blocks.
- Do not change ABI-visible layouts or exported symbols unless the task explicitly permits it.
- Do not attempt a broad rewrite of complex stateful code unless you can validate it fully in this iteration.
- Do not copy large unchanged files into your response; make focused repository edits and summarize them concisely.

Validate after editing:
- Run the project’s relevant formatting, build, and functionality tests.
- Run:
  cargo check-unsafe2 --manifest-path {cargo_dir_path}/Cargo.toml
- This checker rejects newly introduced unsafe implementation code and newly introduced “unsafe-adjacent” constructs, including integer-to-pointer casts and raw-pointer arguments or fields.
- Compare the safety result with the baseline when available. Confirm that the iteration produces a real net reduction in unsafe entities rather than merely relocating or renaming them.
- If a proposed refactor fails compilation, ABI compatibility, functionality tests, or the safety checker, revert or narrow it rather than leaving a partially converted subsystem.

Before finishing, update `SAFETY_PLAN.md` concisely with:
- what was actually changed this iteration;
- what is now complete;
- validation commands and outcomes;
- the observed unsafe-entity reduction, if reported;
- what remains and the next promising general area;
- pitfalls, failed approaches, or semantic constraints future iterations must remember.

In the final response, give only a concise summary of the completed refactor, tests/checks run, and remaining work.",[0.012113870381586917]
"Continue the plan from `SAFETY_PLAN.md`.
**Before you finish, update `SAFETY_PLAN.md`** to reflect what you actually did this iteration, what is now complete, what remains, and any pitfalls or dead ends future iterations should avoid. Keep it concise — it is a working scratchpad, not a report.

{target_goal}

{after_refactoring_instruction}

Your changes must not introduce new unsafe code within implementation functions. You can check your work using this command:
```sh
cargo check-unsafe2 --manifest-path {cargo_dir_path}/Cargo.toml
```
This will report an error for any unsafe code that was improperly added during your edits. It also reports errors on any newly added ""unsafe-adjacent"" code, including int-to-pointer casts and arguments or fields of raw pointer type.",[0.012113870381586917]
"Continue the incremental safety refactor described in `SAFETY_PLAN.md`.

Goal: reduce the number of unsafe entities and unsafe operations in this C2Rust-generated Rust code while preserving exact functional behavior and C ABI compatibility. Previous work showed that a good approach is to separate safe Rust implementations from thin unsafe FFI boundaries; this removed many unsafe entities without breaking functionality.

Work on one small, cohesive, high-value portion of the plan this iteration. Prefer changes that remove many unsafe entities with low semantic risk, such as:

- Converting pure arithmetic or state-independent helpers from `unsafe extern ""C"" fn` to ordinary safe Rust functions when they are not themselves ABI entry points.
- Replacing pointer-based implementation logic with slices, references, arrays, iterators, and safe indexing.
- Moving pointer validation and raw-pointer-to-slice conversion into exported FFI wrappers, leaving the implementation safe.
- Replacing immutable `static mut` lookup tables with immutable `static` or `const` data.
- Removing unnecessary raw-pointer locals, casts, and C-style pointer loops.
- Having related safe implementations call each other directly instead of routing through FFI symbols.

Preserve all externally visible details:

- Keep every required exported symbol, symbol name, calling convention, parameter type, return type, and platform-dependent C integer width unchanged.
- Keep unsafe code at genuine FFI boundaries when callers must uphold pointer validity, allocation, aliasing, callback, or lifetime requirements.
- Do not make a public Rust function safe if its signature still accepts unchecked raw pointers and its body relies on caller invariants. Instead, introduce or retain a thin unsafe wrapper around a safe core.
- Preserve translated C wrapping and overflow behavior where observable. Do not casually replace wrapping arithmetic with arithmetic that can panic in debug builds.
- Preserve null-pointer conventions exactly. In zlib-like APIs, a null buffer can be a special checksum/query operation and is not always equivalent to a non-null empty slice.
- Never call `slice::from_raw_parts` on a null pointer, even for length zero. Handle null separately; only construct a slice after the FFI preconditions are established.
- Preserve behavior for empty inputs, arbitrary caller-supplied checksum seeds, negative lengths where applicable, malformed data, allocation failures, and error return codes.
- Avoid optimizing or “fixing” suspicious translated expressions unless tests or the upstream C semantics establish the intended behavior.

Keep the edit focused. Do not rewrite large generated modules merely for style, and do not spend the iteration on difficult pointer-heavy state machines if simpler safe conversions remain. Inspect callers and declarations before changing an implementation signature: other modules may bind to the exported C symbol through `extern ""C""`, so the exported wrapper must remain compatible.

Validation:

1. Run the relevant existing functionality tests.
2. Run the normal build/check command for the affected crate.
3. Run:
   ```sh
   cargo check-unsafe2 --manifest-path {cargo_dir_path}/Cargo.toml
   ```
   This checker rejects improperly added unsafe code and newly added unsafe-adjacent implementation code, including integer-to-pointer casts and raw-pointer arguments or fields. Do not suppress or work around its findings.
4. Review the diff to ensure unsafe code was concentrated rather than merely moved or duplicated.

Before finishing, update `SAFETY_PLAN.md` concisely with:
- what was actually changed this iteration,
- what is now complete,
- what remains,
- validation commands and outcomes,
- compatibility pitfalls or failed approaches future iterations should avoid,
- the next best general category of work.

Do not include full file contents in the final response. Give only a concise summary of changes, tests/checks run, and remaining work.

{target_goal}

{after_refactoring_instruction}",[0.012113870381586917]
"Continue the plan from `SAFETY_PLAN.md`.
**Before you finish, update `SAFETY_PLAN.md`** to reflect what you actually did this iteration, what is now complete, what remains, and any pitfalls or dead ends future iterations should avoid. Keep it concise — it is a working scratchpad, not a report.

{target_goal}

{after_refactoring_instruction}

Your changes must not introduce new unsafe code within implementation functions. You can check your work using this command:
```sh
cargo check-unsafe2 --manifest-path {cargo_dir_path}/Cargo.toml
```
This will report an error for any unsafe code that was improperly added during your edits. It also reports errors on any newly added ""unsafe-adjacent"" code, including int-to-pointer casts and arguments or fields of raw pointer type.",[0.028467595396729255]
"Continue the safety refactor described in `SAFETY_PLAN.md`. Read that file first, inspect the current tree and recent changes, then complete one coherent, high-yield refactoring cluster rather than making shallow edits across the whole project.

Goal: reduce the number of unsafe entities as much as practical while preserving functional behavior, C ABI compatibility, exported symbol names, layouts, calling conventions, platform-dependent C type widths, and existing error/null semantics. The previous iteration removed 188 unsafe entities (6604 → 6416) and passed functionality tests; build on that progress without reverting it.

Use this general strategy:

1. Prioritize code where unsafety is incidental:
   - Pure arithmetic, state-independent helpers, bounds calculations, lookup-table logic, and immutable data should be safe Rust.
   - Convert immutable `static mut` data to immutable `static` or `const` where ABI requirements permit.
   - Replace unsafe constant transmutation with byte/string constants or safe constant construction where possible.
   - Prefer safe slices, iterators, indexing, chunks, and standard byte conversions over pointer walking, manual endian detection, or aligned word casts.
   - It is acceptable to replace a complex pointer-optimized routine with a simpler safe implementation when tests establish equivalent behavior.

2. Concentrate unavoidable unsafety at boundaries:
   - Keep raw-pointer conversion, foreign calls, allocation/deallocation, and ABI adaptation in thin FFI or ownership-boundary wrappers.
   - Move actual algorithms into safe implementation functions using slices, references, owned values, and ordinary integers.
   - Do not mark a raw-pointer API safe merely because its body currently contains no explicit unsafe operation; its caller contract may still be unsafe.
   - Preserve exported C symbols, using explicit export names when safe internal implementations have different Rust signatures.
   - Existing internal foreign declarations may resolve to exported wrapper symbols, so verify linkage as well as Rust call sites.

3. Be precise when converting pointers to slices:
   - Validate null pointers before `from_raw_parts`; null is invalid even for a zero-length Rust slice.
   - Reject or preserve the documented result for lengths greater than `isize::MAX`.
   - Do not change APIs where a null pointer has a defined sentinel or initialization meaning.
   - Preserve the distinction between “null buffer”, “empty non-null buffer”, invalid output pointers, and zero-capacity output.
   - Never infer allocation size or validity from a raw pointer unless the API contract supplies it.

4. Preserve translated C behavior:
   - Retain intentional wrapping arithmetic and overflow sentinels.
   - Be careful with signed/unsigned conversions, negative lengths, checksum initialization, endian behavior, and 32-bit versus 64-bit hosts.
   - Do not “simplify” suspicious translated conditions unless their intended upstream behavior has been verified.
   - Add focused tests for safe cores and boundary behavior when doing so is inexpensive; do not create large speculative test frameworks.

Work efficiently: inspect with targeted searches, edit only the selected cluster and necessary callers, and avoid reproducing large source files in your response. Run the project’s relevant build and functionality tests. Also run:

cargo check-unsafe2 --manifest-path {cargo_dir_path}/Cargo.toml

Do not introduce unsafe or unsafe-adjacent constructs into implementation functions, including raw-pointer parameters or fields, integer-to-pointer casts, or new unsafe blocks. If the checker identifies new violations, restructure the change rather than suppressing the diagnostic. Existing unavoidable FFI-boundary unsafety may remain.

Before finishing, update `SAFETY_PLAN.md` concisely with:
- what was actually changed this iteration,
- what is now complete,
- validation commands and results,
- the next highest-value work,
- any semantic pitfalls, failed approaches, or dead ends future iterations should avoid.

Your final response should be brief: summarize the refactoring, the reduction achieved if measured, tests/checks run, and remaining work. Do not paste generated files or lengthy code excerpts.",[0.0]
"Continue the plan from `SAFETY_PLAN.md`.
**Before you finish, update `SAFETY_PLAN.md`** to reflect what you actually did this iteration, what is now complete, what remains, and any pitfalls or dead ends future iterations should avoid. Keep it concise — it is a working scratchpad, not a report.

{target_goal}

{after_refactoring_instruction}

Your changes must not introduce new unsafe code within implementation functions. You can check your work using this command:
```sh
cargo check-unsafe2 --manifest-path {cargo_dir_path}/Cargo.toml
```
This will report an error for any unsafe code that was improperly added during your edits. It also reports errors on any newly added ""unsafe-adjacent"" code, including int-to-pointer casts and arguments or fields of raw pointer type.",[0.03967292549969715]
"Continue the safety refactor described in `SAFETY_PLAN.md`.

{target_goal}

Work efficiently: choose one coherent, high-yield slice of the remaining work rather than attempting a broad rewrite. Prefer code where unsafe operations can be replaced directly with safe Rust abstractions while preserving behavior. Good general candidates include pure computation, immutable lookup data, byte-buffer processing, and simple forwarding APIs. Defer deeply interconnected pointer-heavy state machines unless the plan identifies a clear, bounded conversion.

Use this refactoring pattern where practical:

- Separate each C-facing API into a thin `unsafe extern ""C""` boundary wrapper and a safe Rust implementation.
- Keep raw pointers, raw-pointer validation, slice construction, and foreign calls at the boundary. Safe implementation functions must not accept, return, construct, cast, dereference, or store raw pointers.
- Replace pointer iteration and manual indexing with slices, iterators, `chunks`, `chunks_exact`, arrays, and checked indexing.
- Replace mutable lookup tables with immutable `static` or `const` data when they are not actually modified.
- Make helpers and arithmetic-only APIs safe when they perform no unsafe operation.
- Use checked size arithmetic for allocation and length calculations. Do not silently change allocation, initialization, overflow, ownership, or deallocation semantics.
- Preserve exported symbol names, C ABI signatures, structure layout, callback conventions, platform-dependent C integer widths, checksum arithmetic, and all observable error/return behavior.
- Preserve C API distinctions such as a null pointer versus a non-null zero-length buffer. Only construct a Rust slice after validating the pointer according to the API contract.
- Keep wrapping arithmetic where the C algorithm or ABI requires modular behavior. Do not replace it with panicking debug arithmetic without proving equivalence.
- Avoid introducing large abstractions or duplicating whole modules merely to reduce the unsafe count. Prefer small changes with a favorable safety-to-diff ratio.

Before editing, inspect call sites and tests so the safe core remains compatible with internal Rust callers as well as the C ABI. Add focused tests for converted logic and edge cases when inexpensive, especially empty inputs, null-query behavior, boundary lengths, overflow, and incremental/combined results. Run the project’s existing functionality tests after the change.

Your edits must not introduce new unsafe or “unsafe-adjacent” code inside implementation functions. Check this with:

```sh
cargo check-unsafe2 --manifest-path {cargo_dir_path}/Cargo.toml
```

Also run the relevant build and test commands. If a full validation cannot be completed, clearly record the exact reason rather than claiming success.

{after_refactoring_instruction}

Before finishing, update `SAFETY_PLAN.md` concisely with:
- what was actually changed this iteration;
- what is now complete;
- validation commands and outcomes;
- what remains;
- any compatibility traps, failed approaches, or dead ends future iterations should avoid.

Keep the final response brief: summarize changed areas, safety improvement, and validation results. Do not print complete source files or repeat large generated tables.",[0.012113870381586917]
"Continue the plan from `SAFETY_PLAN.md`.
**Before you finish, update `SAFETY_PLAN.md`** to reflect what you actually did this iteration, what is now complete, what remains, and any pitfalls or dead ends future iterations should avoid. Keep it concise — it is a working scratchpad, not a report.

{target_goal}

{after_refactoring_instruction}

Your changes must not introduce new unsafe code within implementation functions. You can check your work using this command:
```sh
cargo check-unsafe2 --manifest-path {cargo_dir_path}/Cargo.toml
```
This will report an error for any unsafe code that was improperly added during your edits. It also reports errors on any newly added ""unsafe-adjacent"" code, including int-to-pointer casts and arguments or fields of raw pointer type.",[0.03967292549969715]
"Continue the incremental Rust safety refactor described in `SAFETY_PLAN.md`. Read that file first and treat the current repository and tests as the source of truth.

Target goal:
{target_goal}

After-refactoring requirement:
{after_refactoring_instruction}

Make a focused, high-value iteration that removes as many unsafe entities as practical without changing observable behavior, C ABI compatibility, exported symbol names, data layout, error codes, null-pointer conventions, checksum/compression results, or supported platform behavior. A historical checkpoint reduced the project from 6604 to 6342 unsafe entities while passing functionality tests; verify the current state rather than assuming those counts are still exact.

Use this prioritization strategy:

1. First convert functions marked `unsafe` that only perform arithmetic, indexing, or other safe operations into ordinary safe functions.
2. Convert immutable `static mut` lookup tables and constants into immutable `static` or `const` data where ABI permits.
3. For buffer-processing APIs, create an ordinary safe implementation using slices or references, and keep raw-pointer conversion in a small `unsafe extern ""C""` ABI shim.
4. Prefer a straightforward safe algorithm over a complicated raw-pointer optimization when it preserves required behavior and acceptable performance.
5. Only tackle large stateful pointer-heavy subsystems when the safety boundary and invariants are clear enough to complete and validate a coherent slice of work.

Keep unsafe code concentrated at genuine FFI or ownership boundaries. An ABI wrapper may remain unsafe because C callers provide raw pointers, but the implementation it delegates to should be safe whenever possible. Check null pointers before constructing slices—even a zero-length slice must not be constructed from a null pointer. Preserve APIs where a null buffer has special sentinel or initialization behavior. Document non-obvious safety assumptions at the boundary.

Do not expose a safe Rust function that accepts unchecked raw pointers. Do not manufacture references with lifetimes unsupported by the underlying storage. Do not casually change the type, representation, mutability, or layout of exported globals or C-compatible structures. Be careful with platform C types such as `c_char`; byte-array substitutions must not alter ABI or platform semantics.

Avoid counterproductive changes:

- Do not hide old unsafe implementations in comments, disabled blocks, or duplicated “temporary comparison” code. Delete dead code; version control is the comparison mechanism.
- Do not perform broad mechanical rewrites that merely move unsafe operations without reducing or clarifying them.
- Do not add raw-pointer helper parameters, raw-pointer fields, integer-to-pointer casts, or new unsafe implementation functions to bypass the checker.
- Do not spend the iteration reformatting or reproducing large unchanged generated sections.
- Do not weaken tests or alter behavior solely to reduce the unsafe count.

Validate the focused change with the most relevant existing tests, then run the project’s normal build/test commands when feasible. Also run:

cargo check-unsafe2 --manifest-path {cargo_dir_path}/Cargo.toml

This checker rejects newly introduced unsafe code in implementation functions and newly added unsafe-adjacent constructs, including integer-to-pointer casts and raw-pointer arguments or fields. Resolve any new findings rather than suppressing them.

Before finishing, update `SAFETY_PLAN.md` concisely with:

- what was actually changed this iteration;
- what is now complete;
- validation commands and outcomes;
- what remains and the next promising category of work;
- pitfalls, failed approaches, or ABI/semantic constraints future iterations must remember.

Even if blocked, update the plan with the verified blocker and avoid claiming incomplete work as complete. Keep the final response brief: summarize the safety reduction, files/categories changed, and validation results without pasting large code listings.",[0.03952150211992732]
"Continue the plan from `SAFETY_PLAN.md`.
**Before you finish, update `SAFETY_PLAN.md`** to reflect what you actually did this iteration, what is now complete, what remains, and any pitfalls or dead ends future iterations should avoid. Keep it concise — it is a working scratchpad, not a report.

{target_goal}

{after_refactoring_instruction}

Your changes must not introduce new unsafe code within implementation functions. You can check your work using this command:
```sh
cargo check-unsafe2 --manifest-path {cargo_dir_path}/Cargo.toml
```
This will report an error for any unsafe code that was improperly added during your edits. It also reports errors on any newly added ""unsafe-adjacent"" code, including int-to-pointer casts and arguments or fields of raw pointer type.",[0.03800726832222895]
"Continue the incremental safety refactor described in `SAFETY_PLAN.md`.

{target_goal}

{after_refactoring_instruction}

This is C/C2Rust-style Rust code whose public C ABI and existing behavior must remain compatible. The objective is to reduce the total number of unsafe entities—not merely move or rename them—while preserving functional correctness. Unsafe entities include unsafe functions, unsafe operations, mutable statics, raw-pointer-bearing fields/types, integer-to-pointer casts, and other “unsafe-adjacent” constructs.

Work in a focused, high-value iteration:

1. Read `SAFETY_PLAN.md`, inspect the current tree and recent changes, and choose a small coherent set of candidates with a high safety payoff and low integration risk. Prefer:
   - Pure computations that can become ordinary safe Rust functions.
   - Read-only lookup tables that can become immutable `const`/`static` data.
   - Large generated tables that can be replaced by a verified `const fn` generator.
   - Pointer-and-length loops that can become slice iteration, indexing, chunks, or iterators.
   - Internal wrappers that can accept references, slices, `Option`, or normal values while retaining a thin C ABI adapter.

2. Do not spend the iteration mechanically reformatting or rewriting large unrelated translated modules. Avoid broad changes to shared ABI structs or state-machine internals unless the plan identifies a proven, manageable migration path. Favor changes that remove many unsafe operations with a small diff and limited call-site churn.

3. Separate safe implementation logic from FFI:
   - Keep exported C symbols and their exact ABI, symbol names, argument types, return types, and observable semantics.
   - Put raw-pointer validation and conversion in thin `unsafe extern ""C""` boundary functions.
   - Move the actual algorithm into ordinary safe Rust functions using slices/references where possible.
   - Existing Rust and cross-module callers may resolve exported symbols through `extern ""C""` declarations, so preserve `#[export_name]`/linkage behavior and check for duplicate or missing symbols.
   - Do not claim an FFI function is safe merely because its body delegates elsewhere; raw-pointer contracts remain unsafe at the boundary.

4. Preserve subtle C/zlib-style behavior:
   - A null buffer can have special query/reset semantics distinct from a non-null empty buffer. Model that explicitly, for example with `Option<&[u8]>`, rather than collapsing both cases.
   - Never create a Rust slice from a null pointer, even when the length is zero.
   - Preserve wrapping arithmetic, checksum width/masking, negative-length handling, overflow sentinels, and behavior for arbitrary incoming state values unless tests and upstream semantics prove simplification is valid.
   - When replacing optimized pointer code with a simpler safe algorithm, verify that results—not just common inputs—remain equivalent. A simpler byte-at-a-time implementation is acceptable when performance is not a stated requirement and tests confirm compatibility.
   - Immutable tables returned through C must have stable static storage and the expected element layout.

5. Do not introduce new unsafe or unsafe-adjacent code inside implementation functions. Any newly required unsafe operation must be confined to an existing or clearly designated FFI/ownership boundary, be minimal, and have a concrete invariant. Do not introduce raw-pointer helper APIs merely to hide unsafe operations from the main function.

6. Validate incrementally. At minimum run:
   - The relevant focused tests.
   - The project’s normal build/check command.
   - The full functionality test suite when practical.
   - The unsafe regression checker:
     ```sh
     cargo check-unsafe2 --manifest-path {cargo_dir_path}/Cargo.toml
     ```
   This checker rejects newly introduced unsafe and unsafe-adjacent constructs, including integer-to-pointer casts and raw-pointer arguments or fields. If a command cannot run, record the exact reason rather than implying it passed.

7. Review the final diff for accidental generated-file churn, ABI changes, missing exports, altered null handling, unchecked slice construction, and unnecessary `unsafe` declarations. Remove obsolete mutable tables, helpers, and imports only after confirming no internal or external symbol still depends on them.

Before finishing, update `SAFETY_PLAN.md` to concisely record:
- What was actually changed this iteration.
- What is now complete.
- What remains and the best next general category of work.
- Tests/checks run and their outcomes.
- Any ABI, null-semantics, arithmetic, linkage, performance, or tooling pitfalls future iterations should avoid.

Keep `SAFETY_PLAN.md` a short working scratchpad, not a report. Keep the final response concise: summarize the safety reduction, list changed areas, report validation results, and mention any remaining blocker. Do not paste entire source files or large generated tables into the response.",[0.012113870381586917]
"Continue the plan from `SAFETY_PLAN.md`.
**Before you finish, update `SAFETY_PLAN.md`** to reflect what you actually did this iteration, what is now complete, what remains, and any pitfalls or dead ends future iterations should avoid. Keep it concise — it is a working scratchpad, not a report.

{target_goal}

{after_refactoring_instruction}

Your changes must not introduce new unsafe code within implementation functions. You can check your work using this command:
```sh
cargo check-unsafe2 --manifest-path {cargo_dir_path}/Cargo.toml
```
This will report an error for any unsafe code that was improperly added during your edits. It also reports errors on any newly added ""unsafe-adjacent"" code, including int-to-pointer casts and arguments or fields of raw pointer type.",[0.03891580860084797]
"Continue the iterative Rust safety refactor described in `SAFETY_PLAN.md`.

Goal:
{target_goal}

Additional requirements:
{after_refactoring_instruction}

Current context:
- The previous iteration reduced the measured unsafe-entity count from 6604 to 6347 (257 removed), and the functionality tests passed.
- Treat the repository and `SAFETY_PLAN.md` as authoritative if they differ from this historical count.
- The code is a C-to-Rust translation that must retain its C ABI, exported symbol names, data layout, return codes, and observable zlib-compatible behavior.
- Prior successful work used safe Rust implementations behind thin FFI adapters, replaced pointer traversal with slices/iterators, made genuinely read-only tables immutable, and converted scalar-only helpers and wrappers to safe functions.
- Important compatibility details include:
  - A null checksum buffer has special zlib semantics and is not necessarily equivalent to an empty slice. Preserve the distinction explicitly.
  - Adler-32 uses modulus 65521 and traditionally limits reduction blocks to 5552 bytes.
  - CRC-32 uses the reflected polynomial `0xedb88320` and 32-bit checksum masking even where the C `unsigned long` type is wider.
  - Length-combination APIs must preserve behavior for negative lengths and platform C integer widths.
  - Raw-pointer-to-slice conversion is valid only after checking the pointer and length contract; even zero-length cases must preserve the API’s null-pointer semantics.
  - C-facing symbols may be referenced through `extern ""C""` declarations elsewhere in the crate, so keep exact exported names and ABI-compatible signatures.
  - Do not make externally writable ABI data immutable unless it is semantically and contractually read-only.

Perform one bounded, high-value iteration rather than attempting a broad rewrite:

1. Read `SAFETY_PLAN.md`, inspect the current diff/status, and identify a small coherent set of high-confidence opportunities.
2. Prefer changes that remove many unsafe entities with little behavioral risk:
   - pure arithmetic or state-independent helpers;
   - scalar-only wrappers that do not require caller safety preconditions;
   - immutable lookup tables or function-local constant arrays currently declared `static mut`;
   - safe slice-based cores with raw pointer handling confined to existing FFI boundaries;
   - repeated pointer indexing that can be replaced by checked slice or array operations without changing algorithmic behavior.
3. Avoid starting with deeply interconnected pointer-owning state machines unless the plan already identifies a narrow, tested seam. Do not churn large generated files merely for style.
4. Preserve performance-relevant behavior where practical, but prefer a simple, obviously correct safe implementation when tests establish equivalence.
5. Do not opportunistically “fix” suspicious translated expressions or alter public behavior without comparing against tests or the upstream C implementation.

Safety rules:
- Do not introduce new unsafe code, raw-pointer parameters/fields, integer-to-pointer casts, mutable statics, or other unsafe-adjacent constructs inside implementation functions.
- Keep unavoidable pointer validation, raw slice construction, and C interop in clearly identifiable FFI boundary functions only.
- Never expose a safe Rust function whose callers can trigger undefined behavior through ordinary safe inputs.
- Do not create references or slices from a raw pointer before validating all required null, length, alignment, allocation, and aliasing conditions.
- Do not hide unsafe behavior behind unchecked indexing, transmute, forged lifetimes, or misleading safe wrappers.
- Preserve `#[repr(C)]`, callback ABI, symbol exports, and public C signatures where required. A Rust function does not need to be declared `unsafe` merely because it uses `extern ""C""`; mark it unsafe only when callers must uphold a safety contract.
- Convert `static mut` to immutable `static` or `const` only when no legitimate mutation is required.

Validation:
- Run focused tests for the changed behavior, including null/empty inputs, boundary lengths, overflow-sensitive values, and known reference vectors where relevant.
- Run the project’s normal formatting, build, and functionality tests available in the repository.
- Run:
  ```sh
  cargo check-unsafe2 --manifest-path {cargo_dir_path}/Cargo.toml
  ```
  This command reports improperly added unsafe code and newly added unsafe-adjacent code such as integer-to-pointer casts and raw-pointer arguments or fields.
- Compare the unsafe-entity count before and after when the tooling exposes it. Do not claim a reduction unless verified.
- If a validation command cannot run, record the exact reason rather than implying success.

Before finishing, update `SAFETY_PLAN.md` concisely with:
- what was actually changed this iteration;
- what is now complete;
- validation performed and its result;
- the measured unsafe reduction, if known;
- the next best general area to address;
- pitfalls, compatibility constraints, or failed approaches future iterations should avoid.

Keep the final response short: summarize the changed areas, safety improvement, tests/checks run, and any remaining blocker. Do not paste entire source files or large generated diffs.",[0.03800726832222895]
"Continue the plan from `SAFETY_PLAN.md`.
**Before you finish, update `SAFETY_PLAN.md`** to reflect what you actually did this iteration, what is now complete, what remains, and any pitfalls or dead ends future iterations should avoid. Keep it concise — it is a working scratchpad, not a report.

{target_goal}

{after_refactoring_instruction}

Your changes must not introduce new unsafe code within implementation functions. You can check your work using this command:
```sh
cargo check-unsafe2 --manifest-path {cargo_dir_path}/Cargo.toml
```
This will report an error for any unsafe code that was improperly added during your edits. It also reports errors on any newly added ""unsafe-adjacent"" code, including int-to-pointer casts and arguments or fields of raw pointer type.",[0.012113870381586917]
"Continue the iterative Rust safety refactor described in `SAFETY_PLAN.md`.

{target_goal}

{after_refactoring_instruction}

Work efficiently: make one coherent, high-confidence change set this iteration rather than attempting a broad rewrite. Do not print entire files in your final response.

Before editing:
1. Read `SAFETY_PLAN.md`.
2. Inspect the current working tree and relevant call sites, exports, tests, and ABI declarations.
3. Establish the current validation baseline where practical, so pre-existing failures are not mistaken for regressions.

Refactoring priorities:
- Prefer easy, high-value reductions first:
  - Remove `unsafe` from functions that only perform safe arithmetic or control flow.
  - Replace immutable `static mut` lookup tables with `const` or immutable `static` values.
  - Move pointer-free logic into ordinary safe Rust functions.
  - Replace pointer traversal with slices, iterators, indexing, chunks, and standard safe operations when bounds are known.
- Use a safe-core/thin-FFI-wrapper pattern:
  - The implementation should accept safe types such as slices and references.
  - Preserve a small `unsafe extern ""C""` wrapper only where the public C ABI requires raw pointers.
  - Keep pointer validation, slice construction, and other unavoidable unsafe operations localized in that wrapper.
  - Add a brief `// SAFETY:` explanation for each unavoidable unsafe block.
- Preserve exported symbol names, signatures, calling convention, C layout, and linkage. Existing internal `extern ""C""` declarations may resolve directly to exported wrapper symbols, so check all callers before renaming or splitting functions.
- Do not duplicate an exported symbol. If a safe implementation retains the logical API name, give the ABI wrapper a distinct Rust identifier and use `#[export_name = ""...""]` as needed.
- Preserve exact observable behavior, including:
  - null-pointer sentinel or initialization behavior;
  - whether null is accepted for a zero-length buffer;
  - output/error values on invalid arguments;
  - integer width, truncation, wrapping, overflow, and checksum semantics;
  - state transitions and buffer accounting.
- Never call `slice::from_raw_parts` or `from_raw_parts_mut` with a null pointer, even for length zero. Handle null and zero-length cases explicitly according to the original C API contract.
- Before creating a slice from a pointer and length, reject lengths that cannot form a Rust slice, including values exceeding `isize::MAX`, unless a stronger existing invariant is demonstrably enforced.
- Do not expose safe public APIs that permit callers to violate pointer validity, aliasing, initialization, or lifetime requirements.
- Do not merely move unsafe operations into a newly added “helper” with raw-pointer parameters. New implementation functions must remain genuinely safe and must not introduce unsafe-adjacent constructs.
- Avoid changing large generated-looking modules solely for style. Limit edits to the selected safety target and required callers/tests.

Validation:
- Run the project’s relevant formatting, build, and functionality tests.
- Run:
  `cargo check-unsafe2 --manifest-path {cargo_dir_path}/Cargo.toml`
- This checker reports improperly added unsafe code and newly added unsafe-adjacent code, including integer-to-pointer casts and raw-pointer arguments or fields. Treat new findings as regressions unless they are unavoidable ABI-boundary code already permitted by the project’s structure.
- Review the final diff for accidental ABI changes, symbol duplication, null-handling changes, and unrelated churn.
- If validation cannot run, report the exact command and reason rather than claiming success.

Before finishing, update `SAFETY_PLAN.md` concisely with:
- what was actually changed this iteration;
- what is now complete;
- validation commands and results;
- what remains and the best next candidate area;
- pitfalls, ABI constraints, failed approaches, or dead ends future iterations should avoid.

Keep `SAFETY_PLAN.md` a short working scratchpad, not a report. In the final response, provide only a concise summary of changes, safety reduction achieved, validation results, and remaining caveats.",[0.01635372501514234]
"Continue the iterative Rust safety refactor described in `SAFETY_PLAN.md`.

{target_goal}

{after_refactoring_instruction}

Work efficiently: make one coherent, high-confidence change set this iteration rather than attempting a broad rewrite. Do not print entire files in your final response.

Before editing:
1. Read `SAFETY_PLAN.md`.
2. Inspect the current working tree and relevant call sites, exports, tests, and ABI declarations.
3. Establish the current validation baseline where practical, so pre-existing failures are not mistaken for regressions.

Refactoring priorities:
- Prefer easy, high-value reductions first:
  - Remove `unsafe` from functions that only perform safe arithmetic or control flow.
  - Replace immutable `static mut` lookup tables with `const` or immutable `static` values.
  - Move pointer-free logic into ordinary safe Rust functions.
  - Replace pointer traversal with slices, iterators, indexing, chunks, and standard safe operations when bounds are known.
- Use a safe-core/thin-FFI-wrapper pattern:
  - The implementation should accept safe types such as slices and references.
  - Preserve a small `unsafe extern ""C""` wrapper only where the public C ABI requires raw pointers.
  - Keep pointer validation, slice construction, and other unavoidable unsafe operations localized in that wrapper.
  - Add a brief `// SAFETY:` explanation for each unavoidable unsafe block.
- Preserve exported symbol names, signatures, calling convention, C layout, and linkage. Existing internal `extern ""C""` declarations may resolve directly to exported wrapper symbols, so check all callers before renaming or splitting functions.
- Do not duplicate an exported symbol. If a safe implementation retains the logical API name, give the ABI wrapper a distinct Rust identifier and use `#[export_name = ""...""]` as needed.
- Preserve exact observable behavior, including:
  - null-pointer sentinel or initialization behavior;
  - whether null is accepted for a zero-length buffer;
  - output/error values on invalid arguments;
  - integer width, truncation, wrapping, overflow, and checksum semantics;
  - state transitions and buffer accounting.
- Never call `slice::from_raw_parts` or `from_raw_parts_mut` with a null pointer, even for length zero. Handle null and zero-length cases explicitly according to the original C API contract.
- Before creating a slice from a pointer and length, reject lengths that cannot form a Rust slice, including values exceeding `isize::MAX`, unless a stronger existing invariant is demonstrably enforced.
- Do not expose safe public APIs that permit callers to violate pointer validity, aliasing, initialization, or lifetime requirements.
- Do not merely move unsafe operations into a newly added “helper” with raw-pointer parameters. New implementation functions must remain genuinely safe and must not introduce unsafe-adjacent constructs.
- Avoid changing large generated-looking modules solely for style. Limit edits to the selected safety target and required callers/tests.

Validation:
- Run the project’s relevant formatting, build, and functionality tests.
- Run:
  `cargo check-unsafe2 --manifest-path {cargo_dir_path}/Cargo.toml`
- This checker reports improperly added unsafe code and newly added unsafe-adjacent code, including integer-to-pointer casts and raw-pointer arguments or fields. Treat new findings as regressions unless they are unavoidable ABI-boundary code already permitted by the project’s structure.
- Review the final diff for accidental ABI changes, symbol duplication, null-handling changes, and unrelated churn.
- If validation cannot run, report the exact command and reason rather than claiming success.

Before finishing, update `SAFETY_PLAN.md` concisely with:
- what was actually changed this iteration;
- what is now complete;
- validation commands and results;
- what remains and the best next candidate area;
- pitfalls, ABI constraints, failed approaches, or dead ends future iterations should avoid.

Keep `SAFETY_PLAN.md` a short working scratchpad, not a report. In the final response, provide only a concise summary of changes, safety reduction achieved, validation results, and remaining caveats.",[0.01635372501514234]
"Continue the iterative Rust safety refactor described in `SAFETY_PLAN.md`.

{target_goal}

{after_refactoring_instruction}

Work efficiently: make one coherent, high-confidence change set this iteration rather than attempting a broad rewrite. Do not print entire files in your final response.

Before editing:
1. Read `SAFETY_PLAN.md`.
2. Inspect the current working tree and relevant call sites, exports, tests, and ABI declarations.
3. Establish the current validation baseline where practical, so pre-existing failures are not mistaken for regressions.

Refactoring priorities:
- Prefer easy, high-value reductions first:
  - Remove `unsafe` from functions that only perform safe arithmetic or control flow.
  - Replace immutable `static mut` lookup tables with `const` or immutable `static` values.
  - Move pointer-free logic into ordinary safe Rust functions.
  - Replace pointer traversal with slices, iterators, indexing, chunks, and standard safe operations when bounds are known.
- Use a safe-core/thin-FFI-wrapper pattern:
  - The implementation should accept safe types such as slices and references.
  - Preserve a small `unsafe extern ""C""` wrapper only where the public C ABI requires raw pointers.
  - Keep pointer validation, slice construction, and other unavoidable unsafe operations localized in that wrapper.
  - Add a brief `// SAFETY:` explanation for each unavoidable unsafe block.
- Preserve exported symbol names, signatures, calling convention, C layout, and linkage. Existing internal `extern ""C""` declarations may resolve directly to exported wrapper symbols, so check all callers before renaming or splitting functions.
- Do not duplicate an exported symbol. If a safe implementation retains the logical API name, give the ABI wrapper a distinct Rust identifier and use `#[export_name = ""...""]` as needed.
- Preserve exact observable behavior, including:
  - null-pointer sentinel or initialization behavior;
  - whether null is accepted for a zero-length buffer;
  - output/error values on invalid arguments;
  - integer width, truncation, wrapping, overflow, and checksum semantics;
  - state transitions and buffer accounting.
- Never call `slice::from_raw_parts` or `from_raw_parts_mut` with a null pointer, even for length zero. Handle null and zero-length cases explicitly according to the original C API contract.
- Before creating a slice from a pointer and length, reject lengths that cannot form a Rust slice, including values exceeding `isize::MAX`, unless a stronger existing invariant is demonstrably enforced.
- Do not expose safe public APIs that permit callers to violate pointer validity, aliasing, initialization, or lifetime requirements.
- Do not merely move unsafe operations into a newly added “helper” with raw-pointer parameters. New implementation functions must remain genuinely safe and must not introduce unsafe-adjacent constructs.
- Avoid changing large generated-looking modules solely for style. Limit edits to the selected safety target and required callers/tests.

Validation:
- Run the project’s relevant formatting, build, and functionality tests.
- Run:
  `cargo check-unsafe2 --manifest-path {cargo_dir_path}/Cargo.toml`
- This checker reports improperly added unsafe code and newly added unsafe-adjacent code, including integer-to-pointer casts and raw-pointer arguments or fields. Treat new findings as regressions unless they are unavoidable ABI-boundary code already permitted by the project’s structure.
- Review the final diff for accidental ABI changes, symbol duplication, null-handling changes, and unrelated churn.
- If validation cannot run, report the exact command and reason rather than claiming success.

Before finishing, update `SAFETY_PLAN.md` concisely with:
- what was actually changed this iteration;
- what is now complete;
- validation commands and results;
- what remains and the best next candidate area;
- pitfalls, ABI constraints, failed approaches, or dead ends future iterations should avoid.

Keep `SAFETY_PLAN.md` a short working scratchpad, not a report. In the final response, provide only a concise summary of changes, safety reduction achieved, validation results, and remaining caveats.",[0.012113870381586917]
"Continue the iterative Rust safety refactor documented in `SAFETY_PLAN.md`.

{target_goal}

{after_refactoring_instruction}

This project is a C-to-Rust translation of zlib 1.3.2.1 with a large generated-looking unsafe surface. A prior iteration moved checksum logic into safe slice-based code and reduced the measured unsafe entities from 6604 to 6524 while functionality tests still passed. Treat those numbers only as historical context: inspect and measure the current tree before relying on them.

Make one coherent, high-confidence change set. Prefer a compact cluster of easy, high-value reductions over a broad rewrite. Good candidates include pointer-free arithmetic/control-flow functions and lookup tables that are provably immutable. Do not target specific files merely because they appeared in an earlier report; select the best current candidate after inspection.

Before editing:
1. Read `SAFETY_PLAN.md`.
2. Inspect `git status` and the current diff so existing work is not overwritten or reformatted away.
3. Inspect relevant definitions, Rust call sites, C-facing declarations, headers, exports, tests, and generated symbol names.
4. Establish the practical validation baseline. Record pre-existing failures rather than attributing them to this iteration.
5. If changing an exported function or data symbol, inspect the built symbols or existing symbol tests before and after the change.

Refactoring priorities:
- Remove `unsafe` from functions containing only arithmetic, indexing over safe containers, or ordinary control flow.
- Pointer-free ABI functions can normally be safe `extern ""C""` functions; do not retain `unsafe` solely because a function uses the C calling convention.
- Replace read-only `static mut` tables with:
  - an immutable `static` when stable address identity or an exported data address matters;
  - a `const` when address identity does not matter.
- Do not add `unsafe impl Sync` merely to make a static containing raw pointers compile. Use a sounder representation, use `const` where suitable, or leave that item for a later iteration.
- For exported data, preserve the exact symbol name, element type, array size, alignment, and linkage. Only make it immutable if headers and all callers establish that external mutation is not part of the ABI contract.
- Move pointer-free logic into genuinely safe functions using slices, references, iterators, indexing, chunks, and standard operations.
- Prefer direct, reviewable transformations over generated-code style cleanup.

Use a safe-core/thin-FFI-wrapper design where raw buffers are involved:
- The implementation accepts safe types such as `&[u8]`, `&mut [u8]`, or references.
- The C ABI wrapper retains the original raw-pointer signature and calling convention.
- Keep null checks, length checks, slice construction, and unavoidable pointer operations entirely in that wrapper.
- Mark a raw-pointer wrapper `unsafe extern ""C""` when callers must uphold validity, initialization, aliasing, or lifetime requirements.
- Add a concise `// SAFETY:` explanation to every new or modified unsafe block.
- Do not create a “safe” helper that still accepts raw pointers or otherwise shifts the same unchecked obligations elsewhere.
- Do not expose a safe public API that callers can use to violate pointer validity, aliasing, initialization, or lifetime rules.

ABI and symbol constraints:
- Preserve all public C symbol names, signatures, calling conventions, C layouts, and linkage.
- Internal `extern ""C""` declarations may link directly to an exported wrapper symbol even when there is no ordinary Rust call edge. Search declarations as well as Rust calls.
- Never emit two definitions of the same external symbol.
- If a safe Rust implementation retains the logical API name, give the ABI wrapper a distinct Rust identifier and use `#[export_name = ""...""]`.
- Do not casually change the Rust signature of a public implementation; first check whether downstream Rust code imports it directly.
- Avoid adding forwarding wrappers that do not reduce risk. In particular, wrappers with no raw-pointer obligations need not be unsafe.

Behavioral requirements:
- Preserve exact checksum, compression, and state-machine behavior, not merely behavior for common inputs.
- Preserve null-pointer sentinel and initialization behavior, including APIs where a null pointer has a special return value independent of length.
- Preserve whether null is accepted for zero length and whether a non-null zero-length pointer is processed differently.
- Preserve output and error values on every invalid-argument path, plus the order in which outputs are reset or updated.
- Preserve integer widths, casts, truncation, wrapping, overflow detection, shifts, modulus timing, and checksum normalization. Do not replace translated wrapping arithmetic with ordinary arithmetic unless overflow is impossible and demonstrated.
- Preserve state transitions, stream counters, buffer accounting, and chunk boundaries.
- If replacing an optimized loop with a simpler safe algorithm, verify both exact results and acceptable performance on representative large inputs.

Raw-slice rules:
- Never call `slice::from_raw_parts` or `slice::from_raw_parts_mut` with a null pointer, including for length zero.
- Handle null and zero-length cases before constructing a slice, following the original API contract.
- Reject lengths greater than `isize::MAX` before slice construction unless a stronger checked invariant is demonstrably present.
- A null check does not prove pointer validity. Document the remaining C caller obligation rather than claiming the wrapper fully validates the pointer.
- Avoid duplicating pointer-to-slice conversion across multiple wrappers when one ABI wrapper can delegate through another without changing symbols or behavior.

Testing:
- Add focused tests for the selected change when practical.
- For safe checksum or arithmetic cores, include boundary cases around chunk sizes, empty input, non-canonical initial values, negative lengths where applicable, and known reference vectors.
- For FFI wrappers, test contractually valid null/zero-length sentinel cases without invoking undefined behavior.
- Prefer differential tests against the prior implementation or a trusted C/reference implementation when simplifying nontrivial arithmetic.

Validation:
- Run the project’s relevant formatting check, build/check, unit tests, integration/functionality tests, and ABI or symbol checks.
- Run exactly:
  `cargo check-unsafe2 --manifest-path {cargo_dir_path}/Cargo.toml`
- Compare unsafe-checker output with the baseline. Treat newly introduced unsafe blocks, unsafe functions, integer-to-pointer casts, and raw-pointer arguments or fields as regressions unless they are unavoidable ABI-boundary code.
- If available, report the before/after unsafe-entity count, but do not optimize the metric by adding unsound safe APIs or hiding unsafe obligations.
- If any command cannot run, give the exact command, exit status or error, and reason. Do not claim it passed.
- Review the final diff for duplicate symbols, ABI changes, exported-data mutability changes, null-handling changes, arithmetic drift, missing safety comments, and unrelated churn.

Before finishing, update `SAFETY_PLAN.md` as a short working scratchpad containing:
- what actually changed in this iteration;
- the concrete safety reduction achieved;
- validation commands and outcomes, including pre-existing failures;
- what is now complete;
- the best next candidate area;
- important ABI constraints, behavioral traps, failed approaches, or dead ends.

Keep the final response concise. Include only:
- the changed area and safety reduction;
- whether ABI and behavior were preserved;
- validation commands and results;
- remaining caveats or blocked checks.

Do not print complete files or large generated tables in the final response.",[0.012113870381586917]
"Continue the iterative Rust safety refactor described in `SAFETY_PLAN.md`.

{target_goal}

{after_refactoring_instruction}

Work efficiently: make one coherent, high-confidence change set this iteration rather than attempting a broad rewrite. Do not print entire files in your final response.

Before editing:
1. Read `SAFETY_PLAN.md`.
2. Inspect the current working tree and relevant call sites, exports, tests, and ABI declarations.
3. Establish the current validation baseline where practical, so pre-existing failures are not mistaken for regressions.

Refactoring priorities:
- Prefer easy, high-value reductions first:
  - Remove `unsafe` from functions that only perform safe arithmetic or control flow.
  - Replace immutable `static mut` lookup tables with `const` or immutable `static` values.
  - Move pointer-free logic into ordinary safe Rust functions.
  - Replace pointer traversal with slices, iterators, indexing, chunks, and standard safe operations when bounds are known.
- Use a safe-core/thin-FFI-wrapper pattern:
  - The implementation should accept safe types such as slices and references.
  - Preserve a small `unsafe extern ""C""` wrapper only where the public C ABI requires raw pointers.
  - Keep pointer validation, slice construction, and other unavoidable unsafe operations localized in that wrapper.
  - Add a brief `// SAFETY:` explanation for each unavoidable unsafe block.
- Preserve exported symbol names, signatures, calling convention, C layout, and linkage. Existing internal `extern ""C""` declarations may resolve directly to exported wrapper symbols, so check all callers before renaming or splitting functions.
- Do not duplicate an exported symbol. If a safe implementation retains the logical API name, give the ABI wrapper a distinct Rust identifier and use `#[export_name = ""...""]` as needed.
- Preserve exact observable behavior, including:
  - null-pointer sentinel or initialization behavior;
  - whether null is accepted for a zero-length buffer;
  - output/error values on invalid arguments;
  - integer width, truncation, wrapping, overflow, and checksum semantics;
  - state transitions and buffer accounting.
- Never call `slice::from_raw_parts` or `from_raw_parts_mut` with a null pointer, even for length zero. Handle null and zero-length cases explicitly according to the original C API contract.
- Before creating a slice from a pointer and length, reject lengths that cannot form a Rust slice, including values exceeding `isize::MAX`, unless a stronger existing invariant is demonstrably enforced.
- Do not expose safe public APIs that permit callers to violate pointer validity, aliasing, initialization, or lifetime requirements.
- Do not merely move unsafe operations into a newly added “helper” with raw-pointer parameters. New implementation functions must remain genuinely safe and must not introduce unsafe-adjacent constructs.
- Avoid changing large generated-looking modules solely for style. Limit edits to the selected safety target and required callers/tests.

Validation:
- Run the project’s relevant formatting, build, and functionality tests.
- Run:
  `cargo check-unsafe2 --manifest-path {cargo_dir_path}/Cargo.toml`
- This checker reports improperly added unsafe code and newly added unsafe-adjacent code, including integer-to-pointer casts and raw-pointer arguments or fields. Treat new findings as regressions unless they are unavoidable ABI-boundary code already permitted by the project’s structure.
- Review the final diff for accidental ABI changes, symbol duplication, null-handling changes, and unrelated churn.
- If validation cannot run, report the exact command and reason rather than claiming success.

Before finishing, update `SAFETY_PLAN.md` concisely with:
- what was actually changed this iteration;
- what is now complete;
- validation commands and results;
- what remains and the best next candidate area;
- pitfalls, ABI constraints, failed approaches, or dead ends future iterations should avoid.

Keep `SAFETY_PLAN.md` a short working scratchpad, not a report. In the final response, provide only a concise summary of changes, safety reduction achieved, validation results, and remaining caveats.",[0.012113870381586917]
"Continue the iterative Rust safety refactor documented in `SAFETY_PLAN.md`.

{target_goal}

{after_refactoring_instruction}

This repository is a C2Rust-style translation of a zlib-compatible C library. Its internal modules frequently resolve one another through `extern ""C""` declarations, so exported C symbols—not Rust item names—are the real linkage boundary. Preserve zlib-compatible behavior, C ABI, and binary layout exactly.

Historical context: a prior checksum refactor reduced the measured unsafe-entity count from 6604 to 6524 while passing functionality tests. Treat this only as historical context; establish the current baseline from the working tree and `SAFETY_PLAN.md`, since later iterations may have changed it.

Make one coherent, high-confidence change set. Select the next target by comparing:
- expected unsafe-entity reduction;
- behavioral and ABI risk;
- diff size and validation cost.

Prefer the smallest change with the best safety payoff. Do not perform a broad rewrite or mechanically reformat generated-looking modules.

Before editing:
1. Read `SAFETY_PLAN.md`.
2. Inspect `git status`, the current diff, the crate manifest, relevant exports, C declarations, call sites, and tests.
3. Run the practical baseline validation commands recorded in the plan. Record any pre-existing failures.
4. Run or inspect the unsafe checker baseline so the before/after reduction is measurable.
5. Confirm whether candidate statics or functions are internal, exported, referenced through `extern ""C""`, exposed in headers, or potentially writable by C callers.

Target-selection priorities:
1. Immutable lookup data declared as `static mut`.
   - Convert only data that is demonstrably never written.
   - Prefer `const` for purely internal values and immutable `static` where a stable address or exported data symbol is required.
   - Preserve exported names, element types, dimensions, and storage identity where callers take an address.
   - Avoid rewriting large initializers; make declaration and access changes only.
2. Pointer-free arithmetic and control-flow functions.
   - Remove `unsafe` and `extern ""C""` from internal implementations that use only values and immutable data.
   - Preserve explicit wrapping, truncation, signedness, and integer width.
   - Keep a C-ABI wrapper only when an exported symbol is required.
3. Small pointer-processing routines with clear bounds.
   - Move the implementation to safe slices or references.
   - Keep raw-pointer validation and slice construction in a thin ABI wrapper.
   - Do not merely hide raw-pointer operations in another helper.
4. Redundant unsafe forwarding layers.
   - Scalar-only exported wrappers can be ordinary `extern ""C""` functions when calling them cannot violate a safety invariant.
   - APIs that dereference caller-provided pointers must not become safe public Rust APIs.

Safe-core/thin-wrapper rules:
- Safe implementation functions must accept genuinely safe types such as slices, references, arrays, or scalar values.
- If the safe implementation keeps the logical API name, give the ABI wrapper a distinct Rust identifier and use `#[export_name = ""...""]`.
- Never define two Rust items that export the same C symbol.
- Existing internal `extern ""C""` declarations may link directly to the exported wrapper, so do not casually rename or remove symbols.
- Keep every unavoidable unsafe operation in the smallest practical boundary.
- Add a concise `// SAFETY:` comment immediately explaining each new or modified unsafe block.
- Do not add raw-pointer parameters, raw-pointer fields, integer-to-pointer casts, or unsafe helpers outside an unavoidable ABI boundary.

Pointer and slice requirements:
- Never call `slice::from_raw_parts` or `slice::from_raw_parts_mut` with a null pointer, including when the length is zero.
- Before constructing a slice, reject lengths greater than `isize::MAX` unless a stronger invariant is clearly established.
- Handle null and zero-length cases before slice construction according to the original C contract.
- A non-null zero-length pointer may be converted to an empty slice only when the API contract permits it.
- Do not expose a safe public function whose caller could violate pointer validity, alignment, initialization, aliasing, or lifetime requirements.
- Do not infer validity merely from a null check; validity of non-null C buffers remains the caller’s responsibility and must be documented at the unsafe ABI boundary.

Preserve exact observable behavior:
- exported symbol names, signatures, calling convention, linkage, and `repr(C)` layout;
- initialization and null-pointer sentinel behavior;
- whether null is accepted for a zero-length request;
- error codes and output-parameter updates on invalid input;
- checksum initialization values and incremental/combine semantics;
- integer width, casts, truncation, wrapping, overflow, and bitwise precedence;
- stream state transitions, byte counts, buffer accounting, and compressed output compatibility.

For zlib-style checksum entry points in particular, null pointers commonly act as initialization sentinels (for example, different checksum families may return different initial values). Preserve the original branch ordering and sentinel result rather than treating every null pointer uniformly. Do not create a slice for a sentinel call.

Avoid “cleanup” that changes translated C semantics:
- Keep `wrapping_*` operations where the C behavior depends on unsigned wraparound.
- Do not replace suspicious-looking casts, comparisons, or overflow checks merely because they appear redundant.
- Do not widen or narrow checksum accumulators without proving equivalence on supported ABIs.
- Do not change exported mutable data to read-only storage unless call-site/header inspection demonstrates that mutation is not part of the ABI contract.
- Raw-pointer fields in required C-layout structures are ABI constraints, not useful targets by themselves.

Testing:
- Add focused tests only when they cheaply protect the selected change.
- Useful boundary cases include empty input, one byte, block boundaries, large input, incremental operation, combine operation, null initialization sentinels, and invalid representability.
- Never write tests that intentionally exercise an invalid non-null pointer.
- Prefer comparing against existing known vectors, the prior implementation, or the system/reference C library where the project already supports that.

Validation after editing:
- Run formatting in check mode or format only touched Rust files as appropriate.
- Run the relevant build and functionality tests.
- Run:
  `cargo check-unsafe2 --manifest-path {cargo_dir_path}/Cargo.toml`
- Compare the checker’s before/after unsafe-entity count. New unsafe-adjacent findings are regressions unless they are unavoidable ABI-boundary code already permitted by the project structure.
- Run `git diff --check`.
- Review the final diff for:
  - duplicate exported symbols;
  - changed ABI signatures or layouts;
  - altered null or zero-length behavior;
  - missing `isize::MAX` checks before slice construction;
  - accidental arithmetic changes;
  - unrelated formatting or generated-file churn.
- Where practical, inspect the built symbol table to confirm that required C symbols still exist exactly once.

If a command cannot run, report the exact command and exact reason. Do not claim success for validation that was skipped.

Before finishing, update `SAFETY_PLAN.md` as a short working scratchpad containing:
- the target selected and why;
- what actually changed;
- the measured unsafe-entity count before and after;
- completed validation commands and results;
- known pre-existing failures or skipped validation;
- ABI constraints and behavioral pitfalls discovered;
- the best next general candidate area;
- failed approaches or dead ends future iterations should avoid.

Keep output efficient:
- Edit only the selected target, required callers/tests, and `SAFETY_PLAN.md`.
- Do not print complete files or large diffs.
- In the final response provide only:
  - a concise change summary;
  - the measured safety reduction;
  - validation results;
  - remaining caveats or the next candidate.",[0.011053906723198061]
"Continue the iterative Rust safety refactor described in `SAFETY_PLAN.md`.

{target_goal}

{after_refactoring_instruction}

Work efficiently: make one coherent, high-confidence change set this iteration rather than attempting a broad rewrite. Do not print entire files in your final response.

Before editing:
1. Read `SAFETY_PLAN.md`.
2. Inspect the current working tree and relevant call sites, exports, tests, and ABI declarations.
3. Establish the current validation baseline where practical, so pre-existing failures are not mistaken for regressions.

Refactoring priorities:
- Prefer easy, high-value reductions first:
  - Remove `unsafe` from functions that only perform safe arithmetic or control flow.
  - Replace immutable `static mut` lookup tables with `const` or immutable `static` values.
  - Move pointer-free logic into ordinary safe Rust functions.
  - Replace pointer traversal with slices, iterators, indexing, chunks, and standard safe operations when bounds are known.
- Use a safe-core/thin-FFI-wrapper pattern:
  - The implementation should accept safe types such as slices and references.
  - Preserve a small `unsafe extern ""C""` wrapper only where the public C ABI requires raw pointers.
  - Keep pointer validation, slice construction, and other unavoidable unsafe operations localized in that wrapper.
  - Add a brief `// SAFETY:` explanation for each unavoidable unsafe block.
- Preserve exported symbol names, signatures, calling convention, C layout, and linkage. Existing internal `extern ""C""` declarations may resolve directly to exported wrapper symbols, so check all callers before renaming or splitting functions.
- Do not duplicate an exported symbol. If a safe implementation retains the logical API name, give the ABI wrapper a distinct Rust identifier and use `#[export_name = ""...""]` as needed.
- Preserve exact observable behavior, including:
  - null-pointer sentinel or initialization behavior;
  - whether null is accepted for a zero-length buffer;
  - output/error values on invalid arguments;
  - integer width, truncation, wrapping, overflow, and checksum semantics;
  - state transitions and buffer accounting.
- Never call `slice::from_raw_parts` or `from_raw_parts_mut` with a null pointer, even for length zero. Handle null and zero-length cases explicitly according to the original C API contract.
- Before creating a slice from a pointer and length, reject lengths that cannot form a Rust slice, including values exceeding `isize::MAX`, unless a stronger existing invariant is demonstrably enforced.
- Do not expose safe public APIs that permit callers to violate pointer validity, aliasing, initialization, or lifetime requirements.
- Do not merely move unsafe operations into a newly added “helper” with raw-pointer parameters. New implementation functions must remain genuinely safe and must not introduce unsafe-adjacent constructs.
- Avoid changing large generated-looking modules solely for style. Limit edits to the selected safety target and required callers/tests.

Validation:
- Run the project’s relevant formatting, build, and functionality tests.
- Run:
  `cargo check-unsafe2 --manifest-path {cargo_dir_path}/Cargo.toml`
- This checker reports improperly added unsafe code and newly added unsafe-adjacent code, including integer-to-pointer casts and raw-pointer arguments or fields. Treat new findings as regressions unless they are unavoidable ABI-boundary code already permitted by the project’s structure.
- Review the final diff for accidental ABI changes, symbol duplication, null-handling changes, and unrelated churn.
- If validation cannot run, report the exact command and reason rather than claiming success.

Before finishing, update `SAFETY_PLAN.md` concisely with:
- what was actually changed this iteration;
- what is now complete;
- validation commands and results;
- what remains and the best next candidate area;
- pitfalls, ABI constraints, failed approaches, or dead ends future iterations should avoid.

Keep `SAFETY_PLAN.md` a short working scratchpad, not a report. In the final response, provide only a concise summary of changes, safety reduction achieved, validation results, and remaining caveats.",[0.012113870381586917]
"Continue the iterative Rust safety refactor documented in `SAFETY_PLAN.md`.

Current context:
- This is a C2Rust-style zlib port with many duplicated C-layout declarations and internal `extern ""C""` calls.
- The original baseline had 6604 unsafe entities. A previous Adler-32 refactor reduced this to 6524 while passing functionality tests.
- The Adler-32 checksum implementation already has a safe slice-based core with thin raw-pointer ABI wrappers. Do not redo or broaden that work unless the current tree or `SAFETY_PLAN.md` shows a regression.
- The remaining count is dominated by raw-pointer compression/decompression state machines, immutable lookup data declared `static mut`, and arithmetic/control-flow functions unnecessarily marked `unsafe`.
- Treat the current working tree and `SAFETY_PLAN.md` as authoritative because later iterations may have changed these figures.

Make one coherent, high-confidence change set. Favor a compact edit with a clear safety reduction over a broad rewrite.

Before editing:
1. Read `SAFETY_PLAN.md`.
2. Inspect `git status`, the current diff, crate manifests, module exports, relevant call sites, tests, and ABI declarations.
3. Establish the practical validation baseline before making changes. Record pre-existing failures rather than attributing them to this iteration.
4. Inventory candidate unsafe entities and select the easiest area with the best expected reduction. Good candidates include:
   - private immutable `static mut` tables that can become `const` or immutable `static`;
   - pointer-free arithmetic, bit manipulation, bounds calculations, and control flow that can become ordinary safe Rust;
   - small algorithms whose pointer traversal can be replaced by slices and indexing without changing behavior;
   - ABI functions with no unsafe preconditions or operations that can safely lose the `unsafe` qualifier.
5. Avoid selecting a large pointer-heavy codec state machine unless the safe invariants are already clear and the change can remain narrowly scoped.

Implementation requirements:
- Preserve all public C ABI details: exported symbol names, signatures, calling convention, C layout, linkage, integer widths, and return values.
- Internal `extern ""C""` declarations may link directly to exported Rust wrappers. Check all definitions and declarations before renaming or splitting anything.
- Never define the same exported symbol twice. If a safe core uses the logical API name, give the ABI wrapper a distinct Rust identifier and use `#[export_name = ""...""]`.
- Prefer private or `pub(crate)` safe cores unless a public Rust API is already required. Do not introduce unnecessary Rust API or semver changes.
- Raw-pointer ABI entry points must remain `unsafe extern ""C""` when callers must uphold pointer validity, initialization, aliasing, or lifetime requirements. A pointer-free ABI function may be a safe `extern ""C""` function if it truly has no unsafe caller contract.
- Do not merely move raw-pointer operations into a new helper. New implementation helpers must use genuinely safe types such as slices, references, arrays, and scalar values.
- Localize unavoidable pointer validation, dereferencing, slice construction, and foreign calls at the ABI boundary. Put each unavoidable operation in a small explicit `unsafe` block with a concise `// SAFETY:` explanation.
- Never construct a slice from a null pointer, including for length zero. Handle null and zero-length cases before slice construction according to the original API contract.
- Before constructing a slice, reject lengths that exceed Rust’s slice limits, including byte sizes above `isize::MAX`, unless a stronger invariant is demonstrably enforced.
- Do not expose a safe function whose caller can violate raw-pointer validity, aliasing, initialization, or lifetime requirements.
- Convert only genuinely immutable private lookup data. Be cautious with exported globals: changing writable exported storage to read-only storage may be an ABI or behavioral change even if Rust code never mutates it.
- Avoid formatting or rewriting large generated-looking modules outside the selected target.

Behavior that must remain exact:
- zlib null-pointer sentinel and initialization behavior;
- whether null is accepted for a zero-length operation;
- Adler-32 and CRC-32 null behavior, initial values, and checksum combination semantics;
- C integer widths, especially platform-dependent `c_ulong`, truncation, wrapping, shifts, and overflow;
- error codes and output values on invalid arguments;
- buffer accounting, stream totals, state transitions, and table pointer stability;
- byte order and lookup-table contents.
Do not “clean up” suspicious translated expressions unless equivalence is proven and tested.

For arithmetic/checksum code:
- Preserve deliberate wrapping operations.
- Keep reductions at the same logical boundaries when intermediate overflow could affect behavior.
- Add focused tests for boundary lengths, empty inputs, one-byte inputs, chunk boundaries, known vectors, combination identities, negative lengths where applicable, and ABI sentinel behavior.
- When replacing unrolled pointer loops with iteration, verify that the order of every accumulator update is unchanged.

Validation:
- Run formatting only on edited Rust files or otherwise avoid unrelated churn.
- Run the relevant package build/check and functionality tests.
- Run focused tests for the changed target.
- Locate the applicable package manifest and run:
  `cargo check-unsafe2 --manifest-path <package-path>/Cargo.toml`
- Compare the unsafe-entity result with the pre-edit baseline. New unsafe or unsafe-adjacent findings—including raw-pointer helper parameters, raw-pointer fields, and integer-to-pointer casts—are regressions unless they are unavoidable existing ABI-boundary constructs.
- If practical, inspect exported symbols to confirm there are no missing or duplicate symbols.
- Review `git diff --check` and the final diff for ABI changes, altered null handling, symbol duplication, changed mutability of externally visible storage, and unrelated generated-file churn.
- If any command cannot run, report the exact command and reason. Do not claim it passed.

Before finishing, update `SAFETY_PLAN.md` as a short working scratchpad containing:
- the exact area changed;
- the measured unsafe-entity reduction;
- what is now complete;
- validation commands and outcomes;
- remaining caveats and the best general category for the next iteration;
- ABI constraints, pitfalls, failed approaches, or dead ends future iterations should avoid.

Keep the response efficient:
- Edit the repository rather than printing replacement files.
- Do not include full files or large code excerpts in the final response.
- Final response should contain only a concise summary of the change, measured safety reduction, validation results, and any remaining caveat.",[0.0]
"Continue the iterative Rust safety refactor described in `SAFETY_PLAN.md`.

{target_goal}

{after_refactoring_instruction}

Work efficiently: make one coherent, high-confidence change set this iteration rather than attempting a broad rewrite. Do not print entire files in your final response.

Before editing:
1. Read `SAFETY_PLAN.md`.
2. Inspect the current working tree and relevant call sites, exports, tests, and ABI declarations.
3. Establish the current validation baseline where practical, so pre-existing failures are not mistaken for regressions.

Refactoring priorities:
- Prefer easy, high-value reductions first:
  - Remove `unsafe` from functions that only perform safe arithmetic or control flow.
  - Replace immutable `static mut` lookup tables with `const` or immutable `static` values.
  - Move pointer-free logic into ordinary safe Rust functions.
  - Replace pointer traversal with slices, iterators, indexing, chunks, and standard safe operations when bounds are known.
- Use a safe-core/thin-FFI-wrapper pattern:
  - The implementation should accept safe types such as slices and references.
  - Preserve a small `unsafe extern ""C""` wrapper only where the public C ABI requires raw pointers.
  - Keep pointer validation, slice construction, and other unavoidable unsafe operations localized in that wrapper.
  - Add a brief `// SAFETY:` explanation for each unavoidable unsafe block.
- Preserve exported symbol names, signatures, calling convention, C layout, and linkage. Existing internal `extern ""C""` declarations may resolve directly to exported wrapper symbols, so check all callers before renaming or splitting functions.
- Do not duplicate an exported symbol. If a safe implementation retains the logical API name, give the ABI wrapper a distinct Rust identifier and use `#[export_name = ""...""]` as needed.
- Preserve exact observable behavior, including:
  - null-pointer sentinel or initialization behavior;
  - whether null is accepted for a zero-length buffer;
  - output/error values on invalid arguments;
  - integer width, truncation, wrapping, overflow, and checksum semantics;
  - state transitions and buffer accounting.
- Never call `slice::from_raw_parts` or `from_raw_parts_mut` with a null pointer, even for length zero. Handle null and zero-length cases explicitly according to the original C API contract.
- Before creating a slice from a pointer and length, reject lengths that cannot form a Rust slice, including values exceeding `isize::MAX`, unless a stronger existing invariant is demonstrably enforced.
- Do not expose safe public APIs that permit callers to violate pointer validity, aliasing, initialization, or lifetime requirements.
- Do not merely move unsafe operations into a newly added “helper” with raw-pointer parameters. New implementation functions must remain genuinely safe and must not introduce unsafe-adjacent constructs.
- Avoid changing large generated-looking modules solely for style. Limit edits to the selected safety target and required callers/tests.

Validation:
- Run the project’s relevant formatting, build, and functionality tests.
- Run:
  `cargo check-unsafe2 --manifest-path {cargo_dir_path}/Cargo.toml`
- This checker reports improperly added unsafe code and newly added unsafe-adjacent code, including integer-to-pointer casts and raw-pointer arguments or fields. Treat new findings as regressions unless they are unavoidable ABI-boundary code already permitted by the project’s structure.
- Review the final diff for accidental ABI changes, symbol duplication, null-handling changes, and unrelated churn.
- If validation cannot run, report the exact command and reason rather than claiming success.

Before finishing, update `SAFETY_PLAN.md` concisely with:
- what was actually changed this iteration;
- what is now complete;
- validation commands and results;
- what remains and the best next candidate area;
- pitfalls, ABI constraints, failed approaches, or dead ends future iterations should avoid.

Keep `SAFETY_PLAN.md` a short working scratchpad, not a report. In the final response, provide only a concise summary of changes, safety reduction achieved, validation results, and remaining caveats.",[0.015596608116293155]
"Continue the iterative Rust safety refactor described in `SAFETY_PLAN.md`.

{target_goal}

{after_refactoring_instruction}

Make one coherent, high-confidence change set. Optimize for a meaningful net reduction in unsafe entities without a broad rewrite, ABI drift, or generated-code churn. Do not print complete files or a full patch in the final response.

Context:
- This codebase is largely C2Rust-style code preserving a zlib-compatible C ABI. It contains generated patterns such as unnecessary `unsafe extern ""C""` on pointer-free arithmetic, immutable lookup data declared as `static mut`, raw-pointer traversal, duplicate logical-function/ABI-wrapper pairs, and internal `extern ""C""` declarations that may resolve directly to exported Rust symbols.
- A prior conservative pass over immutable tables and pointer-free checksum/arithmetic helpers removed roughly one hundred unsafe entities while retaining functional correctness. Continue that strategy, but do not assume any exact count remains current.
- `extern ""C""` does not itself require a function to be `unsafe`. Scalar-only ABI exports and wrappers can be safe when their bodies and signatures impose no caller safety obligations. Wrappers accepting raw pointers generally must remain unsafe.
- The unsafe checker counts more than explicit unsafe blocks, including unsafe functions/statics and newly introduced unsafe-adjacent raw-pointer APIs or fields. Prefer changes that reduce the checker’s total rather than merely relocating unsafe code.

Before editing:
1. Read `SAFETY_PLAN.md`.
2. Inspect `git status` and the current diff so existing user changes are preserved.
3. Locate relevant definitions, re-exports, internal `extern ""C""` declarations, symbol attributes, tests, and all direct callers of the selected target.
4. Establish a practical baseline with the relevant build/tests and:
   `cargo check-unsafe2 --manifest-path {cargo_dir_path}/Cargo.toml`
   Record pre-existing failures or findings rather than treating them as regressions.

Selection strategy:
- Prefer a small cluster of easy, high-value changes that can be validated together:
  - remove `unsafe` and unnecessary C calling conventions from private, pointer-free helpers;
  - make scalar-only logical APIs and scalar-only ABI wrappers safe;
  - convert genuinely immutable, non-exported `static mut` numeric or lookup arrays to `const` or immutable `static`;
  - move bounded pointer-free algorithms into safe functions using values, arrays, slices, indexing, iterators, or chunks;
  - isolate a raw-pointer C entry point around a safe slice-based implementation when its pointer contract is clear and testable.
- Avoid large state-machine, allocator, callback, compression/decompression, or ownership rewrites unless `SAFETY_PLAN.md` identifies a narrowly bounded next step.
- Do not edit large generated-looking modules merely for style, naming, warning cleanup, or rustfmt churn.
- Do not create trivial raw-pointer helpers that only move unsafe operations elsewhere. A new implementation helper must be genuinely safe and accept safe types.

ABI and linkage requirements:
- Preserve every public C symbol name, parameter and return type, calling convention, layout, linkage, and documented behavior.
- Check internal `extern ""C""` declarations before renaming or splitting anything; they may link to the exported symbol rather than call a Rust path.
- Never emit two definitions of the same C symbol.
- If a safe Rust implementation uses the logical API name, give the ABI wrapper a distinct Rust identifier and use `#[export_name = ""...""]` only where necessary.
- Do not add wrapper layers when changing the existing exported function directly is sufficient.
- Do not change exported data from writable to read-only unless it is demonstrably not part of the writable C ABI. Non-exported immutable lookup tables are the safest candidates.
- Preserve C integer widths and exact casts, truncation, wrapping, overflow, checksum, and sentinel semantics.

Raw-pointer boundary rules:
- Keep unavoidable pointer validation, dereferences, pointer arithmetic, foreign calls, and slice construction in a thin unsafe ABI boundary.
- Add a concise `// SAFETY:` explanation to every newly added or materially changed unsafe block.
- Preserve exact null behavior, including initialization sentinels and whether null is accepted when length is zero.
- Never call `slice::from_raw_parts` or `slice::from_raw_parts_mut` with a null pointer, including for zero length.
- Before constructing a slice, reject lengths greater than `isize::MAX` unless a stronger existing invariant is clearly established.
- Handle zero length separately according to the original C contract.
- Do not expose a safe public Rust function whose raw-pointer arguments permit invalid memory, aliasing, initialization, lifetime, or mutation behavior.
- Do not “fix” behavior that is merely unusual in the translated C API unless tests and the upstream contract establish that it is a bug.

Implementation guidance:
- For pointer-free arithmetic, retain explicit wrapping operations where the translated C behavior depends on unsigned wraparound.
- For read-only tables, use ordinary indexing once they are immutable; avoid raw references to `static mut`.
- For exported table accessors, keep the C return type at the ABI boundary while allowing an internal safe reference or slice only if its lifetime and mutability are sound.
- A scalar-only export may be a safe `extern ""C"" fn`; do not leave it unsafe solely because it is externally callable.
- Do not turn raw-pointer-bearing descriptor/statics into immutable Rust statics unless their types satisfy thread-safety requirements and address identity remains correct; numeric arrays are lower-risk candidates.

Validation:
1. Format only the touched Rust code where practical, or run the project’s standard formatting check without accepting unrelated churn.
2. Run the relevant build and functionality tests.
3. Re-run:
   `cargo check-unsafe2 --manifest-path {cargo_dir_path}/Cargo.toml`
4. Compare the checker result with the baseline. Treat new unsafe or unsafe-adjacent findings as regressions unless they are unavoidable, documented ABI-boundary operations.
5. Inspect the final diff for:
   - duplicated or missing exported symbols;
   - changed signatures, calling conventions, layouts, or linkage;
   - changed null/zero-length behavior;
   - accidental replacement of wrapping arithmetic;
   - newly exposed safe raw-pointer APIs;
   - unrelated generated-file churn.
6. If a command cannot run, report the exact command, exit condition, and reason. Do not claim it passed.

Before finishing, update `SAFETY_PLAN.md` as a short working scratchpad containing:
- the precise area changed this iteration;
- the safety reduction achieved, including checker count/delta when available;
- validation commands and results, including pre-existing failures;
- ABI or behavior constraints discovered;
- failed approaches or traps future iterations should avoid;
- the best general next candidate category, without prescribing specific files or function names.

Final response:
- Give only a concise summary of the changed area, the unsafe reduction, validation results, and remaining caveats.
- Do not include complete files, long code excerpts, or the full checker inventory.",[0.015596608116293155]
"Continue the iterative Rust safety refactor described in `SAFETY_PLAN.md`.

{target_goal}

{after_refactoring_instruction}

Work efficiently: make one coherent, high-confidence change set this iteration rather than attempting a broad rewrite. Do not print entire files in your final response.

Before editing:
1. Read `SAFETY_PLAN.md`.
2. Inspect the current working tree and relevant call sites, exports, tests, and ABI declarations.
3. Establish the current validation baseline where practical, so pre-existing failures are not mistaken for regressions.

Refactoring priorities:
- Prefer easy, high-value reductions first:
  - Remove `unsafe` from functions that only perform safe arithmetic or control flow.
  - Replace immutable `static mut` lookup tables with `const` or immutable `static` values.
  - Move pointer-free logic into ordinary safe Rust functions.
  - Replace pointer traversal with slices, iterators, indexing, chunks, and standard safe operations when bounds are known.
- Use a safe-core/thin-FFI-wrapper pattern:
  - The implementation should accept safe types such as slices and references.
  - Preserve a small `unsafe extern ""C""` wrapper only where the public C ABI requires raw pointers.
  - Keep pointer validation, slice construction, and other unavoidable unsafe operations localized in that wrapper.
  - Add a brief `// SAFETY:` explanation for each unavoidable unsafe block.
- Preserve exported symbol names, signatures, calling convention, C layout, and linkage. Existing internal `extern ""C""` declarations may resolve directly to exported wrapper symbols, so check all callers before renaming or splitting functions.
- Do not duplicate an exported symbol. If a safe implementation retains the logical API name, give the ABI wrapper a distinct Rust identifier and use `#[export_name = ""...""]` as needed.
- Preserve exact observable behavior, including:
  - null-pointer sentinel or initialization behavior;
  - whether null is accepted for a zero-length buffer;
  - output/error values on invalid arguments;
  - integer width, truncation, wrapping, overflow, and checksum semantics;
  - state transitions and buffer accounting.
- Never call `slice::from_raw_parts` or `from_raw_parts_mut` with a null pointer, even for length zero. Handle null and zero-length cases explicitly according to the original C API contract.
- Before creating a slice from a pointer and length, reject lengths that cannot form a Rust slice, including values exceeding `isize::MAX`, unless a stronger existing invariant is demonstrably enforced.
- Do not expose safe public APIs that permit callers to violate pointer validity, aliasing, initialization, or lifetime requirements.
- Do not merely move unsafe operations into a newly added “helper” with raw-pointer parameters. New implementation functions must remain genuinely safe and must not introduce unsafe-adjacent constructs.
- Avoid changing large generated-looking modules solely for style. Limit edits to the selected safety target and required callers/tests.

Validation:
- Run the project’s relevant formatting, build, and functionality tests.
- Run:
  `cargo check-unsafe2 --manifest-path {cargo_dir_path}/Cargo.toml`
- This checker reports improperly added unsafe code and newly added unsafe-adjacent code, including integer-to-pointer casts and raw-pointer arguments or fields. Treat new findings as regressions unless they are unavoidable ABI-boundary code already permitted by the project’s structure.
- Review the final diff for accidental ABI changes, symbol duplication, null-handling changes, and unrelated churn.
- If validation cannot run, report the exact command and reason rather than claiming success.

Before finishing, update `SAFETY_PLAN.md` concisely with:
- what was actually changed this iteration;
- what is now complete;
- validation commands and results;
- what remains and the best next candidate area;
- pitfalls, ABI constraints, failed approaches, or dead ends future iterations should avoid.

Keep `SAFETY_PLAN.md` a short working scratchpad, not a report. In the final response, provide only a concise summary of changes, safety reduction achieved, validation results, and remaining caveats.",[0.012113870381586917]
"Continue the iterative Rust safety refactor documented in `SAFETY_PLAN.md`.

{target_goal}

{after_refactoring_instruction}

This is a C-to-Rust translation of zlib with generated-looking modules, duplicated C type definitions, C unions and function pointers, large lookup tables, and internal `extern ""C""` declarations that may link directly to exported Rust symbols. A previous iteration moved checksum logic toward safe slice-based cores and reduced the checker’s unsafe-entity count from 6604 to 6524 while passing functionality tests. Re-establish the current baseline rather than assuming those exact numbers still apply.

Make one coherent, high-confidence change set. Optimize for meaningful unsafe reduction per line changed and avoid broad rewrites, large formatting diffs, or repeating work already completed.

Before editing:
1. Read `SAFETY_PLAN.md`.
2. Inspect `git status`, the current diff, relevant implementations, call sites, exports, internal ABI declarations, and tests.
3. Run the practical baseline checks and record pre-existing failures.
4. Record the current unsafe-checker count/output so the final change can be compared objectively.
5. Confirm whether the selected data or logic is private, exported, address-observed, mutated, or referenced through an `extern` declaration.

Preferred targets, in order:
- Remove `unsafe` from pointer-free arithmetic and control-flow functions.
- Make pointer-free `extern ""C""` exports safe when they impose no caller-side safety requirements. `extern ""C""` does not itself require an `unsafe fn`.
- Convert private, never-mutated `static mut` numeric tables to immutable `static` or `const`.
- Convert local immutable `static mut` arrays to `const` or ordinary immutable values.
- Replace raw-pointer traversal with a safe implementation over slices, arrays, references, indexing, iterators, or chunks when bounds are established.
- Prefer small clusters of related pure helpers or immutable tables over invasive stream-state refactors.

Do not count a change as a safety improvement if it merely:
- moves raw-pointer operations into another helper;
- leaves a safe public function accepting raw pointers;
- relies on unsafe operations being implicitly permitted inside an `unsafe fn`;
- adds unchecked indexing, integer-to-pointer casts, raw-pointer fields, or other unsafe-adjacent constructs;
- duplicates the old unsafe implementation behind a nominally safe facade.

Use a safe-core/thin-FFI-boundary design:
- Safe implementation functions must accept genuinely safe types such as slices, arrays, and references.
- Keep raw-pointer validation, slice construction, and unavoidable pointer operations in the ABI boundary.
- Do not make raw-pointer helpers safe.
- Every unavoidable unsafe block must be minimal and have a specific nearby `// SAFETY:` explanation.
- Pointer-free ABI wrappers should generally be safe `extern ""C""` functions.
- Raw-pointer ABI wrappers should remain `unsafe extern ""C""` when callers must uphold validity, initialization, aliasing, or lifetime requirements.

ABI and linkage requirements:
- Preserve every exported C symbol name, parameter type, return type, calling convention, layout, and linkage.
- Do not duplicate exported symbols.
- If the safe Rust implementation uses the logical API name, give the ABI wrapper a different Rust identifier and use `#[export_name = ""...""]`.
- Check internal `extern ""C""` declarations before renaming anything; they may resolve to the exported wrapper rather than a Rust path.
- Preserve `#[repr(C)]` types, union layout, function-pointer signatures, and platform-dependent C integer widths.
- Do not convert exported mutable data to immutable data unless the C ABI contract and all declarations prove it is read-only. Private immutable lookup tables are much safer targets.
- Preserve stable addresses for tables returned through C APIs.
- Avoid changing large generated tables except for the declaration or references required by the selected safety change.

Behavioral requirements:
- Preserve exact zlib behavior, including sentinel values, state transitions, buffer accounting, and error results.
- Preserve platform-width arithmetic. In particular, `uLong`/`c_ulong` may be wider than 32 bits even where an algorithm uses explicit 32-bit masks.
- Preserve wrapping, truncation, shift, modulo, and reduction schedules; checksum chunking can be required to prevent intermediate overflow.
- Preserve algorithm thresholds and boundary behavior, including zero, one-byte, short-block, full-block, and remainder paths. Adler-style implementations commonly reduce at 5552-byte boundaries.
- Preserve checksum null sentinels: Adler-family initialization uses 1, while CRC-family initialization uses 0, unless the current API demonstrably specifies otherwise.
- Preserve negative-length handling in checksum-combination APIs.
- Preserve whether null is accepted for a zero-length input and whether a non-null zero-length input is processed from the supplied seed.
- Do not dereference or form references before all required null and length checks.

Raw pointer to slice rules:
- Never call `slice::from_raw_parts` or `slice::from_raw_parts_mut` with a null pointer, including for length zero.
- Handle null and zero length separately according to the original C contract.
- Before constructing a slice, reject lengths exceeding `isize::MAX` or any stronger element-size limit required by Rust.
- Return the established API error or sentinel for rejected arguments; do not invent a new externally observable result.
- A successful null check does not prove allocation size, initialization, aliasing, or lifetime. Those remain caller obligations and must be documented at the unsafe boundary.
- Do not expose a public safe API that allows callers to violate those obligations.

Testing:
- Add focused tests when the selected code lacks coverage.
- For checksum-like logic, cover known vectors, incremental updates, zero length, one byte, block thresholds, remainders, null sentinels at the ABI boundary, and combination edge cases where practical.
- Prefer differential tests against the existing implementation or trusted upstream behavior when rewriting arithmetic loops.
- Do not add tests that invoke undefined behavior merely to probe invalid non-null pointers.

Validation:
- Run the project’s relevant formatting command without reformatting unrelated generated modules.
- Run the relevant build and functionality tests.
- Run:
  `cargo check-unsafe2 --manifest-path {cargo_dir_path}/Cargo.toml`
- Compare checker results with the baseline. Treat newly introduced unsafe or unsafe-adjacent findings as regressions unless they are unavoidable existing-style ABI-boundary operations.
- If available, inspect exported symbols to ensure each expected C symbol exists exactly once.
- Review the final diff for accidental ABI changes, duplicate symbols, changed null behavior, arithmetic-width changes, table mutation assumptions, and unrelated churn.
- If a command cannot run, report the exact command and exact reason. Do not claim success for unexecuted validation.

Before finishing, update `SAFETY_PLAN.md` as a short working scratchpad containing:
- the focused change made this iteration;
- what is now complete;
- unsafe-checker before/after counts or relevant findings;
- validation commands and outcomes;
- remaining work and the best next general candidate category;
- ABI constraints, behavior traps, failed approaches, or dead ends future iterations should avoid.

In the final response, do not print entire files. Provide only:
- a concise summary of the change;
- the genuine safety reduction achieved, including checker delta when available;
- validation results;
- any remaining caveats or blocked checks.",[0.015445184736523319]
"Continue the iterative Rust safety refactor documented in `SAFETY_PLAN.md`.

{target_goal}

{after_refactoring_instruction}

This is a C-to-Rust translation of zlib with generated-looking modules, duplicated C type definitions, C unions and function pointers, large lookup tables, and internal `extern ""C""` declarations that may link directly to exported Rust symbols. A previous iteration moved checksum logic toward safe slice-based cores and reduced the checker’s unsafe-entity count from 6604 to 6524 while passing functionality tests. Re-establish the current baseline rather than assuming those exact numbers still apply.

Make one coherent, high-confidence change set. Optimize for meaningful unsafe reduction per line changed and avoid broad rewrites, large formatting diffs, or repeating work already completed.

Before editing:
1. Read `SAFETY_PLAN.md`.
2. Inspect `git status`, the current diff, relevant implementations, call sites, exports, internal ABI declarations, and tests.
3. Run the practical baseline checks and record pre-existing failures.
4. Record the current unsafe-checker count/output so the final change can be compared objectively.
5. Confirm whether the selected data or logic is private, exported, address-observed, mutated, or referenced through an `extern` declaration.

Preferred targets, in order:
- Remove `unsafe` from pointer-free arithmetic and control-flow functions.
- Make pointer-free `extern ""C""` exports safe when they impose no caller-side safety requirements. `extern ""C""` does not itself require an `unsafe fn`.
- Convert private, never-mutated `static mut` numeric tables to immutable `static` or `const`.
- Convert local immutable `static mut` arrays to `const` or ordinary immutable values.
- Replace raw-pointer traversal with a safe implementation over slices, arrays, references, indexing, iterators, or chunks when bounds are established.
- Prefer small clusters of related pure helpers or immutable tables over invasive stream-state refactors.

Do not count a change as a safety improvement if it merely:
- moves raw-pointer operations into another helper;
- leaves a safe public function accepting raw pointers;
- relies on unsafe operations being implicitly permitted inside an `unsafe fn`;
- adds unchecked indexing, integer-to-pointer casts, raw-pointer fields, or other unsafe-adjacent constructs;
- duplicates the old unsafe implementation behind a nominally safe facade.

Use a safe-core/thin-FFI-boundary design:
- Safe implementation functions must accept genuinely safe types such as slices, arrays, and references.
- Keep raw-pointer validation, slice construction, and unavoidable pointer operations in the ABI boundary.
- Do not make raw-pointer helpers safe.
- Every unavoidable unsafe block must be minimal and have a specific nearby `// SAFETY:` explanation.
- Pointer-free ABI wrappers should generally be safe `extern ""C""` functions.
- Raw-pointer ABI wrappers should remain `unsafe extern ""C""` when callers must uphold validity, initialization, aliasing, or lifetime requirements.

ABI and linkage requirements:
- Preserve every exported C symbol name, parameter type, return type, calling convention, layout, and linkage.
- Do not duplicate exported symbols.
- If the safe Rust implementation uses the logical API name, give the ABI wrapper a different Rust identifier and use `#[export_name = ""...""]`.
- Check internal `extern ""C""` declarations before renaming anything; they may resolve to the exported wrapper rather than a Rust path.
- Preserve `#[repr(C)]` types, union layout, function-pointer signatures, and platform-dependent C integer widths.
- Do not convert exported mutable data to immutable data unless the C ABI contract and all declarations prove it is read-only. Private immutable lookup tables are much safer targets.
- Preserve stable addresses for tables returned through C APIs.
- Avoid changing large generated tables except for the declaration or references required by the selected safety change.

Behavioral requirements:
- Preserve exact zlib behavior, including sentinel values, state transitions, buffer accounting, and error results.
- Preserve platform-width arithmetic. In particular, `uLong`/`c_ulong` may be wider than 32 bits even where an algorithm uses explicit 32-bit masks.
- Preserve wrapping, truncation, shift, modulo, and reduction schedules; checksum chunking can be required to prevent intermediate overflow.
- Preserve algorithm thresholds and boundary behavior, including zero, one-byte, short-block, full-block, and remainder paths. Adler-style implementations commonly reduce at 5552-byte boundaries.
- Preserve checksum null sentinels: Adler-family initialization uses 1, while CRC-family initialization uses 0, unless the current API demonstrably specifies otherwise.
- Preserve negative-length handling in checksum-combination APIs.
- Preserve whether null is accepted for a zero-length input and whether a non-null zero-length input is processed from the supplied seed.
- Do not dereference or form references before all required null and length checks.

Raw pointer to slice rules:
- Never call `slice::from_raw_parts` or `slice::from_raw_parts_mut` with a null pointer, including for length zero.
- Handle null and zero length separately according to the original C contract.
- Before constructing a slice, reject lengths exceeding `isize::MAX` or any stronger element-size limit required by Rust.
- Return the established API error or sentinel for rejected arguments; do not invent a new externally observable result.
- A successful null check does not prove allocation size, initialization, aliasing, or lifetime. Those remain caller obligations and must be documented at the unsafe boundary.
- Do not expose a public safe API that allows callers to violate those obligations.

Testing:
- Add focused tests when the selected code lacks coverage.
- For checksum-like logic, cover known vectors, incremental updates, zero length, one byte, block thresholds, remainders, null sentinels at the ABI boundary, and combination edge cases where practical.
- Prefer differential tests against the existing implementation or trusted upstream behavior when rewriting arithmetic loops.
- Do not add tests that invoke undefined behavior merely to probe invalid non-null pointers.

Validation:
- Run the project’s relevant formatting command without reformatting unrelated generated modules.
- Run the relevant build and functionality tests.
- Run:
  `cargo check-unsafe2 --manifest-path {cargo_dir_path}/Cargo.toml`
- Compare checker results with the baseline. Treat newly introduced unsafe or unsafe-adjacent findings as regressions unless they are unavoidable existing-style ABI-boundary operations.
- If available, inspect exported symbols to ensure each expected C symbol exists exactly once.
- Review the final diff for accidental ABI changes, duplicate symbols, changed null behavior, arithmetic-width changes, table mutation assumptions, and unrelated churn.
- If a command cannot run, report the exact command and exact reason. Do not claim success for unexecuted validation.

Before finishing, update `SAFETY_PLAN.md` as a short working scratchpad containing:
- the focused change made this iteration;
- what is now complete;
- unsafe-checker before/after counts or relevant findings;
- validation commands and outcomes;
- remaining work and the best next general candidate category;
- ABI constraints, behavior traps, failed approaches, or dead ends future iterations should avoid.

In the final response, do not print entire files. Provide only:
- a concise summary of the change;
- the genuine safety reduction achieved, including checker delta when available;
- validation results;
- any remaining caveats or blocked checks.",[0.012113870381586917]
"Continue the iterative Rust safety refactor described in `SAFETY_PLAN.md`.

{target_goal}

{after_refactoring_instruction}

Work efficiently: make one coherent, high-confidence change set this iteration rather than attempting a broad rewrite. Do not print entire files in your final response.

Before editing:
1. Read `SAFETY_PLAN.md`.
2. Inspect the current working tree and relevant call sites, exports, tests, and ABI declarations.
3. Establish the current validation baseline where practical, so pre-existing failures are not mistaken for regressions.

Refactoring priorities:
- Prefer easy, high-value reductions first:
  - Remove `unsafe` from functions that only perform safe arithmetic or control flow.
  - Replace immutable `static mut` lookup tables with `const` or immutable `static` values.
  - Move pointer-free logic into ordinary safe Rust functions.
  - Replace pointer traversal with slices, iterators, indexing, chunks, and standard safe operations when bounds are known.
- Use a safe-core/thin-FFI-wrapper pattern:
  - The implementation should accept safe types such as slices and references.
  - Preserve a small `unsafe extern ""C""` wrapper only where the public C ABI requires raw pointers.
  - Keep pointer validation, slice construction, and other unavoidable unsafe operations localized in that wrapper.
  - Add a brief `// SAFETY:` explanation for each unavoidable unsafe block.
- Preserve exported symbol names, signatures, calling convention, C layout, and linkage. Existing internal `extern ""C""` declarations may resolve directly to exported wrapper symbols, so check all callers before renaming or splitting functions.
- Do not duplicate an exported symbol. If a safe implementation retains the logical API name, give the ABI wrapper a distinct Rust identifier and use `#[export_name = ""...""]` as needed.
- Preserve exact observable behavior, including:
  - null-pointer sentinel or initialization behavior;
  - whether null is accepted for a zero-length buffer;
  - output/error values on invalid arguments;
  - integer width, truncation, wrapping, overflow, and checksum semantics;
  - state transitions and buffer accounting.
- Never call `slice::from_raw_parts` or `from_raw_parts_mut` with a null pointer, even for length zero. Handle null and zero-length cases explicitly according to the original C API contract.
- Before creating a slice from a pointer and length, reject lengths that cannot form a Rust slice, including values exceeding `isize::MAX`, unless a stronger existing invariant is demonstrably enforced.
- Do not expose safe public APIs that permit callers to violate pointer validity, aliasing, initialization, or lifetime requirements.
- Do not merely move unsafe operations into a newly added “helper” with raw-pointer parameters. New implementation functions must remain genuinely safe and must not introduce unsafe-adjacent constructs.
- Avoid changing large generated-looking modules solely for style. Limit edits to the selected safety target and required callers/tests.

Validation:
- Run the project’s relevant formatting, build, and functionality tests.
- Run:
  `cargo check-unsafe2 --manifest-path {cargo_dir_path}/Cargo.toml`
- This checker reports improperly added unsafe code and newly added unsafe-adjacent code, including integer-to-pointer casts and raw-pointer arguments or fields. Treat new findings as regressions unless they are unavoidable ABI-boundary code already permitted by the project’s structure.
- Review the final diff for accidental ABI changes, symbol duplication, null-handling changes, and unrelated churn.
- If validation cannot run, report the exact command and reason rather than claiming success.

Before finishing, update `SAFETY_PLAN.md` concisely with:
- what was actually changed this iteration;
- what is now complete;
- validation commands and results;
- what remains and the best next candidate area;
- pitfalls, ABI constraints, failed approaches, or dead ends future iterations should avoid.

Keep `SAFETY_PLAN.md` a short working scratchpad, not a report. In the final response, provide only a concise summary of changes, safety reduction achieved, validation results, and remaining caveats.",[0.01635372501514234]
"Continue the iterative Rust safety refactor described in `SAFETY_PLAN.md`.

{target_goal}

{after_refactoring_instruction}

Make one bounded, coherent, high-confidence change set. Optimize for meaningful unsafe reduction per line changed and per validation minute; do not attempt a broad rewrite or emit entire files.

Before editing:
1. Read `SAFETY_PLAN.md`.
2. Inspect `git status`, the current diff, crate/workspace manifests, module exports, C headers if present, internal `extern ""C""` declarations, call sites, tests, and symbol/linkage attributes.
3. Establish the practical baseline with the project’s existing format/build/test commands and:
   `cargo check-unsafe2 --manifest-path {cargo_dir_path}/Cargo.toml`
4. Record pre-existing failures and, if the checker reports totals, the baseline unsafe-entity count.

Target selection:
- First inventory easy candidates, then choose one related family or one small module with the best expected safety payoff.
- Prefer, in order:
  1. pointer-free functions incorrectly marked `unsafe`;
  2. scalar-only ABI wrappers incorrectly marked `unsafe`;
  3. private or demonstrably read-only `static mut` tables;
  4. pointer-free arithmetic/control-flow logic that can become a safe core;
  5. a small raw-buffer routine that can cleanly use a safe slice core and thin FFI wrapper.
- Avoid spending this iteration on large state-machine, allocator, callback, ownership, or pointer-heavy generated-looking modules unless the plan explicitly identifies a small isolated portion.
- Do not perform mechanical churn that leaves the implementation just as unsafe under a different name.

Pure logic and ABI wrappers:
- Ordinary arithmetic, bit manipulation, table lookup, size calculation, and control flow should be normal safe Rust functions.
- `extern ""C""` does not itself require `unsafe`. An exported wrapper with only scalar/value parameters should normally be `pub extern ""C"" fn`, not `unsafe extern ""C"" fn`.
- Keep an ABI wrapper unsafe only when callers must uphold pointer validity, aliasing, initialization, lifetime, callback, or similar requirements that the wrapper cannot verify.
- Preserve exported symbol names, parameter and return types, calling convention, layout, linkage, and platform integer-width behavior.
- Internal `extern ""C""` declarations may link directly to an exported Rust definition. Search all declarations and callers before renaming or splitting anything.
- Never define the same exported symbol twice. If a safe logical function keeps the natural Rust name, give the ABI wrapper a distinct Rust identifier and use `#[export_name = ""...""]`.
- Changing Rust-level `unsafe` is not an ABI change, but changing `extern ""C""`, `#[no_mangle]`, `#[export_name]`, visibility, type width, or layout can be.
- Do not expose a safe public Rust function that accepts raw pointers when its caller can violate memory-safety requirements.

Immutable tables:
- Convert `static mut` lookup data to `const` or immutable `static` only after verifying it is never written and that mutability is not part of a required external contract.
- Prefer immutable `static` when stable address identity or a returned pointer must be preserved.
- Preserve any required exported table symbol, element type, length, alignment, and linkage.
- Update all reads to ordinary indexing or immutable references. This can remove both the unsafe static and unsafe accesses throughout the selected code.
- Do not edit huge generated tables merely to restyle their elements; change only declarations and required references.
- C-translated compression/checksum code often contains large CRC, Huffman, distance, length, braid, or exponentiation lookup tables that are logically read-only. Treat them as strong candidates, but verify symbol and write behavior first.

Safe-core/thin-FFI-wrapper pattern:
- A new implementation core must accept genuinely safe types such as slices, references, values, or iterators. Do not create a nominal “helper” that still takes raw pointers.
- Keep raw-pointer checks, slice construction, callback invocation, and unavoidable FFI operations localized at the ABI boundary.
- Add a brief, specific `// SAFETY:` comment for every unavoidable unsafe block.
- Never call `slice::from_raw_parts` or `slice::from_raw_parts_mut` with a null pointer, including when length is zero.
- Before constructing a slice, reject lengths greater than `isize::MAX` unless a stronger invariant is clearly established and documented.
- A null check cannot prove allocation size, initialization, provenance, aliasing, or lifetime. Keep the wrapper unsafe if those remain caller obligations.
- Prefer slice iteration, indexing, `chunks_exact`, `copy_from_slice`, and standard safe operations over pointer traversal when bounds are known.

Behavioral compatibility:
- Preserve exact C-observable behavior, especially:
  - null-pointer sentinel or checksum-initialization behavior;
  - whether null is accepted when length is zero;
  - the order of argument validation and output updates;
  - output/error values for invalid arguments;
  - partial progress and buffer-accounting semantics;
  - integer width, casts, truncation, wrapping, shifts, overflow, and checksum results;
  - state transitions and returned table-pointer identity.
- For checksum-style APIs, null may be a documented initialization sentinel independent of buffer length. Handle that path before any slice construction.
- Do not “fix” suspicious translated-C behavior unless the task explicitly requests a semantic change. If an original path relies on invalid-pointer behavior or has an ambiguous contract, leave it untouched and note the dead end in the plan.
- Preserve target-dependent C aliases such as `c_ulong`, `off_t`, and `size_t`; do not silently replace their arithmetic with fixed-width Rust types.
- Do not alter raw-pointer-bearing ABI structs, unions, callback signatures, or C layouts merely to reduce checker counts.

Validation and review:
1. Run formatting only on touched Rust files where practical; avoid repository-wide formatting churn.
2. Run the relevant build and functionality tests.
3. Run:
   `cargo check-unsafe2 --manifest-path {cargo_dir_path}/Cargo.toml`
4. Compare checker output with the baseline. Treat new unsafe blocks, raw-pointer helpers, integer-to-pointer casts, or other unsafe-adjacent findings as regressions unless they are unavoidable ABI-boundary code.
5. If symbol inspection tooling is available, verify the touched exported symbols remain present exactly once.
6. Review the final diff for:
   - duplicated or missing symbols;
   - accidental calling-convention, signature, visibility, or layout changes;
   - changed null/zero-length behavior;
   - non-wrapping arithmetic replacing required wrapping behavior;
   - unsafe operations moved rather than eliminated;
   - unrelated generated-code churn.
7. If any command cannot run, report the exact command and reason. Never claim unrun validation succeeded.

Before finishing, update `SAFETY_PLAN.md` as a short working scratchpad containing:
- the exact bounded area changed;
- the concrete safety reduction, including before/after checker counts when available;
- validation commands and results;
- ABI/null/integer-semantics constraints discovered;
- rejected approaches or dead ends;
- the best next candidate selected by expected safety payoff, described generally rather than as a broad rewrite.

Final response:
- Keep it concise.
- Summarize only the changed area, safety reduction achieved, validation results, and remaining caveats/next direction.
- Do not print full files, large tables, or a long diff.",[0.015596608116293155]
"Continue the iterative Rust safety refactor described in `SAFETY_PLAN.md`.

{target_goal}

{after_refactoring_instruction}

Work efficiently: make one coherent, high-confidence change set this iteration rather than attempting a broad rewrite. Do not print entire files in your final response.

Before editing:
1. Read `SAFETY_PLAN.md`.
2. Inspect the current working tree and relevant call sites, exports, tests, and ABI declarations.
3. Establish the current validation baseline where practical, so pre-existing failures are not mistaken for regressions.

Refactoring priorities:
- Prefer easy, high-value reductions first:
  - Remove `unsafe` from functions that only perform safe arithmetic or control flow.
  - Replace immutable `static mut` lookup tables with `const` or immutable `static` values.
  - Move pointer-free logic into ordinary safe Rust functions.
  - Replace pointer traversal with slices, iterators, indexing, chunks, and standard safe operations when bounds are known.
- Use a safe-core/thin-FFI-wrapper pattern:
  - The implementation should accept safe types such as slices and references.
  - Preserve a small `unsafe extern ""C""` wrapper only where the public C ABI requires raw pointers.
  - Keep pointer validation, slice construction, and other unavoidable unsafe operations localized in that wrapper.
  - Add a brief `// SAFETY:` explanation for each unavoidable unsafe block.
- Preserve exported symbol names, signatures, calling convention, C layout, and linkage. Existing internal `extern ""C""` declarations may resolve directly to exported wrapper symbols, so check all callers before renaming or splitting functions.
- Do not duplicate an exported symbol. If a safe implementation retains the logical API name, give the ABI wrapper a distinct Rust identifier and use `#[export_name = ""...""]` as needed.
- Preserve exact observable behavior, including:
  - null-pointer sentinel or initialization behavior;
  - whether null is accepted for a zero-length buffer;
  - output/error values on invalid arguments;
  - integer width, truncation, wrapping, overflow, and checksum semantics;
  - state transitions and buffer accounting.
- Never call `slice::from_raw_parts` or `from_raw_parts_mut` with a null pointer, even for length zero. Handle null and zero-length cases explicitly according to the original C API contract.
- Before creating a slice from a pointer and length, reject lengths that cannot form a Rust slice, including values exceeding `isize::MAX`, unless a stronger existing invariant is demonstrably enforced.
- Do not expose safe public APIs that permit callers to violate pointer validity, aliasing, initialization, or lifetime requirements.
- Do not merely move unsafe operations into a newly added “helper” with raw-pointer parameters. New implementation functions must remain genuinely safe and must not introduce unsafe-adjacent constructs.
- Avoid changing large generated-looking modules solely for style. Limit edits to the selected safety target and required callers/tests.

Validation:
- Run the project’s relevant formatting, build, and functionality tests.
- Run:
  `cargo check-unsafe2 --manifest-path {cargo_dir_path}/Cargo.toml`
- This checker reports improperly added unsafe code and newly added unsafe-adjacent code, including integer-to-pointer casts and raw-pointer arguments or fields. Treat new findings as regressions unless they are unavoidable ABI-boundary code already permitted by the project’s structure.
- Review the final diff for accidental ABI changes, symbol duplication, null-handling changes, and unrelated churn.
- If validation cannot run, report the exact command and reason rather than claiming success.

Before finishing, update `SAFETY_PLAN.md` concisely with:
- what was actually changed this iteration;
- what is now complete;
- validation commands and results;
- what remains and the best next candidate area;
- pitfalls, ABI constraints, failed approaches, or dead ends future iterations should avoid.

Keep `SAFETY_PLAN.md` a short working scratchpad, not a report. In the final response, provide only a concise summary of changes, safety reduction achieved, validation results, and remaining caveats.",[0.02771047849788007]
"Continue the iterative Rust safety refactor documented in `SAFETY_PLAN.md`.

Goal: reduce the number of unsafe entities as much as practical while preserving functional behavior and the complete C ABI. Make one coherent, high-confidence change set this iteration. Prefer a compact module or closely related cluster that offers substantial safety reduction without requiring a broad rewrite.

Before editing:
1. Read `SAFETY_PLAN.md`.
2. Inspect `git status`, the current diff, relevant definitions, callers, exports, tests, and `extern ""C""` declarations.
3. Establish the current validation baseline where practical. Record pre-existing failures instead of attributing them to this iteration.
4. Use the unsafe checker or focused searches to identify a high-value target. Compare unsafe findings before and after when feasible.

Selection priorities:
- First remove unnecessary `unsafe` from functions that perform only arithmetic, indexing into ordinary immutable arrays, or safe control flow.
- Convert read-only `static mut` data to immutable storage:
  - Use immutable `static` when a stable address or exported storage identity is required.
  - Do not replace address-exposed tables with `const`, since constants may be duplicated or promoted and need not preserve address identity.
  - Use `const` for purely value-like data whose address and symbol identity are irrelevant.
  - Do not change an externally visible mutable data symbol to immutable storage unless the ABI and all declarations permit it.
- Move pointer-free algorithms into genuinely safe Rust functions using slices, references, iterators, indexing, and chunks.
- Prefer targets where a small source edit removes many unsafe findings, such as immutable generated lookup tables or groups of scalar-only helper functions.
- Avoid spending the iteration rewriting a large pointer-heavy state machine unless the plan identifies a narrow, well-tested subproblem.

ABI and linkage requirements:
- Preserve exported symbol names, C signatures, calling conventions, layouts, linkage, integer widths, and symbol uniqueness.
- Internal `extern ""C""` declarations may resolve directly to symbols exported elsewhere in the same crate. Search all declarations and callers before renaming or splitting a function.
- Never define two Rust items that export the same symbol. If a safe Rust implementation uses the logical API name, give the ABI wrapper a distinct Rust identifier and use `#[export_name = ""...""]`.
- Do not add wrappers mechanically. A scalar-only exported function can often remain a single safe `extern ""C""` function. A wrapper that contains no unsafe operation should not itself be marked unsafe merely because it uses the C calling convention.
- Raw-pointer ABI entry points that rely on caller-provided validity, initialization, aliasing, or lifetime guarantees must remain unsafe to call from Rust, even if their bodies delegate to safe code.
- Returning a pointer to immutable static data does not by itself require an unsafe Rust function, but preserve the C return type and stable storage address.
- Keep required function-pointer ABI types and `repr(C)` structures unchanged unless a demonstrably ABI-equivalent change is necessary.

Safe-core/thin-wrapper pattern:
- Put computation in safe functions accepting slices, references, or scalar values.
- Keep raw-pointer validation and slice construction localized in the ABI wrapper.
- Every unavoidable unsafe block added or modified must have a concise `// SAFETY:` comment describing the exact validity, bounds, aliasing, initialization, and lifetime assumptions.
- Do not hide unsafety in a new helper that still accepts raw pointers. New implementation helpers must be genuinely safe.
- Do not expose a safe public Rust API through which callers can violate memory safety.

Pointer and slice rules:
- Never call `slice::from_raw_parts` or `from_raw_parts_mut` with a null pointer, including for length zero.
- Handle null and zero-length inputs explicitly according to the existing C API contract. Some checksum-style APIs use null as an initialization sentinel; others accept null only when length is zero.
- Before constructing a slice, reject lengths larger than `isize::MAX` unless a stronger invariant is clearly established.
- For mutable buffers, preserve aliasing requirements and avoid simultaneously creating overlapping references.
- Do not dereference output-length pointers or other metadata pointers before performing the same validation and side effects as the original API.
- Invalid-argument return values and output mutations must remain unchanged.

Behavioral fidelity:
- Preserve checksum initialization and null sentinels, exact modular-reduction cadence where overflow behavior depends on it, wrapping arithmetic, truncation, platform-dependent C integer widths, and signed-length handling.
- Preserve state transitions, buffer accounting, partial-progress reporting, output lengths, and error precedence.
- Be cautious with suspicious generated expressions or apparently tautological checks. They may encode C conversion or portability behavior; do not simplify them without proving equivalence.
- When replacing unrolled pointer traversal with iteration, verify boundary lengths around each fast-path or block size, not just typical inputs.
- Do not optimize or restyle unrelated generated-looking code.

Validation:
- Run focused tests for the selected behavior, including relevant boundary, empty-input, null-sentinel, combination, or overflow cases.
- Run the project’s applicable formatter, build/check command, and functionality tests.
- Run:
  `cargo check-unsafe2 --manifest-path {cargo_dir_path}/Cargo.toml`
- Treat newly introduced unsafe or unsafe-adjacent findings—including raw-pointer helpers, integer-to-pointer casts, and pointer-bearing fields—as regressions unless they are unavoidable existing ABI-boundary constructs.
- If practical, report the checker’s before/after unsafe-entity counts or the focused reduction. Do not claim a reduction based only on textual `unsafe` counts.
- Review the final diff for duplicate symbols, changed exports, altered signatures/layouts, null-handling changes, arithmetic changes, and unrelated churn.
- If a command cannot run, report the exact command and failure reason.

Before finishing, update `SAFETY_PLAN.md` as a short working scratchpad containing:
- the target selected and what actually changed;
- what is now complete;
- validation commands and exact results;
- measured safety reduction where available;
- remaining risks and the best next general candidate;
- ABI constraints, pitfalls, failed approaches, or dead ends future iterations should avoid.

Keep the final response concise. Include only:
- a short summary of the change;
- the safety reduction achieved;
- validation results;
- remaining caveats or unavailable checks.

Do not print entire files or large generated tables in the final response.",[0.0]
"Continue the iterative Rust safety refactor described in `SAFETY_PLAN.md`.

{target_goal}

{after_refactoring_instruction}

Work efficiently: make one coherent, high-confidence change set this iteration rather than attempting a broad rewrite. Do not print entire files in your final response.

Before editing:
1. Read `SAFETY_PLAN.md`.
2. Inspect the current working tree and relevant call sites, exports, tests, and ABI declarations.
3. Establish the current validation baseline where practical, so pre-existing failures are not mistaken for regressions.

Refactoring priorities:
- Prefer easy, high-value reductions first:
  - Remove `unsafe` from functions that only perform safe arithmetic or control flow.
  - Replace immutable `static mut` lookup tables with `const` or immutable `static` values.
  - Move pointer-free logic into ordinary safe Rust functions.
  - Replace pointer traversal with slices, iterators, indexing, chunks, and standard safe operations when bounds are known.
- Use a safe-core/thin-FFI-wrapper pattern:
  - The implementation should accept safe types such as slices and references.
  - Preserve a small `unsafe extern ""C""` wrapper only where the public C ABI requires raw pointers.
  - Keep pointer validation, slice construction, and other unavoidable unsafe operations localized in that wrapper.
  - Add a brief `// SAFETY:` explanation for each unavoidable unsafe block.
- Preserve exported symbol names, signatures, calling convention, C layout, and linkage. Existing internal `extern ""C""` declarations may resolve directly to exported wrapper symbols, so check all callers before renaming or splitting functions.
- Do not duplicate an exported symbol. If a safe implementation retains the logical API name, give the ABI wrapper a distinct Rust identifier and use `#[export_name = ""...""]` as needed.
- Preserve exact observable behavior, including:
  - null-pointer sentinel or initialization behavior;
  - whether null is accepted for a zero-length buffer;
  - output/error values on invalid arguments;
  - integer width, truncation, wrapping, overflow, and checksum semantics;
  - state transitions and buffer accounting.
- Never call `slice::from_raw_parts` or `from_raw_parts_mut` with a null pointer, even for length zero. Handle null and zero-length cases explicitly according to the original C API contract.
- Before creating a slice from a pointer and length, reject lengths that cannot form a Rust slice, including values exceeding `isize::MAX`, unless a stronger existing invariant is demonstrably enforced.
- Do not expose safe public APIs that permit callers to violate pointer validity, aliasing, initialization, or lifetime requirements.
- Do not merely move unsafe operations into a newly added “helper” with raw-pointer parameters. New implementation functions must remain genuinely safe and must not introduce unsafe-adjacent constructs.
- Avoid changing large generated-looking modules solely for style. Limit edits to the selected safety target and required callers/tests.

Validation:
- Run the project’s relevant formatting, build, and functionality tests.
- Run:
  `cargo check-unsafe2 --manifest-path {cargo_dir_path}/Cargo.toml`
- This checker reports improperly added unsafe code and newly added unsafe-adjacent code, including integer-to-pointer casts and raw-pointer arguments or fields. Treat new findings as regressions unless they are unavoidable ABI-boundary code already permitted by the project’s structure.
- Review the final diff for accidental ABI changes, symbol duplication, null-handling changes, and unrelated churn.
- If validation cannot run, report the exact command and reason rather than claiming success.

Before finishing, update `SAFETY_PLAN.md` concisely with:
- what was actually changed this iteration;
- what is now complete;
- validation commands and results;
- what remains and the best next candidate area;
- pitfalls, ABI constraints, failed approaches, or dead ends future iterations should avoid.

Keep `SAFETY_PLAN.md` a short working scratchpad, not a report. In the final response, provide only a concise summary of changes, safety reduction achieved, validation results, and remaining caveats.",[0.012113870381586917]
"Continue the iterative Rust safety refactor described in `SAFETY_PLAN.md`.

{target_goal}

{after_refactoring_instruction}

This is a C-to-Rust translation of zlib-compatible code (currently based on zlib 1.3.2.1-motley). Treat C ABI and bit-exact compatibility as hard requirements. A previously evaluated revision passed functionality tests and reduced the unsafe-entity count from 6604 to 6524, but many low-risk opportunities remained, especially pointer-free arithmetic helpers and read-only lookup tables declared as `static mut`. Confirm the current baseline rather than assuming those numbers still apply.

Make one coherent, high-confidence change set. Prefer a compact change with a measurable safety reduction over a broad rewrite. Do not print whole files or large diffs in the final response.

Before editing:
1. Read `SAFETY_PLAN.md`.
2. Inspect `git status`, the current diff, crate manifests, module exports, relevant tests, call sites, foreign declarations, and exported symbols.
3. Run the practical baseline validation commands, including the unsafe checker, and record existing failures.
4. Inventory low-risk unsafe entities in the current tree. Prioritize:
   - unsafe functions whose inputs and implementation are entirely pointer-free;
   - scalar-only ABI wrappers unnecessarily declared `unsafe`;
   - private immutable `static mut` lookup tables;
   - pointer-free checksum, bit-manipulation, bounds, and state-classification logic;
   - empty or trivial unsafe helpers.
5. Choose a related cluster that can be completed and validated in this iteration. Avoid selecting a large pointer-heavy codec loop merely because it contains many unsafe operations.

Refactoring rules:
- Remove `unsafe` from ordinary functions that perform only arithmetic, indexing into safely typed data, or control flow.
- A C ABI function does not need to be declared `unsafe` merely because it is `extern ""C""`. Scalar-only exported wrappers can be safe when calling them cannot violate Rust safety requirements.
- Keep raw-pointer ABI entry points `unsafe` when callers must uphold validity, initialization, aliasing, or lifetime requirements.
- Prefer private or `pub(crate)` safe cores. Do not introduce a new public Rust API unless the crate intentionally exposes one.
- Do not create raw-pointer “helper” functions that merely relocate unsafe code. New implementation helpers must use genuinely safe types such as slices, arrays, references, and scalar values.
- Replace read-only private `static mut` values with `const` or immutable `static` values where legal:
  - use `const` when the type is not `Sync` or no stable address is required;
  - use immutable `static` when stable address identity is required and the type is `Sync`;
  - do not change an exported mutable global, symbol, linkage, or externally observable mutability without proving that it is not part of the ABI;
  - remember that structs containing raw pointers may not be usable as immutable statics because of `Sync`.
- Preserve the exact integer model. This code uses C ABI types such as `c_uint`, `c_ulong`, `c_long`, `off_t`, and `size_t`, whose widths may be platform-dependent. Preserve casts, masks, truncation, wrapping operations, negative-length handling, polynomial arithmetic, and checksum-combination semantics.
- Do not replace explicit wrapping behavior with debug-overflowing arithmetic unless the value range proves equivalence.
- Preserve checksum chunking and reduction behavior where intermediate overflow can affect results. A mathematically equivalent formula is insufficient if it changes machine-width behavior.
- Prefer slices, iterators, indexing, chunks, and standard copy/fill operations only after establishing the necessary bounds and overlap behavior.

Safe-core/thin-FFI-wrapper requirements:
- Keep each exported C symbol’s name, signature, calling convention, layout, linkage, and return type unchanged.
- Existing internal `extern ""C""` declarations may resolve directly to an exported wrapper symbol. Search all callers before renaming or splitting an implementation.
- Never define the same exported symbol twice. If a safe implementation uses the logical API name, give the ABI wrapper a distinct Rust identifier and use `#[export_name = ""...""]`.
- Localize unavoidable pointer checks, raw dereferences, foreign calls, and slice construction at the ABI boundary.
- Add a concise `// SAFETY:` comment to each new or materially changed unsafe block.
- Do not mark a public raw-pointer function safe if malformed pointers could cause undefined behavior.
- Do not treat a null check as proof that a non-null pointer is valid.

Pointer-and-length handling:
- Preserve exact C API behavior for null sentinels, initialization calls, zero-length buffers, output parameters, and invalid arguments.
- Check the original implementation, tests, headers, and canonical zlib behavior before changing the order of null and length checks. Some checksum APIs use a null pointer as an initialization sentinel.
- Never call `slice::from_raw_parts` or `slice::from_raw_parts_mut` with a null pointer, including for length zero.
- If the API accepts null for zero length, handle that branch without constructing a slice, or use an explicit empty slice that is not derived from the null pointer.
- Before constructing a slice, reject lengths exceeding `isize::MAX` or any stricter object-size bound required by the element type, unless a stronger invariant is demonstrably enforced.
- Preserve error/sentinel values on rejected lengths.
- For mutable buffers, establish exclusivity and initialization requirements before constructing `&mut [T]`.
- Preserve overlap semantics: use `copy_within`/`ptr::copy` behavior where the original operation allowed overlap, and `copy_from_slice` only where non-overlap is guaranteed.

ABI and compatibility review:
- Do not alter `#[repr(C)]` structs, unions, callback types, platform-dependent aliases, or field order.
- Do not alter exported lookup-table addresses or constness if C callers can observe or mutate them.
- Check symbol tables where practical with `nm`, `readelf`, or the project’s existing ABI test.
- Review `#[no_mangle]` and `#[export_name]` declarations for accidental symbol duplication.
- Keep internal foreign declarations compatible with the exported definitions even when the Rust identifier changes.
- Avoid unrelated formatting churn in generated-looking modules.

Testing:
- Add focused tests when practical for the changed safe core. For checksum or bit-manipulation work, useful cases include:
  - empty, one-byte, short, chunk-boundary, and multi-chunk inputs;
  - known standard vectors;
  - incremental versus one-shot operation;
  - combination identities and negative-length sentinels;
  - null initialization behavior through the C ABI;
  - maximum-width and wrapping-sensitive scalar inputs.
- Tests should compare behavior, not merely confirm compilation.

Validation:
- Run the project’s relevant formatter, build, unit, integration, and functionality tests.
- Run:
  `cargo check-unsafe2 --manifest-path {cargo_dir_path}/Cargo.toml`
- Compare the unsafe checker’s before/after output and report the measurable reduction. New unsafe blocks, raw-pointer parameters or fields, integer-to-pointer casts, and unsafe-adjacent constructs are regressions unless they are unavoidable existing ABI-boundary requirements.
- If available, verify exported symbols after the change.
- Review the final diff for:
  - ABI or layout changes;
  - duplicate or missing symbols;
  - changed null/zero-length behavior;
  - arithmetic-width or wrapping changes;
  - accidental safe exposure of pointer contracts;
  - unrelated generated-file churn.
- If a command cannot run, state the exact command and the exact reason. Do not claim success based on an unexecuted command.

Before finishing, update `SAFETY_PLAN.md` as a short working scratchpad containing:
- the cluster actually changed;
- the unsafe-entity count or other concrete safety reduction;
- what is now complete;
- validation commands and results, including pre-existing failures;
- ABI and behavioral constraints discovered;
- failed approaches or dead ends future iterations should avoid;
- the best next general candidate category, without prescribing specific files or function names.

Final response:
- Provide only a concise summary of the changes, quantified safety reduction, validation results, and remaining caveats.
- Do not include complete files, large code blocks, or a long inventory of untouched unsafe entities.",[0.01635372501514234]
"Continue the iterative Rust safety refactor described in `SAFETY_PLAN.md`.

{target_goal}

{after_refactoring_instruction}

This is a C-to-Rust translation of zlib-compatible code (currently based on zlib 1.3.2.1-motley). Treat C ABI and bit-exact compatibility as hard requirements. A previously evaluated revision passed functionality tests and reduced the unsafe-entity count from 6604 to 6524, but many low-risk opportunities remained, especially pointer-free arithmetic helpers and read-only lookup tables declared as `static mut`. Confirm the current baseline rather than assuming those numbers still apply.

Make one coherent, high-confidence change set. Prefer a compact change with a measurable safety reduction over a broad rewrite. Do not print whole files or large diffs in the final response.

Before editing:
1. Read `SAFETY_PLAN.md`.
2. Inspect `git status`, the current diff, crate manifests, module exports, relevant tests, call sites, foreign declarations, and exported symbols.
3. Run the practical baseline validation commands, including the unsafe checker, and record existing failures.
4. Inventory low-risk unsafe entities in the current tree. Prioritize:
   - unsafe functions whose inputs and implementation are entirely pointer-free;
   - scalar-only ABI wrappers unnecessarily declared `unsafe`;
   - private immutable `static mut` lookup tables;
   - pointer-free checksum, bit-manipulation, bounds, and state-classification logic;
   - empty or trivial unsafe helpers.
5. Choose a related cluster that can be completed and validated in this iteration. Avoid selecting a large pointer-heavy codec loop merely because it contains many unsafe operations.

Refactoring rules:
- Remove `unsafe` from ordinary functions that perform only arithmetic, indexing into safely typed data, or control flow.
- A C ABI function does not need to be declared `unsafe` merely because it is `extern ""C""`. Scalar-only exported wrappers can be safe when calling them cannot violate Rust safety requirements.
- Keep raw-pointer ABI entry points `unsafe` when callers must uphold validity, initialization, aliasing, or lifetime requirements.
- Prefer private or `pub(crate)` safe cores. Do not introduce a new public Rust API unless the crate intentionally exposes one.
- Do not create raw-pointer “helper” functions that merely relocate unsafe code. New implementation helpers must use genuinely safe types such as slices, arrays, references, and scalar values.
- Replace read-only private `static mut` values with `const` or immutable `static` values where legal:
  - use `const` when the type is not `Sync` or no stable address is required;
  - use immutable `static` when stable address identity is required and the type is `Sync`;
  - do not change an exported mutable global, symbol, linkage, or externally observable mutability without proving that it is not part of the ABI;
  - remember that structs containing raw pointers may not be usable as immutable statics because of `Sync`.
- Preserve the exact integer model. This code uses C ABI types such as `c_uint`, `c_ulong`, `c_long`, `off_t`, and `size_t`, whose widths may be platform-dependent. Preserve casts, masks, truncation, wrapping operations, negative-length handling, polynomial arithmetic, and checksum-combination semantics.
- Do not replace explicit wrapping behavior with debug-overflowing arithmetic unless the value range proves equivalence.
- Preserve checksum chunking and reduction behavior where intermediate overflow can affect results. A mathematically equivalent formula is insufficient if it changes machine-width behavior.
- Prefer slices, iterators, indexing, chunks, and standard copy/fill operations only after establishing the necessary bounds and overlap behavior.

Safe-core/thin-FFI-wrapper requirements:
- Keep each exported C symbol’s name, signature, calling convention, layout, linkage, and return type unchanged.
- Existing internal `extern ""C""` declarations may resolve directly to an exported wrapper symbol. Search all callers before renaming or splitting an implementation.
- Never define the same exported symbol twice. If a safe implementation uses the logical API name, give the ABI wrapper a distinct Rust identifier and use `#[export_name = ""...""]`.
- Localize unavoidable pointer checks, raw dereferences, foreign calls, and slice construction at the ABI boundary.
- Add a concise `// SAFETY:` comment to each new or materially changed unsafe block.
- Do not mark a public raw-pointer function safe if malformed pointers could cause undefined behavior.
- Do not treat a null check as proof that a non-null pointer is valid.

Pointer-and-length handling:
- Preserve exact C API behavior for null sentinels, initialization calls, zero-length buffers, output parameters, and invalid arguments.
- Check the original implementation, tests, headers, and canonical zlib behavior before changing the order of null and length checks. Some checksum APIs use a null pointer as an initialization sentinel.
- Never call `slice::from_raw_parts` or `slice::from_raw_parts_mut` with a null pointer, including for length zero.
- If the API accepts null for zero length, handle that branch without constructing a slice, or use an explicit empty slice that is not derived from the null pointer.
- Before constructing a slice, reject lengths exceeding `isize::MAX` or any stricter object-size bound required by the element type, unless a stronger invariant is demonstrably enforced.
- Preserve error/sentinel values on rejected lengths.
- For mutable buffers, establish exclusivity and initialization requirements before constructing `&mut [T]`.
- Preserve overlap semantics: use `copy_within`/`ptr::copy` behavior where the original operation allowed overlap, and `copy_from_slice` only where non-overlap is guaranteed.

ABI and compatibility review:
- Do not alter `#[repr(C)]` structs, unions, callback types, platform-dependent aliases, or field order.
- Do not alter exported lookup-table addresses or constness if C callers can observe or mutate them.
- Check symbol tables where practical with `nm`, `readelf`, or the project’s existing ABI test.
- Review `#[no_mangle]` and `#[export_name]` declarations for accidental symbol duplication.
- Keep internal foreign declarations compatible with the exported definitions even when the Rust identifier changes.
- Avoid unrelated formatting churn in generated-looking modules.

Testing:
- Add focused tests when practical for the changed safe core. For checksum or bit-manipulation work, useful cases include:
  - empty, one-byte, short, chunk-boundary, and multi-chunk inputs;
  - known standard vectors;
  - incremental versus one-shot operation;
  - combination identities and negative-length sentinels;
  - null initialization behavior through the C ABI;
  - maximum-width and wrapping-sensitive scalar inputs.
- Tests should compare behavior, not merely confirm compilation.

Validation:
- Run the project’s relevant formatter, build, unit, integration, and functionality tests.
- Run:
  `cargo check-unsafe2 --manifest-path {cargo_dir_path}/Cargo.toml`
- Compare the unsafe checker’s before/after output and report the measurable reduction. New unsafe blocks, raw-pointer parameters or fields, integer-to-pointer casts, and unsafe-adjacent constructs are regressions unless they are unavoidable existing ABI-boundary requirements.
- If available, verify exported symbols after the change.
- Review the final diff for:
  - ABI or layout changes;
  - duplicate or missing symbols;
  - changed null/zero-length behavior;
  - arithmetic-width or wrapping changes;
  - accidental safe exposure of pointer contracts;
  - unrelated generated-file churn.
- If a command cannot run, state the exact command and the exact reason. Do not claim success based on an unexecuted command.

Before finishing, update `SAFETY_PLAN.md` as a short working scratchpad containing:
- the cluster actually changed;
- the unsafe-entity count or other concrete safety reduction;
- what is now complete;
- validation commands and results, including pre-existing failures;
- ABI and behavioral constraints discovered;
- failed approaches or dead ends future iterations should avoid;
- the best next general candidate category, without prescribing specific files or function names.

Final response:
- Provide only a concise summary of the changes, quantified safety reduction, validation results, and remaining caveats.
- Do not include complete files, large code blocks, or a long inventory of untouched unsafe entities.",[0.015596608116293155]
"Continue the iterative Rust safety refactor described in `SAFETY_PLAN.md`.

{target_goal}

{after_refactoring_instruction}

Work efficiently: make one coherent, high-confidence change set this iteration rather than attempting a broad rewrite. Do not print entire files in your final response.

Before editing:
1. Read `SAFETY_PLAN.md`.
2. Inspect the current working tree and relevant call sites, exports, tests, and ABI declarations.
3. Establish the current validation baseline where practical, so pre-existing failures are not mistaken for regressions.

Refactoring priorities:
- Prefer easy, high-value reductions first:
  - Remove `unsafe` from functions that only perform safe arithmetic or control flow.
  - Replace immutable `static mut` lookup tables with `const` or immutable `static` values.
  - Move pointer-free logic into ordinary safe Rust functions.
  - Replace pointer traversal with slices, iterators, indexing, chunks, and standard safe operations when bounds are known.
- Use a safe-core/thin-FFI-wrapper pattern:
  - The implementation should accept safe types such as slices and references.
  - Preserve a small `unsafe extern ""C""` wrapper only where the public C ABI requires raw pointers.
  - Keep pointer validation, slice construction, and other unavoidable unsafe operations localized in that wrapper.
  - Add a brief `// SAFETY:` explanation for each unavoidable unsafe block.
- Preserve exported symbol names, signatures, calling convention, C layout, and linkage. Existing internal `extern ""C""` declarations may resolve directly to exported wrapper symbols, so check all callers before renaming or splitting functions.
- Do not duplicate an exported symbol. If a safe implementation retains the logical API name, give the ABI wrapper a distinct Rust identifier and use `#[export_name = ""...""]` as needed.
- Preserve exact observable behavior, including:
  - null-pointer sentinel or initialization behavior;
  - whether null is accepted for a zero-length buffer;
  - output/error values on invalid arguments;
  - integer width, truncation, wrapping, overflow, and checksum semantics;
  - state transitions and buffer accounting.
- Never call `slice::from_raw_parts` or `from_raw_parts_mut` with a null pointer, even for length zero. Handle null and zero-length cases explicitly according to the original C API contract.
- Before creating a slice from a pointer and length, reject lengths that cannot form a Rust slice, including values exceeding `isize::MAX`, unless a stronger existing invariant is demonstrably enforced.
- Do not expose safe public APIs that permit callers to violate pointer validity, aliasing, initialization, or lifetime requirements.
- Do not merely move unsafe operations into a newly added “helper” with raw-pointer parameters. New implementation functions must remain genuinely safe and must not introduce unsafe-adjacent constructs.
- Avoid changing large generated-looking modules solely for style. Limit edits to the selected safety target and required callers/tests.

Validation:
- Run the project’s relevant formatting, build, and functionality tests.
- Run:
  `cargo check-unsafe2 --manifest-path {cargo_dir_path}/Cargo.toml`
- This checker reports improperly added unsafe code and newly added unsafe-adjacent code, including integer-to-pointer casts and raw-pointer arguments or fields. Treat new findings as regressions unless they are unavoidable ABI-boundary code already permitted by the project’s structure.
- Review the final diff for accidental ABI changes, symbol duplication, null-handling changes, and unrelated churn.
- If validation cannot run, report the exact command and reason rather than claiming success.

Before finishing, update `SAFETY_PLAN.md` concisely with:
- what was actually changed this iteration;
- what is now complete;
- validation commands and results;
- what remains and the best next candidate area;
- pitfalls, ABI constraints, failed approaches, or dead ends future iterations should avoid.

Keep `SAFETY_PLAN.md` a short working scratchpad, not a report. In the final response, provide only a concise summary of changes, safety reduction achieved, validation results, and remaining caveats.",[0.02771047849788007]
"Continue the iterative Rust safety refactor documented in `SAFETY_PLAN.md`.

Primary goal: maximize the reduction in genuinely unsafe Rust while preserving exact functionality and the existing C ABI. Make one coherent, high-confidence change set this iteration; do not attempt a repository-wide rewrite.

The last reported measurement reduced unsafe entities from 6604 to 6421 while functionality tests still passed. Treat that only as historical context: establish the current baseline from the working tree and do not assume the count or file state is unchanged.

Before editing:
1. Read `SAFETY_PLAN.md`.
2. Inspect `git status`, the current diff, crate manifests, exports, internal `extern ""C""` declarations, call sites, tests, and relevant C ABI declarations.
3. Run the practical validation baseline before making changes. Record pre-existing failures so they are not attributed to this iteration.
4. Use the unsafe checker output and source search to identify a compact candidate with a high safety-reduction-to-risk ratio.

Candidate selection priorities, in order:
- Remove `unsafe` from pointer-free arithmetic, bit manipulation, table lookup, and control-flow functions.
- Make scalar-only ABI functions ordinary safe `extern ""C""` functions when invoking them has no Rust safety preconditions.
- Replace immutable, pointer-free `static mut` lookup data with `const` or immutable `static` data. This is often a large reduction because every read of `static mut` is unsafe.
- Move a self-contained pointer traversal into a safe implementation using slices, indexing, iterators, `chunks_exact`, `split_at`, and standard copy operations.
- Avoid complex allocator, shared-state, compression/decompression state-machine, callback, or ownership rewrites unless the plan identifies one as the next well-bounded target.

When converting static data:
- Confirm it is never written through any Rust or C path.
- Preserve any exported data symbol, linkage, size, alignment, and ABI-required writability. Do not move an externally writable symbol into read-only memory merely because Rust code does not mutate it.
- Prefer internal immutable tables without raw-pointer fields. Immutable statics containing raw pointers may require `Sync` and are not automatically safe conversions.
- Do not reformat or regenerate large table bodies merely for style.

Use a safe-core/thin-FFI-boundary design:
- New implementation functions must accept genuinely safe types such as slices, references, or scalar values.
- Do not create a “safe” helper that still accepts raw pointers or relies on undocumented pointer invariants.
- Keep the public C signature, calling convention, symbol name, layout, and linkage unchanged.
- If a safe Rust implementation uses the logical API name, give the ABI wrapper a distinct Rust identifier and export the original symbol with `#[export_name = ""...""]`.
- Search all callers first: internal `extern ""C""` declarations may link directly to the exported wrapper even when the Rust identifiers differ.
- Never create two definitions of the same exported symbol.
- Do not expose a safe public Rust function that lets callers violate pointer validity, aliasing, initialization, or lifetime requirements.

For raw pointer and length wrappers:
- Preserve the original API’s exact order of validation and sentinel handling.
- Handle null explicitly before constructing any reference or slice.
- Never call `slice::from_raw_parts` or `slice::from_raw_parts_mut` with a null pointer, including when the length is zero.
- If null plus zero length means an empty buffer, call the safe core with an empty slice directly. If null is a checksum initializer, sentinel, or error regardless of length, preserve that behavior instead.
- Reject lengths that cannot form a Rust slice, including lengths greater than `isize::MAX`, unless a stronger invariant is demonstrably enforced before the wrapper.
- Preserve the original return value and output-parameter updates for invalid arguments.
- Put each unavoidable operation in the smallest possible `unsafe` block and add a concise `// SAFETY:` explanation describing the caller contract and checks that justify it.
- Do not attempt to validate arbitrary pointer accessibility in Rust; retain the documented C caller obligation.
- Do not add integer-to-pointer casts or other unsafe-adjacent constructs to avoid a localized slice conversion.

Preserve observable behavior exactly:
- Null sentinel and initialization behavior.
- Whether null is accepted for zero-length buffers.
- Error codes and which output parameters are modified on each failure path.
- Integer widths inherited from C types, including platform-dependent `c_ulong`.
- Wrapping, truncation, overflow, modulo, checksum, and bit-shift semantics.
- Algorithm reduction cadence and block boundaries where they bound intermediate values.
- State transitions, buffer accounting, offsets, and callback behavior.
- Existing Rust callers where practical, in addition to the C ABI.

Add or update focused tests for the selected target. Include relevant boundary cases such as:
- empty input;
- one-byte and block-boundary inputs;
- null sentinel cases that can be tested without dereferencing invalid memory;
- maximum or overflowing scalar values;
- known checksum or algorithm vectors;
- equivalence between safe-core calls and exported-wrapper calls.

Validation:
- Run formatting without introducing unrelated churn.
- Run the project’s relevant build and functionality tests.
- Run:
  `cargo check-unsafe2 --manifest-path {cargo_dir_path}/Cargo.toml`
- Compare checker results to the baseline. New unsafe code, raw-pointer helpers, integer-to-pointer casts, or unsafe-adjacent entities are regressions unless they are unavoidable ABI-boundary operations.
- If practical, inspect exported symbols with the project’s existing ABI test or a symbol tool to confirm that symbols were neither lost nor duplicated.
- Review the final diff for accidental signature, calling-convention, linkage, layout, null-handling, arithmetic, or state-machine changes.
- If any command cannot run, report its exact command and exact failure reason. Do not claim it passed.

Before finishing, update `SAFETY_PLAN.md` as a short working scratchpad containing:
- the coherent target selected and what actually changed;
- the measured safety reduction;
- validation commands and results, including known pre-existing failures;
- ABI or behavioral constraints discovered;
- remaining work and the best general next-candidate category;
- failed approaches or pitfalls future iterations should avoid.

Output discipline:
- Do not print complete source files, large tables, full diffs, or exhaustive unsafe-entity lists.
- In the final response, provide only:
  - a concise summary of the change;
  - the safety reduction achieved;
  - validation results;
  - any remaining caveat or unrun command.",[0.0]
"Continue the iterative Rust safety refactor described in `SAFETY_PLAN.md`.

{target_goal}

{after_refactoring_instruction}

Work efficiently: make one coherent, high-confidence change set this iteration rather than attempting a broad rewrite. Do not print entire files in your final response.

Before editing:
1. Read `SAFETY_PLAN.md`.
2. Inspect the current working tree and relevant call sites, exports, tests, and ABI declarations.
3. Establish the current validation baseline where practical, so pre-existing failures are not mistaken for regressions.

Refactoring priorities:
- Prefer easy, high-value reductions first:
  - Remove `unsafe` from functions that only perform safe arithmetic or control flow.
  - Replace immutable `static mut` lookup tables with `const` or immutable `static` values.
  - Move pointer-free logic into ordinary safe Rust functions.
  - Replace pointer traversal with slices, iterators, indexing, chunks, and standard safe operations when bounds are known.
- Use a safe-core/thin-FFI-wrapper pattern:
  - The implementation should accept safe types such as slices and references.
  - Preserve a small `unsafe extern ""C""` wrapper only where the public C ABI requires raw pointers.
  - Keep pointer validation, slice construction, and other unavoidable unsafe operations localized in that wrapper.
  - Add a brief `// SAFETY:` explanation for each unavoidable unsafe block.
- Preserve exported symbol names, signatures, calling convention, C layout, and linkage. Existing internal `extern ""C""` declarations may resolve directly to exported wrapper symbols, so check all callers before renaming or splitting functions.
- Do not duplicate an exported symbol. If a safe implementation retains the logical API name, give the ABI wrapper a distinct Rust identifier and use `#[export_name = ""...""]` as needed.
- Preserve exact observable behavior, including:
  - null-pointer sentinel or initialization behavior;
  - whether null is accepted for a zero-length buffer;
  - output/error values on invalid arguments;
  - integer width, truncation, wrapping, overflow, and checksum semantics;
  - state transitions and buffer accounting.
- Never call `slice::from_raw_parts` or `from_raw_parts_mut` with a null pointer, even for length zero. Handle null and zero-length cases explicitly according to the original C API contract.
- Before creating a slice from a pointer and length, reject lengths that cannot form a Rust slice, including values exceeding `isize::MAX`, unless a stronger existing invariant is demonstrably enforced.
- Do not expose safe public APIs that permit callers to violate pointer validity, aliasing, initialization, or lifetime requirements.
- Do not merely move unsafe operations into a newly added “helper” with raw-pointer parameters. New implementation functions must remain genuinely safe and must not introduce unsafe-adjacent constructs.
- Avoid changing large generated-looking modules solely for style. Limit edits to the selected safety target and required callers/tests.

Validation:
- Run the project’s relevant formatting, build, and functionality tests.
- Run:
  `cargo check-unsafe2 --manifest-path {cargo_dir_path}/Cargo.toml`
- This checker reports improperly added unsafe code and newly added unsafe-adjacent code, including integer-to-pointer casts and raw-pointer arguments or fields. Treat new findings as regressions unless they are unavoidable ABI-boundary code already permitted by the project’s structure.
- Review the final diff for accidental ABI changes, symbol duplication, null-handling changes, and unrelated churn.
- If validation cannot run, report the exact command and reason rather than claiming success.

Before finishing, update `SAFETY_PLAN.md` concisely with:
- what was actually changed this iteration;
- what is now complete;
- validation commands and results;
- what remains and the best next candidate area;
- pitfalls, ABI constraints, failed approaches, or dead ends future iterations should avoid.

Keep `SAFETY_PLAN.md` a short working scratchpad, not a report. In the final response, provide only a concise summary of changes, safety reduction achieved, validation results, and remaining caveats.",[0.01635372501514234]
"Continue the iterative Rust safety refactor documented in `SAFETY_PLAN.md`.

{target_goal}

{after_refactoring_instruction}

This is a C-to-Rust-translated compression library with a public zlib-compatible C ABI. Much of the code is generated-looking and contains raw-pointer state machines, platform C integer aliases, lookup tables, unions, function-pointer tables, and internal `extern ""C""` declarations that may link directly to exported Rust symbols. Preserve compatibility and make one coherent, high-confidence change set rather than attempting a broad rewrite.

Before editing:
1. Read `SAFETY_PLAN.md`.
2. Inspect the working tree, manifest/build scripts, exports, ABI declarations, relevant callers, and tests.
3. Establish a practical baseline by running the relevant tests and `cargo check-unsafe2` before the change. Record pre-existing failures and, when available, the baseline unsafe-entity count.
4. Identify one compact target with a favorable ratio of unsafe reduction to behavioral risk.

Selection priorities, in order:
- Remove `unsafe` from private or exported functions that use only scalar arithmetic, bit operations, table indexing, or ordinary control flow.
- Convert immutable `static mut` data to `const` or immutable `static` data.
- Replace unsafe constant construction, such as byte-array transmutes, with safe constant expressions while preserving `c_char` signedness and exact bytes.
- Move pointer-free algorithms into ordinary safe Rust functions.
- Convert bounded pointer traversal to slices and safe indexing only when the required allocation, lifetime, initialization, and aliasing invariants are clearly established.
- Defer large pointer-heavy compressor/decompressor state machines unless a small, isolated region has especially clear invariants.

Optimize for meaningful checker reduction. The checker counts unsafe functions, unsafe blocks, mutable statics, raw-pointer APIs/fields, and unsafe-adjacent operations. Do not reduce the count merely by hiding operations in a new raw-pointer helper, and do not add a second unsafe ABI wrapper when the existing symbol can safely retain its Rust identifier.

ABI and linkage requirements:
- Preserve exported symbol names, signatures, calling conventions, C layouts, element types and lengths, visibility, and linkage.
- Check internal `extern ""C""` declarations before renaming or splitting anything; they may resolve directly to an exported wrapper symbol.
- Never create duplicate exported symbols.
- If a pointer-free exported function has no caller safety obligations, it may remain the same `extern ""C""` function and become safe; a redundant unsafe wrapper is not required.
- When a raw-pointer ABI genuinely requires caller invariants, use a safe-core/thin-FFI-wrapper design. Give the wrapper a distinct Rust identifier with `#[export_name = ""...""]` only when needed to preserve the symbol.
- Do not expose a safe public raw-pointer API whose callers could violate validity, alignment, initialization, aliasing, or lifetime requirements.
- Treat exported globals cautiously. Convert a global to immutable only when it is contractually read-only; preserve writable globals if C consumers may modify them. For exported lookup tables, retain their exact symbol and storage shape.
- Immutable statics containing raw pointers may be rejected because the type is not `Sync`; do not work around that with unjustified unsafe impls. Prefer a `const` or leave such a target for a later structural refactor.

Behavioral requirements:
- Preserve null-pointer sentinel and initialization behavior, including whether null is accepted when length is zero.
- Preserve error values and output updates on invalid arguments.
- Preserve platform-dependent widths of C aliases such as `c_ulong`, `size_t`, and offset types.
- Preserve wrapping, truncation, shifts, modulo operations, checksum combination semantics, state transitions, and buffer accounting exactly.
- Do not “simplify” suspicious generated expressions solely because they appear redundant or tautological; they may encode a C width-conversion check.
- Keep checksum/table behavior byte-for-byte compatible and do not replace an optimized algorithm with a different implementation without equivalence tests.
- Never call `slice::from_raw_parts` or `slice::from_raw_parts_mut` with a null pointer, even for length zero.
- Before constructing a slice, reject lengths greater than `isize::MAX` unless a stronger existing invariant is proven.
- A raw pointer being non-null is not sufficient evidence that a slice may safely be constructed.
- In every unavoidable unsafe block, add a brief `// SAFETY:` comment describing the concrete invariant. Keep unsafe operations localized even inside `unsafe fn`.

Implementation discipline:
- Avoid mass formatting or stylistic cleanup in generated-looking modules.
- Do not add raw-pointer parameters or fields to new implementation helpers.
- Prefer safe slices, references, iterators, `chunks_exact`, array indexing, and standard byte conversions in genuinely safe implementation code.
- Add focused tests for the selected behavior, especially edge values, negative lengths where applicable, integer-width boundaries, empty input, null sentinels, and known checksum or table results.
- Review the diff specifically for accidental symbol duplication, changed mutability of ABI globals, changed null handling, arithmetic-width changes, and unrelated churn.

Validation:
- Run the project’s relevant formatter, build/check command, and functionality tests.
- Run:
  `cargo check-unsafe2 --manifest-path {cargo_dir_path}/Cargo.toml`
- Compare its result with the baseline. Treat newly introduced unsafe or unsafe-adjacent findings as regressions unless they are unavoidable, already-established ABI-boundary code.
- Where practical, inspect the built artifact’s exported symbols before and after the change using the project’s existing ABI check or a symbol tool.
- If a command cannot run, report the exact command, exit condition, and reason; do not claim success.

Before finishing, update `SAFETY_PLAN.md` as a short working scratchpad containing:
- the exact area changed;
- the unsafe entities or mutable statics removed;
- baseline and final validation results;
- ABI or behavior constraints discovered;
- failed approaches or unsafe assumptions future iterations should avoid;
- the best next general candidate category, without prescribing specific files or functions.

In the final response, do not print whole files. Provide only:
- a concise summary of the change;
- the measured safety reduction;
- validation commands and results;
- remaining caveats or blocked validation.",[0.015596608116293155]
"Continue the iterative Rust safety refactor described in `SAFETY_PLAN.md`.

{target_goal}

{after_refactoring_instruction}

Work efficiently: make one coherent, high-confidence change set this iteration rather than attempting a broad rewrite. Do not print entire files in your final response.

Before editing:
1. Read `SAFETY_PLAN.md`.
2. Inspect the current working tree and relevant call sites, exports, tests, and ABI declarations.
3. Establish the current validation baseline where practical, so pre-existing failures are not mistaken for regressions.

Refactoring priorities:
- Prefer easy, high-value reductions first:
  - Remove `unsafe` from functions that only perform safe arithmetic or control flow.
  - Replace immutable `static mut` lookup tables with `const` or immutable `static` values.
  - Move pointer-free logic into ordinary safe Rust functions.
  - Replace pointer traversal with slices, iterators, indexing, chunks, and standard safe operations when bounds are known.
- Use a safe-core/thin-FFI-wrapper pattern:
  - The implementation should accept safe types such as slices and references.
  - Preserve a small `unsafe extern ""C""` wrapper only where the public C ABI requires raw pointers.
  - Keep pointer validation, slice construction, and other unavoidable unsafe operations localized in that wrapper.
  - Add a brief `// SAFETY:` explanation for each unavoidable unsafe block.
- Preserve exported symbol names, signatures, calling convention, C layout, and linkage. Existing internal `extern ""C""` declarations may resolve directly to exported wrapper symbols, so check all callers before renaming or splitting functions.
- Do not duplicate an exported symbol. If a safe implementation retains the logical API name, give the ABI wrapper a distinct Rust identifier and use `#[export_name = ""...""]` as needed.
- Preserve exact observable behavior, including:
  - null-pointer sentinel or initialization behavior;
  - whether null is accepted for a zero-length buffer;
  - output/error values on invalid arguments;
  - integer width, truncation, wrapping, overflow, and checksum semantics;
  - state transitions and buffer accounting.
- Never call `slice::from_raw_parts` or `from_raw_parts_mut` with a null pointer, even for length zero. Handle null and zero-length cases explicitly according to the original C API contract.
- Before creating a slice from a pointer and length, reject lengths that cannot form a Rust slice, including values exceeding `isize::MAX`, unless a stronger existing invariant is demonstrably enforced.
- Do not expose safe public APIs that permit callers to violate pointer validity, aliasing, initialization, or lifetime requirements.
- Do not merely move unsafe operations into a newly added “helper” with raw-pointer parameters. New implementation functions must remain genuinely safe and must not introduce unsafe-adjacent constructs.
- Avoid changing large generated-looking modules solely for style. Limit edits to the selected safety target and required callers/tests.

Validation:
- Run the project’s relevant formatting, build, and functionality tests.
- Run:
  `cargo check-unsafe2 --manifest-path {cargo_dir_path}/Cargo.toml`
- This checker reports improperly added unsafe code and newly added unsafe-adjacent code, including integer-to-pointer casts and raw-pointer arguments or fields. Treat new findings as regressions unless they are unavoidable ABI-boundary code already permitted by the project’s structure.
- Review the final diff for accidental ABI changes, symbol duplication, null-handling changes, and unrelated churn.
- If validation cannot run, report the exact command and reason rather than claiming success.

Before finishing, update `SAFETY_PLAN.md` concisely with:
- what was actually changed this iteration;
- what is now complete;
- validation commands and results;
- what remains and the best next candidate area;
- pitfalls, ABI constraints, failed approaches, or dead ends future iterations should avoid.

Keep `SAFETY_PLAN.md` a short working scratchpad, not a report. In the final response, provide only a concise summary of changes, safety reduction achieved, validation results, and remaining caveats.",[0.012113870381586917]
"Continue the iterative Rust safety refactor documented in `SAFETY_PLAN.md`.

{target_goal}

{after_refactoring_instruction}

Make one coherent, high-confidence change set. Prefer a concentrated batch of low-risk declarative and pointer-free safety reductions over a broad algorithm rewrite. Do not print entire files or large generated tables in the final response.

Before editing:
1. Read `SAFETY_PLAN.md`.
2. Inspect the working tree, crate manifest, exports, internal `extern ""C""` declarations, tests, and all call sites for the selected area.
3. Run a practical baseline of formatting/build/functionality checks and:
   `cargo check-unsafe2 --manifest-path {cargo_dir_path}/Cargo.toml`
4. Record the baseline result. At the last known checkpoint, functionality tests passed and the checker reported 6524 unsafe entities, down from 6604; treat those numbers only as historical context and remeasure the current tree.

Selection priorities:
- First harvest genuinely easy, high-value reductions in one related subsystem:
  - Convert read-only `static mut` lookup tables and local immutable tables to `const` or immutable `static`.
  - Remove `unsafe` from arithmetic-only, bit-manipulation, dispatch, and control-flow functions.
  - Make scalar-only ABI functions and wrappers safe when they neither accept validity-sensitive raw pointers nor perform unsafe operations.
  - Replace pointer-free translated loops with ordinary safe Rust where behavior is straightforward.
- Large generated-looking lookup tables are good targets only when the data is demonstrably immutable. Change declarations and necessary references without reformatting or rewriting table contents.
- Do not spend this iteration partially rewriting a complex compression/decompression state machine unless the plan identifies a small, independently verifiable safe core.

Immutable-data constraints:
- Verify whether a table is exported, address-taken, or referenced by another module’s `extern` declaration before changing it.
- Preserve symbol name, linkage, element type, length, addressability, and initialized bytes for ABI-visible tables.
- Prefer immutable `static` where stable address identity is required.
- Use `const` only where duplicating/inlining the value cannot affect address identity or linkage.
- Be aware that immutable statics require their type to be `Sync`; pointer-bearing descriptors may therefore need a different design and should not be changed mechanically.
- Do not change ABI-visible writable storage to read-only storage unless immutability is part of the established C contract and external mutation is not supported.

Safe-core/thin-FFI-wrapper rules:
- A new implementation function must use genuinely safe types such as slices, references, or scalar values.
- Keep raw-pointer validation, slice construction, and unavoidable pointer operations in the ABI wrapper.
- Raw-pointer ABI wrappers must remain `unsafe extern ""C""` when callers must uphold validity, initialization, aliasing, or lifetime requirements.
- An ABI wrapper with only scalar arguments need not be unsafe merely because it is `extern ""C""`.
- Add a short `// SAFETY:` comment for every unavoidable unsafe block.
- Do not create a “safe” helper that still accepts raw pointers or relies on undocumented pointer invariants.
- Do not expose a safe public API through which callers can violate pointer validity, aliasing, initialization, or lifetime requirements.

ABI and symbol preservation:
- Preserve exported C symbol names, signatures, calling convention, C layout, and linkage.
- Existing internal `extern ""C""` declarations may link directly to exported wrapper symbols, even when no Rust path-level call exists.
- Never define the same exported symbol twice.
- If a safe Rust implementation uses the logical API name, give the ABI wrapper a distinct Rust identifier and use `#[export_name = ""...""]`.
- Do not remove or rename an existing wrapper until symbol and call-site inspection proves that doing so is safe.
- Avoid unrelated changes to duplicated translated type declarations or generated modules.

Behavior preservation:
- Preserve exact C-compatible behavior, including null sentinels, zero-length handling, output values on invalid arguments, state transitions, buffer accounting, and integer conversion behavior.
- In this codebase, checksum APIs have algorithm-specific null sentinel behavior; do not normalize different checksum families to one policy.
- Preserve C integer widths and explicit wrapping/truncation semantics. Do not replace translated wrapping arithmetic with ordinary arithmetic unless overflow is impossible and demonstrated.
- Checksum refactors must preserve modulo timing and incremental semantics, not merely the final mathematical formula. Adler-style implementations use bounded reduction blocks (notably the 5552-byte reduction boundary) to control accumulator behavior.
- Exercise relevant boundaries such as empty input, one byte, loop/chunk thresholds, reduction boundaries, and incremental/combine behavior.

Slice construction requirements:
- Never call `slice::from_raw_parts` or `from_raw_parts_mut` with a null pointer, including when length is zero.
- Handle null and zero length explicitly according to the original API contract.
- Before constructing a slice, reject lengths greater than `isize::MAX` unless a stronger invariant is clearly established.
- Do not claim that checking non-null and length proves the allocation is readable or writable; document that the C caller must uphold the remaining region-validity contract.

Validation:
- Run the project’s relevant formatter, build checks, functionality tests, and focused tests for the changed behavior.
- Run:
  `cargo check-unsafe2 --manifest-path {cargo_dir_path}/Cargo.toml`
- Compare checker results before and after. Its findings include unsafe functions/statics/operations and unsafe-adjacent constructs such as raw-pointer parameters or fields and integer-to-pointer casts. Treat new findings as regressions unless they are unavoidable existing ABI-boundary structure.
- If practical, inspect produced symbols to detect missing or duplicate exports.
- Review the final diff for accidental table-content edits, generated-file churn, ABI changes, symbol duplication, changed null behavior, and lost wrapping semantics.
- If a command cannot run, report the exact command and reason; do not imply success.

Before finishing, update `SAFETY_PLAN.md` as a short working scratchpad with:
- the selected area and what actually changed;
- what is now complete;
- baseline and final unsafe-checker counts;
- validation commands and results;
- remaining caveats and the best next general candidate;
- ABI constraints, failed approaches, or dead ends future iterations should avoid.

In the final response, provide only:
- a concise summary of the change;
- the measured safety reduction;
- validation results;
- any remaining caveat or unrun command.",[0.015596608116293155]
"Continue the iterative Rust safety refactor documented in `SAFETY_PLAN.md`.

{target_goal}

{after_refactoring_instruction}

Make one coherent, high-confidence change set. Prefer a concentrated batch of low-risk declarative and pointer-free safety reductions over a broad algorithm rewrite. Do not print entire files or large generated tables in the final response.

Before editing:
1. Read `SAFETY_PLAN.md`.
2. Inspect the working tree, crate manifest, exports, internal `extern ""C""` declarations, tests, and all call sites for the selected area.
3. Run a practical baseline of formatting/build/functionality checks and:
   `cargo check-unsafe2 --manifest-path {cargo_dir_path}/Cargo.toml`
4. Record the baseline result. At the last known checkpoint, functionality tests passed and the checker reported 6524 unsafe entities, down from 6604; treat those numbers only as historical context and remeasure the current tree.

Selection priorities:
- First harvest genuinely easy, high-value reductions in one related subsystem:
  - Convert read-only `static mut` lookup tables and local immutable tables to `const` or immutable `static`.
  - Remove `unsafe` from arithmetic-only, bit-manipulation, dispatch, and control-flow functions.
  - Make scalar-only ABI functions and wrappers safe when they neither accept validity-sensitive raw pointers nor perform unsafe operations.
  - Replace pointer-free translated loops with ordinary safe Rust where behavior is straightforward.
- Large generated-looking lookup tables are good targets only when the data is demonstrably immutable. Change declarations and necessary references without reformatting or rewriting table contents.
- Do not spend this iteration partially rewriting a complex compression/decompression state machine unless the plan identifies a small, independently verifiable safe core.

Immutable-data constraints:
- Verify whether a table is exported, address-taken, or referenced by another module’s `extern` declaration before changing it.
- Preserve symbol name, linkage, element type, length, addressability, and initialized bytes for ABI-visible tables.
- Prefer immutable `static` where stable address identity is required.
- Use `const` only where duplicating/inlining the value cannot affect address identity or linkage.
- Be aware that immutable statics require their type to be `Sync`; pointer-bearing descriptors may therefore need a different design and should not be changed mechanically.
- Do not change ABI-visible writable storage to read-only storage unless immutability is part of the established C contract and external mutation is not supported.

Safe-core/thin-FFI-wrapper rules:
- A new implementation function must use genuinely safe types such as slices, references, or scalar values.
- Keep raw-pointer validation, slice construction, and unavoidable pointer operations in the ABI wrapper.
- Raw-pointer ABI wrappers must remain `unsafe extern ""C""` when callers must uphold validity, initialization, aliasing, or lifetime requirements.
- An ABI wrapper with only scalar arguments need not be unsafe merely because it is `extern ""C""`.
- Add a short `// SAFETY:` comment for every unavoidable unsafe block.
- Do not create a “safe” helper that still accepts raw pointers or relies on undocumented pointer invariants.
- Do not expose a safe public API through which callers can violate pointer validity, aliasing, initialization, or lifetime requirements.

ABI and symbol preservation:
- Preserve exported C symbol names, signatures, calling convention, C layout, and linkage.
- Existing internal `extern ""C""` declarations may link directly to exported wrapper symbols, even when no Rust path-level call exists.
- Never define the same exported symbol twice.
- If a safe Rust implementation uses the logical API name, give the ABI wrapper a distinct Rust identifier and use `#[export_name = ""...""]`.
- Do not remove or rename an existing wrapper until symbol and call-site inspection proves that doing so is safe.
- Avoid unrelated changes to duplicated translated type declarations or generated modules.

Behavior preservation:
- Preserve exact C-compatible behavior, including null sentinels, zero-length handling, output values on invalid arguments, state transitions, buffer accounting, and integer conversion behavior.
- In this codebase, checksum APIs have algorithm-specific null sentinel behavior; do not normalize different checksum families to one policy.
- Preserve C integer widths and explicit wrapping/truncation semantics. Do not replace translated wrapping arithmetic with ordinary arithmetic unless overflow is impossible and demonstrated.
- Checksum refactors must preserve modulo timing and incremental semantics, not merely the final mathematical formula. Adler-style implementations use bounded reduction blocks (notably the 5552-byte reduction boundary) to control accumulator behavior.
- Exercise relevant boundaries such as empty input, one byte, loop/chunk thresholds, reduction boundaries, and incremental/combine behavior.

Slice construction requirements:
- Never call `slice::from_raw_parts` or `from_raw_parts_mut` with a null pointer, including when length is zero.
- Handle null and zero length explicitly according to the original API contract.
- Before constructing a slice, reject lengths greater than `isize::MAX` unless a stronger invariant is clearly established.
- Do not claim that checking non-null and length proves the allocation is readable or writable; document that the C caller must uphold the remaining region-validity contract.

Validation:
- Run the project’s relevant formatter, build checks, functionality tests, and focused tests for the changed behavior.
- Run:
  `cargo check-unsafe2 --manifest-path {cargo_dir_path}/Cargo.toml`
- Compare checker results before and after. Its findings include unsafe functions/statics/operations and unsafe-adjacent constructs such as raw-pointer parameters or fields and integer-to-pointer casts. Treat new findings as regressions unless they are unavoidable existing ABI-boundary structure.
- If practical, inspect produced symbols to detect missing or duplicate exports.
- Review the final diff for accidental table-content edits, generated-file churn, ABI changes, symbol duplication, changed null behavior, and lost wrapping semantics.
- If a command cannot run, report the exact command and reason; do not imply success.

Before finishing, update `SAFETY_PLAN.md` as a short working scratchpad with:
- the selected area and what actually changed;
- what is now complete;
- baseline and final unsafe-checker counts;
- validation commands and results;
- remaining caveats and the best next general candidate;
- ABI constraints, failed approaches, or dead ends future iterations should avoid.

In the final response, provide only:
- a concise summary of the change;
- the measured safety reduction;
- validation results;
- any remaining caveat or unrun command.",[0.015596608116293155]
"Continue the iterative Rust safety refactor described in `SAFETY_PLAN.md`.

{target_goal}

{after_refactoring_instruction}

Work efficiently: make one coherent, high-confidence change set this iteration rather than attempting a broad rewrite. Do not print entire files in your final response.

Before editing:
1. Read `SAFETY_PLAN.md`.
2. Inspect the current working tree and relevant call sites, exports, tests, and ABI declarations.
3. Establish the current validation baseline where practical, so pre-existing failures are not mistaken for regressions.

Refactoring priorities:
- Prefer easy, high-value reductions first:
  - Remove `unsafe` from functions that only perform safe arithmetic or control flow.
  - Replace immutable `static mut` lookup tables with `const` or immutable `static` values.
  - Move pointer-free logic into ordinary safe Rust functions.
  - Replace pointer traversal with slices, iterators, indexing, chunks, and standard safe operations when bounds are known.
- Use a safe-core/thin-FFI-wrapper pattern:
  - The implementation should accept safe types such as slices and references.
  - Preserve a small `unsafe extern ""C""` wrapper only where the public C ABI requires raw pointers.
  - Keep pointer validation, slice construction, and other unavoidable unsafe operations localized in that wrapper.
  - Add a brief `// SAFETY:` explanation for each unavoidable unsafe block.
- Preserve exported symbol names, signatures, calling convention, C layout, and linkage. Existing internal `extern ""C""` declarations may resolve directly to exported wrapper symbols, so check all callers before renaming or splitting functions.
- Do not duplicate an exported symbol. If a safe implementation retains the logical API name, give the ABI wrapper a distinct Rust identifier and use `#[export_name = ""...""]` as needed.
- Preserve exact observable behavior, including:
  - null-pointer sentinel or initialization behavior;
  - whether null is accepted for a zero-length buffer;
  - output/error values on invalid arguments;
  - integer width, truncation, wrapping, overflow, and checksum semantics;
  - state transitions and buffer accounting.
- Never call `slice::from_raw_parts` or `from_raw_parts_mut` with a null pointer, even for length zero. Handle null and zero-length cases explicitly according to the original C API contract.
- Before creating a slice from a pointer and length, reject lengths that cannot form a Rust slice, including values exceeding `isize::MAX`, unless a stronger existing invariant is demonstrably enforced.
- Do not expose safe public APIs that permit callers to violate pointer validity, aliasing, initialization, or lifetime requirements.
- Do not merely move unsafe operations into a newly added “helper” with raw-pointer parameters. New implementation functions must remain genuinely safe and must not introduce unsafe-adjacent constructs.
- Avoid changing large generated-looking modules solely for style. Limit edits to the selected safety target and required callers/tests.

Validation:
- Run the project’s relevant formatting, build, and functionality tests.
- Run:
  `cargo check-unsafe2 --manifest-path {cargo_dir_path}/Cargo.toml`
- This checker reports improperly added unsafe code and newly added unsafe-adjacent code, including integer-to-pointer casts and raw-pointer arguments or fields. Treat new findings as regressions unless they are unavoidable ABI-boundary code already permitted by the project’s structure.
- Review the final diff for accidental ABI changes, symbol duplication, null-handling changes, and unrelated churn.
- If validation cannot run, report the exact command and reason rather than claiming success.

Before finishing, update `SAFETY_PLAN.md` concisely with:
- what was actually changed this iteration;
- what is now complete;
- validation commands and results;
- what remains and the best next candidate area;
- pitfalls, ABI constraints, failed approaches, or dead ends future iterations should avoid.

Keep `SAFETY_PLAN.md` a short working scratchpad, not a report. In the final response, provide only a concise summary of changes, safety reduction achieved, validation results, and remaining caveats.",[0.012113870381586917]
"Continue the iterative Rust safety refactor documented in `SAFETY_PLAN.md`.

{target_goal}

{after_refactoring_instruction}

This project is a C-to-Rust translation of zlib with a public C ABI and many generated-looking modules. The historical baseline was 6,604 unsafe entities; a prior checksum refactor reduced that to 6,524 while functionality tests still passed. Treat the current tree and `SAFETY_PLAN.md` as authoritative, but measure the checker count before and after this iteration and aim for a meaningful reduction.

Make one coherent, high-confidence change set. Prefer a batch of closely related, inexpensive reductions over one elaborate pointer-heavy rewrite. Do not rewrite or print entire generated files.

Before editing:
1. Read `SAFETY_PLAN.md`.
2. Inspect `git status`, the current diff, crate layout, exports, internal `extern ""C""` declarations, call sites, and relevant tests.
3. Run a practical baseline:
   - formatting check;
   - relevant build/tests;
   - `cargo check-unsafe2 --manifest-path {cargo_dir_path}/Cargo.toml`.
4. Record pre-existing failures and the initial unsafe-entity count so they are not attributed to this change.

Target selection, in priority order:
1. Remove `unsafe` from pointer-free arithmetic, bit manipulation, bounds calculations, state-independent helpers, and scalar-only C ABI entry points.
   - `extern ""C""` does not itself require an `unsafe fn`.
   - A wrapper taking only integers and calling safe code should normally be a safe `extern ""C"" fn`.
2. Convert genuinely read-only `static mut` lookup data to `const` or immutable `static`.
   - Prefer immutable `static` when callers require one stable address.
   - Prefer `const` only when object identity/address is irrelevant.
   - Do not change an externally writable data symbol or silently alter its linkage.
   - Check all `extern` declarations of exported tables and update mutability consistently without changing the symbol name or layout.
   - Do not add an `unsafe impl Sync` merely to force a pointer-containing static to compile. Leave such a value for a later design if safe immutability is not straightforward.
3. Move pointer-free implementation logic into ordinary safe Rust functions.
4. If a bounded buffer algorithm is selected, implement a safe core using slices, indexing, iterators, or chunks, with only a thin raw-pointer ABI wrapper.

Avoid complex stream-state, allocator, callback, and codec pointer rewrites unless `SAFETY_PLAN.md` identifies one as an already prepared next step. Those areas contain interdependent C layouts, function pointers, raw allocation state, and internal declarations that often resolve directly to exported symbols.

ABI and API constraints:
- Preserve every exported symbol name, C signature, calling convention, linkage, integer width, `repr(C)` layout, and function-pointer type.
- Internal `extern ""C""` declarations may bind directly to an exported Rust wrapper. Search callers before renaming or changing a Rust-visible signature.
- Never define the same exported symbol twice. When a safe Rust implementation uses the logical API name, give the ABI wrapper a distinct Rust identifier and use `#[export_name = ""...""]`.
- Do not assume `pub` means a safe Rust API is appropriate. A public function accepting raw pointers must remain unsafe unless its body cannot rely on pointer validity, aliasing, initialization, or lifetime invariants.
- Keep unavoidable raw-pointer operations at the ABI boundary and add a concise `// SAFETY:` justification to every new or modified unsafe block.
- Do not create a new raw-pointer helper simply to relocate unsafe code; new implementation helpers must use genuinely safe parameter types.

Behavioral constraints:
- Preserve null-pointer sentinel and initialization behavior exactly, including the order in which special cases are evaluated.
- Preserve whether null is accepted with zero length and whether a non-null zero-length pointer is accepted.
- Never call `slice::from_raw_parts` or `slice::from_raw_parts_mut` with null, including for zero length.
- Before constructing a slice, reject lengths exceeding `isize::MAX` unless a stronger invariant is proven.
- For an oversized length, use the API’s established invalid-argument result. Do not map it to an unrelated null-buffer sentinel merely because both avoid slice construction.
- Preserve wrapping, truncation, modulo timing, checksum chunking, integer promotion, state transitions, output accounting, and error values. Reordering reductions or replacing wrapping arithmetic can change translated C behavior.
- Ensure safe cores cannot panic for inputs admitted by their safe signatures.
- Do not “fix” apparent translated-C bugs or undefined behavior as part of a safety refactor unless compatibility tests and the plan explicitly authorize it.

Validation:
- Add focused tests when they cheaply protect changed behavior, especially scalar edge cases, standard checksum vectors, incremental/combined calculations, table contents, null handling, zero lengths, and chunk boundaries.
- Run the relevant formatting, build, and functionality tests.
- Run:
  `cargo check-unsafe2 --manifest-path {cargo_dir_path}/Cargo.toml`
- Compare its before/after unsafe-entity count and inspect all newly reported unsafe or unsafe-adjacent constructs. Integer-to-pointer casts, raw-pointer parameters or fields, new unsafe blocks, and new mutable statics are regressions unless required at an existing ABI boundary.
- Where practical, inspect produced symbols to confirm that wrappers and data exports remain unique and correctly named.
- Review the final diff for accidental whole-file formatting, symbol duplication, ABI drift, changed null semantics, table identity changes, and unrelated edits.
- If a command cannot run, report the exact command and reason; do not claim it passed.

Before finishing, update `SAFETY_PLAN.md` as a short working scratchpad with:
- the coherent category changed this iteration;
- the before/after unsafe count and reduction;
- completed items;
- validation commands and results;
- ABI or behavior pitfalls discovered;
- remaining work and the best next general candidate category.

Final response only:
- concise change summary;
- unsafe-entity reduction;
- validation results;
- remaining caveats or blocked checks.
Do not include full files or large code excerpts.",[0.028921865536038763]
"Continue the iterative Rust safety refactor documented in `SAFETY_PLAN.md`.

{target_goal}

{after_refactoring_instruction}

This project is a C-to-Rust translation of zlib with a public C ABI and many generated-looking modules. The historical baseline was 6,604 unsafe entities; a prior checksum refactor reduced that to 6,524 while functionality tests still passed. Treat the current tree and `SAFETY_PLAN.md` as authoritative, but measure the checker count before and after this iteration and aim for a meaningful reduction.

Make one coherent, high-confidence change set. Prefer a batch of closely related, inexpensive reductions over one elaborate pointer-heavy rewrite. Do not rewrite or print entire generated files.

Before editing:
1. Read `SAFETY_PLAN.md`.
2. Inspect `git status`, the current diff, crate layout, exports, internal `extern ""C""` declarations, call sites, and relevant tests.
3. Run a practical baseline:
   - formatting check;
   - relevant build/tests;
   - `cargo check-unsafe2 --manifest-path {cargo_dir_path}/Cargo.toml`.
4. Record pre-existing failures and the initial unsafe-entity count so they are not attributed to this change.

Target selection, in priority order:
1. Remove `unsafe` from pointer-free arithmetic, bit manipulation, bounds calculations, state-independent helpers, and scalar-only C ABI entry points.
   - `extern ""C""` does not itself require an `unsafe fn`.
   - A wrapper taking only integers and calling safe code should normally be a safe `extern ""C"" fn`.
2. Convert genuinely read-only `static mut` lookup data to `const` or immutable `static`.
   - Prefer immutable `static` when callers require one stable address.
   - Prefer `const` only when object identity/address is irrelevant.
   - Do not change an externally writable data symbol or silently alter its linkage.
   - Check all `extern` declarations of exported tables and update mutability consistently without changing the symbol name or layout.
   - Do not add an `unsafe impl Sync` merely to force a pointer-containing static to compile. Leave such a value for a later design if safe immutability is not straightforward.
3. Move pointer-free implementation logic into ordinary safe Rust functions.
4. If a bounded buffer algorithm is selected, implement a safe core using slices, indexing, iterators, or chunks, with only a thin raw-pointer ABI wrapper.

Avoid complex stream-state, allocator, callback, and codec pointer rewrites unless `SAFETY_PLAN.md` identifies one as an already prepared next step. Those areas contain interdependent C layouts, function pointers, raw allocation state, and internal declarations that often resolve directly to exported symbols.

ABI and API constraints:
- Preserve every exported symbol name, C signature, calling convention, linkage, integer width, `repr(C)` layout, and function-pointer type.
- Internal `extern ""C""` declarations may bind directly to an exported Rust wrapper. Search callers before renaming or changing a Rust-visible signature.
- Never define the same exported symbol twice. When a safe Rust implementation uses the logical API name, give the ABI wrapper a distinct Rust identifier and use `#[export_name = ""...""]`.
- Do not assume `pub` means a safe Rust API is appropriate. A public function accepting raw pointers must remain unsafe unless its body cannot rely on pointer validity, aliasing, initialization, or lifetime invariants.
- Keep unavoidable raw-pointer operations at the ABI boundary and add a concise `// SAFETY:` justification to every new or modified unsafe block.
- Do not create a new raw-pointer helper simply to relocate unsafe code; new implementation helpers must use genuinely safe parameter types.

Behavioral constraints:
- Preserve null-pointer sentinel and initialization behavior exactly, including the order in which special cases are evaluated.
- Preserve whether null is accepted with zero length and whether a non-null zero-length pointer is accepted.
- Never call `slice::from_raw_parts` or `slice::from_raw_parts_mut` with null, including for zero length.
- Before constructing a slice, reject lengths exceeding `isize::MAX` unless a stronger invariant is proven.
- For an oversized length, use the API’s established invalid-argument result. Do not map it to an unrelated null-buffer sentinel merely because both avoid slice construction.
- Preserve wrapping, truncation, modulo timing, checksum chunking, integer promotion, state transitions, output accounting, and error values. Reordering reductions or replacing wrapping arithmetic can change translated C behavior.
- Ensure safe cores cannot panic for inputs admitted by their safe signatures.
- Do not “fix” apparent translated-C bugs or undefined behavior as part of a safety refactor unless compatibility tests and the plan explicitly authorize it.

Validation:
- Add focused tests when they cheaply protect changed behavior, especially scalar edge cases, standard checksum vectors, incremental/combined calculations, table contents, null handling, zero lengths, and chunk boundaries.
- Run the relevant formatting, build, and functionality tests.
- Run:
  `cargo check-unsafe2 --manifest-path {cargo_dir_path}/Cargo.toml`
- Compare its before/after unsafe-entity count and inspect all newly reported unsafe or unsafe-adjacent constructs. Integer-to-pointer casts, raw-pointer parameters or fields, new unsafe blocks, and new mutable statics are regressions unless required at an existing ABI boundary.
- Where practical, inspect produced symbols to confirm that wrappers and data exports remain unique and correctly named.
- Review the final diff for accidental whole-file formatting, symbol duplication, ABI drift, changed null semantics, table identity changes, and unrelated edits.
- If a command cannot run, report the exact command and reason; do not claim it passed.

Before finishing, update `SAFETY_PLAN.md` as a short working scratchpad with:
- the coherent category changed this iteration;
- the before/after unsafe count and reduction;
- completed items;
- validation commands and results;
- ABI or behavior pitfalls discovered;
- remaining work and the best next general candidate category.

Final response only:
- concise change summary;
- unsafe-entity reduction;
- validation results;
- remaining caveats or blocked checks.
Do not include full files or large code excerpts.",[0.01665657177468201]
"Continue the iterative Rust safety refactor documented in `SAFETY_PLAN.md`.

{target_goal}

{after_refactoring_instruction}

This project is a C-to-Rust translation of zlib with a public C ABI and many generated-looking modules. The historical baseline was 6,604 unsafe entities; a prior checksum refactor reduced that to 6,524 while functionality tests still passed. Treat the current tree and `SAFETY_PLAN.md` as authoritative, but measure the checker count before and after this iteration and aim for a meaningful reduction.

Make one coherent, high-confidence change set. Prefer a batch of closely related, inexpensive reductions over one elaborate pointer-heavy rewrite. Do not rewrite or print entire generated files.

Before editing:
1. Read `SAFETY_PLAN.md`.
2. Inspect `git status`, the current diff, crate layout, exports, internal `extern ""C""` declarations, call sites, and relevant tests.
3. Run a practical baseline:
   - formatting check;
   - relevant build/tests;
   - `cargo check-unsafe2 --manifest-path {cargo_dir_path}/Cargo.toml`.
4. Record pre-existing failures and the initial unsafe-entity count so they are not attributed to this change.

Target selection, in priority order:
1. Remove `unsafe` from pointer-free arithmetic, bit manipulation, bounds calculations, state-independent helpers, and scalar-only C ABI entry points.
   - `extern ""C""` does not itself require an `unsafe fn`.
   - A wrapper taking only integers and calling safe code should normally be a safe `extern ""C"" fn`.
2. Convert genuinely read-only `static mut` lookup data to `const` or immutable `static`.
   - Prefer immutable `static` when callers require one stable address.
   - Prefer `const` only when object identity/address is irrelevant.
   - Do not change an externally writable data symbol or silently alter its linkage.
   - Check all `extern` declarations of exported tables and update mutability consistently without changing the symbol name or layout.
   - Do not add an `unsafe impl Sync` merely to force a pointer-containing static to compile. Leave such a value for a later design if safe immutability is not straightforward.
3. Move pointer-free implementation logic into ordinary safe Rust functions.
4. If a bounded buffer algorithm is selected, implement a safe core using slices, indexing, iterators, or chunks, with only a thin raw-pointer ABI wrapper.

Avoid complex stream-state, allocator, callback, and codec pointer rewrites unless `SAFETY_PLAN.md` identifies one as an already prepared next step. Those areas contain interdependent C layouts, function pointers, raw allocation state, and internal declarations that often resolve directly to exported symbols.

ABI and API constraints:
- Preserve every exported symbol name, C signature, calling convention, linkage, integer width, `repr(C)` layout, and function-pointer type.
- Internal `extern ""C""` declarations may bind directly to an exported Rust wrapper. Search callers before renaming or changing a Rust-visible signature.
- Never define the same exported symbol twice. When a safe Rust implementation uses the logical API name, give the ABI wrapper a distinct Rust identifier and use `#[export_name = ""...""]`.
- Do not assume `pub` means a safe Rust API is appropriate. A public function accepting raw pointers must remain unsafe unless its body cannot rely on pointer validity, aliasing, initialization, or lifetime invariants.
- Keep unavoidable raw-pointer operations at the ABI boundary and add a concise `// SAFETY:` justification to every new or modified unsafe block.
- Do not create a new raw-pointer helper simply to relocate unsafe code; new implementation helpers must use genuinely safe parameter types.

Behavioral constraints:
- Preserve null-pointer sentinel and initialization behavior exactly, including the order in which special cases are evaluated.
- Preserve whether null is accepted with zero length and whether a non-null zero-length pointer is accepted.
- Never call `slice::from_raw_parts` or `slice::from_raw_parts_mut` with null, including for zero length.
- Before constructing a slice, reject lengths exceeding `isize::MAX` unless a stronger invariant is proven.
- For an oversized length, use the API’s established invalid-argument result. Do not map it to an unrelated null-buffer sentinel merely because both avoid slice construction.
- Preserve wrapping, truncation, modulo timing, checksum chunking, integer promotion, state transitions, output accounting, and error values. Reordering reductions or replacing wrapping arithmetic can change translated C behavior.
- Ensure safe cores cannot panic for inputs admitted by their safe signatures.
- Do not “fix” apparent translated-C bugs or undefined behavior as part of a safety refactor unless compatibility tests and the plan explicitly authorize it.

Validation:
- Add focused tests when they cheaply protect changed behavior, especially scalar edge cases, standard checksum vectors, incremental/combined calculations, table contents, null handling, zero lengths, and chunk boundaries.
- Run the relevant formatting, build, and functionality tests.
- Run:
  `cargo check-unsafe2 --manifest-path {cargo_dir_path}/Cargo.toml`
- Compare its before/after unsafe-entity count and inspect all newly reported unsafe or unsafe-adjacent constructs. Integer-to-pointer casts, raw-pointer parameters or fields, new unsafe blocks, and new mutable statics are regressions unless required at an existing ABI boundary.
- Where practical, inspect produced symbols to confirm that wrappers and data exports remain unique and correctly named.
- Review the final diff for accidental whole-file formatting, symbol duplication, ABI drift, changed null semantics, table identity changes, and unrelated edits.
- If a command cannot run, report the exact command and reason; do not claim it passed.

Before finishing, update `SAFETY_PLAN.md` as a short working scratchpad with:
- the coherent category changed this iteration;
- the before/after unsafe count and reduction;
- completed items;
- validation commands and results;
- ABI or behavior pitfalls discovered;
- remaining work and the best next general candidate category.

Final response only:
- concise change summary;
- unsafe-entity reduction;
- validation results;
- remaining caveats or blocked checks.
Do not include full files or large code excerpts.",[0.01635372501514234]
"Continue the iterative Rust safety refactor documented in `SAFETY_PLAN.md`.

Target this iteration at a broad but coherent batch of inexpensive, pointer-free safety reductions:

- Convert scalar-only arithmetic, bit-manipulation, bounds-calculation, compile-time metadata, and checksum-combination helpers from `unsafe fn` to safe Rust functions.
- Make corresponding scalar-only C ABI entry points safe `extern ""C"" fn`. An `extern ""C""` calling convention does not itself require `unsafe`.
- Include thin ABI wrappers that accept only integer/scalar values and merely call safe code; do not leave them unsafe without a concrete caller-side safety precondition.
- Also remove unnecessary `extern ""C""` from private implementation helpers when they are not used as C-compatible function pointers or exported symbols.
- Prefer signature-only or small localized changes over pointer-heavy rewrites.

Historical context:
- The original checker baseline was 6,604 unsafe entities.
- The latest evaluated checksum/scalar refactor measured 6,496 unsafe entities and passed functionality tests, a cumulative reduction of 108.
- Treat the current checkout and `SAFETY_PLAN.md` as authoritative because the working count may have moved. Measure it before and after this iteration rather than assuming 6,496.

Before editing:
1. Read `SAFETY_PLAN.md`.
2. Inspect `git status`, the current diff, crate layout, exports, internal foreign declarations, function-pointer aliases, call sites, and tests.
3. Inventory remaining unsafe functions and classify them by signature and body:
   - scalar-only and pointer-free;
   - returns a raw pointer but does not dereference or rely on caller invariants;
   - accepts raw pointers or accesses mutable/global state;
   - used in an `unsafe extern ""C"" fn` function-pointer type.
4. Run and record a practical baseline:
   - `cargo fmt --all -- --check` or the repository’s established formatting command;
   - relevant build and functionality tests;
   - `cargo check-unsafe2 --manifest-path {cargo_dir_path}/Cargo.toml`.
5. Record exact pre-existing failures and the initial unsafe-entity count.

Selection rules:
- Prioritize functions whose parameters and return values are integers or other plain scalar values and whose bodies contain only safe arithmetic, comparisons, shifts, masking, modulo operations, and calls to safe helpers.
- A safe `extern ""C"" fn` preserves the C ABI and exported symbol. Removing Rust’s `unsafe` qualifier does not alter the C calling convention.
- If an exported symbol already uses a distinct Rust wrapper with `#[export_name = ""...""]`, preserve that arrangement unless consolidation is clearly safe and cannot duplicate the symbol.
- If the logical Rust function name is also needed as a safe implementation API, keep a distinct Rust identifier for the ABI wrapper and preserve the original exported name.
- Check whether each helper is cast to or stored in a function-pointer type. Do not change a function-pointer ABI or its `unsafe extern ""C"" fn` type as an incidental cleanup.
- Raw-pointer parameters generally remain unsafe. Do not mark a public raw-pointer function safe merely because its current body happens not to dereference the pointer if callers must still uphold validity, aliasing, initialization, lifetime, callback, allocator, or state invariants.
- A function that only returns the address of immutable stable storage may be callable safely, but verify that the storage is truly immutable and address-stable before changing it.

As a secondary opportunity only, convert clearly read-only, plain-data lookup arrays from `static mut` to immutable `static` when this is tightly related and mechanically safe:
- Use immutable `static`, not `const`, when callers take or compare a stable address.
- Preserve symbol name, linkage, array length, element type, and layout.
- Search all foreign declarations and update their mutability consistently.
- Do not change externally writable public data symbols without evidence that writability is not part of the C ABI.
- Do not force pointer-containing globals to compile with `unsafe impl Sync`. Raw mutable-pointer arrays and descriptor structures containing raw pointers require a later design.
- Copyright buffers, exported code tables, error-message arrays, and similar C-visible data may historically be writable even when Rust code only reads them; verify linkage and consumers before changing them.
- Function-local `static mut` arrays of plain integers are good candidates when they are demonstrably read-only.
- Avoid touching huge table initializers beyond changing the declaration and necessary references. Never print or rewrite an entire generated-looking file.

Behavior and compatibility constraints:
- Preserve every exported symbol name, C signature, calling convention, linkage, integer width, `repr(C)` layout, and function-pointer type.
- Never define the same exported symbol twice.
- Internal foreign declarations may resolve directly to Rust-exported wrappers; search all call sites before renaming or consolidating anything.
- Preserve wrapping arithmetic, truncation, signedness, shift widths, modulo timing, sentinel values, and existing translated-C behavior.
- Do not “correct” suspicious expressions, including tautological comparisons or odd overflow checks, unless separately authorized and protected by compatibility tests.
- Do not refactor stream state, allocators, callbacks, compression/decompression loops, raw buffers, or codec pointer traversal in this iteration.
- Do not introduce new integer-to-pointer casts, raw-pointer fields, mutable statics, unsafe blocks, or raw-pointer helpers.
- Every new or modified unsafe block must have a concise `// SAFETY:` explanation, but this iteration should normally need no new unsafe blocks.

Validation:
- Add focused tests where inexpensive, especially for scalar edge cases:
  - negative and zero lengths;
  - maximum integer values;
  - wrapping and overflow boundaries;
  - checksum combination identities and incremental equivalence;
  - metadata/compile-flag values;
  - stable table addresses and representative table contents when lookup storage changes.
- Run formatting checks, the relevant build, and functionality tests.
- Run:
  `cargo check-unsafe2 --manifest-path {cargo_dir_path}/Cargo.toml`
- Report the exact before/after unsafe-entity counts and reduction.
- Inspect newly reported unsafe or unsafe-adjacent constructs and confirm this change introduces no new raw-pointer parameters or fields, integer-to-pointer casts, unsafe blocks, or mutable statics.
- Where practical, inspect produced symbols with the repository’s established symbol tool and confirm scalar ABI exports remain unique and retain their expected names.
- Review the final diff for accidental whole-file formatting, duplicated exports, ABI drift, altered function-pointer types, table identity changes, and unrelated edits.
- If any command cannot run, report the exact command and reason rather than claiming success.

Before finishing, update `SAFETY_PLAN.md` as a concise working scratchpad with:
- the pointer-free scalar/helper category completed this iteration;
- the measured before/after count and reduction;
- functions or classes deliberately left unsafe and why;
- validation commands and results;
- ABI or behavior pitfalls discovered;
- remaining work and the best next general candidate category.

Final response only:
- concise change summary;
- unsafe-entity reduction;
- validation results;
- remaining caveats or blocked checks.

Do not include complete files, large table initializers, or long code excerpts.",[0.0]
"Continue the iterative Rust safety refactor documented in `SAFETY_PLAN.md`.

{target_goal}

{after_refactoring_instruction}

This project is a C-to-Rust translation of zlib with a public C ABI and many generated-looking modules. The historical baseline was 6,604 unsafe entities; a prior checksum refactor reduced that to 6,524 while functionality tests still passed. Treat the current tree and `SAFETY_PLAN.md` as authoritative, but measure the checker count before and after this iteration and aim for a meaningful reduction.

Make one coherent, high-confidence change set. Prefer a batch of closely related, inexpensive reductions over one elaborate pointer-heavy rewrite. Do not rewrite or print entire generated files.

Before editing:
1. Read `SAFETY_PLAN.md`.
2. Inspect `git status`, the current diff, crate layout, exports, internal `extern ""C""` declarations, call sites, and relevant tests.
3. Run a practical baseline:
   - formatting check;
   - relevant build/tests;
   - `cargo check-unsafe2 --manifest-path {cargo_dir_path}/Cargo.toml`.
4. Record pre-existing failures and the initial unsafe-entity count so they are not attributed to this change.

Target selection, in priority order:
1. Remove `unsafe` from pointer-free arithmetic, bit manipulation, bounds calculations, state-independent helpers, and scalar-only C ABI entry points.
   - `extern ""C""` does not itself require an `unsafe fn`.
   - A wrapper taking only integers and calling safe code should normally be a safe `extern ""C"" fn`.
2. Convert genuinely read-only `static mut` lookup data to `const` or immutable `static`.
   - Prefer immutable `static` when callers require one stable address.
   - Prefer `const` only when object identity/address is irrelevant.
   - Do not change an externally writable data symbol or silently alter its linkage.
   - Check all `extern` declarations of exported tables and update mutability consistently without changing the symbol name or layout.
   - Do not add an `unsafe impl Sync` merely to force a pointer-containing static to compile. Leave such a value for a later design if safe immutability is not straightforward.
3. Move pointer-free implementation logic into ordinary safe Rust functions.
4. If a bounded buffer algorithm is selected, implement a safe core using slices, indexing, iterators, or chunks, with only a thin raw-pointer ABI wrapper.

Avoid complex stream-state, allocator, callback, and codec pointer rewrites unless `SAFETY_PLAN.md` identifies one as an already prepared next step. Those areas contain interdependent C layouts, function pointers, raw allocation state, and internal declarations that often resolve directly to exported symbols.

ABI and API constraints:
- Preserve every exported symbol name, C signature, calling convention, linkage, integer width, `repr(C)` layout, and function-pointer type.
- Internal `extern ""C""` declarations may bind directly to an exported Rust wrapper. Search callers before renaming or changing a Rust-visible signature.
- Never define the same exported symbol twice. When a safe Rust implementation uses the logical API name, give the ABI wrapper a distinct Rust identifier and use `#[export_name = ""...""]`.
- Do not assume `pub` means a safe Rust API is appropriate. A public function accepting raw pointers must remain unsafe unless its body cannot rely on pointer validity, aliasing, initialization, or lifetime invariants.
- Keep unavoidable raw-pointer operations at the ABI boundary and add a concise `// SAFETY:` justification to every new or modified unsafe block.
- Do not create a new raw-pointer helper simply to relocate unsafe code; new implementation helpers must use genuinely safe parameter types.

Behavioral constraints:
- Preserve null-pointer sentinel and initialization behavior exactly, including the order in which special cases are evaluated.
- Preserve whether null is accepted with zero length and whether a non-null zero-length pointer is accepted.
- Never call `slice::from_raw_parts` or `slice::from_raw_parts_mut` with null, including for zero length.
- Before constructing a slice, reject lengths exceeding `isize::MAX` unless a stronger invariant is proven.
- For an oversized length, use the API’s established invalid-argument result. Do not map it to an unrelated null-buffer sentinel merely because both avoid slice construction.
- Preserve wrapping, truncation, modulo timing, checksum chunking, integer promotion, state transitions, output accounting, and error values. Reordering reductions or replacing wrapping arithmetic can change translated C behavior.
- Ensure safe cores cannot panic for inputs admitted by their safe signatures.
- Do not “fix” apparent translated-C bugs or undefined behavior as part of a safety refactor unless compatibility tests and the plan explicitly authorize it.

Validation:
- Add focused tests when they cheaply protect changed behavior, especially scalar edge cases, standard checksum vectors, incremental/combined calculations, table contents, null handling, zero lengths, and chunk boundaries.
- Run the relevant formatting, build, and functionality tests.
- Run:
  `cargo check-unsafe2 --manifest-path {cargo_dir_path}/Cargo.toml`
- Compare its before/after unsafe-entity count and inspect all newly reported unsafe or unsafe-adjacent constructs. Integer-to-pointer casts, raw-pointer parameters or fields, new unsafe blocks, and new mutable statics are regressions unless required at an existing ABI boundary.
- Where practical, inspect produced symbols to confirm that wrappers and data exports remain unique and correctly named.
- Review the final diff for accidental whole-file formatting, symbol duplication, ABI drift, changed null semantics, table identity changes, and unrelated edits.
- If a command cannot run, report the exact command and reason; do not claim it passed.

Before finishing, update `SAFETY_PLAN.md` as a short working scratchpad with:
- the coherent category changed this iteration;
- the before/after unsafe count and reduction;
- completed items;
- validation commands and results;
- ABI or behavior pitfalls discovered;
- remaining work and the best next general candidate category.

Final response only:
- concise change summary;
- unsafe-entity reduction;
- validation results;
- remaining caveats or blocked checks.
Do not include full files or large code excerpts.",[0.01635372501514234]
"Continue the iterative Rust safety refactor documented in `SAFETY_PLAN.md`.

This repository is a generated-looking C-to-Rust translation of zlib. It exposes a public C ABI, and internal `extern ""C""` declarations often resolve directly to Rust-exported symbols. The historical baseline was 6,604 unsafe entities; earlier checksum work reduced the count while functionality tests continued to pass. Treat the current checkout and `SAFETY_PLAN.md` as authoritative: measure the current count rather than assuming any historical number.

For this iteration, make one coherent, inexpensive sweep over pointer-free and read-only code. Prioritize quantity only where every change is mechanically high-confidence:

1. Remove unnecessary `unsafe` from scalar-only arithmetic, bit manipulation, size calculations, bounds calculations, and state-independent helpers.
2. Make scalar-only C ABI entry points and their scalar-only export wrappers safe.
   - `extern ""C""` does not require `unsafe`.
   - Changing a Rust function from `unsafe extern ""C"" fn` to `extern ""C"" fn` does not change its C ABI.
   - Do not leave an exported wrapper unsafe merely because it is an ABI wrapper if all parameters are scalars and it only invokes safe code.
   - A function returning a pointer to immutable static storage can also be safe if it accepts no pointer-based caller invariants and performs no unsafe access.
3. Convert genuinely read-only scalar lookup arrays from `static mut` to immutable `static`.
   - Prefer immutable `static` over `const` when callers take the address or require stable object identity.
   - Update all internal declarations and uses consistently.
   - Do not change externally writable symbols or exported compatibility data unless read-only linkage is clearly established.
   - Leave pointer-containing statics alone if immutability would require an `unsafe impl Sync`; never add such an implementation merely to lower the count.
4. Keep pointer-heavy stream, allocator, callback, compression, and decompression state code out of scope unless a tiny helper inside it is entirely pointer-free and can be separated without API churn.

Before editing:

- Read `SAFETY_PLAN.md`.
- Inspect `git status`, existing diffs, the crate layout, exports, internal `extern ""C""` declarations, direct Rust callers, tests, and build scripts.
- Inventory candidates with targeted searches rather than printing whole generated files.
- Run and record a practical baseline:
  - `cargo fmt --all -- --check` or the repository’s documented formatting command;
  - relevant build and functionality tests;
  - `cargo check-unsafe2 --manifest-path {cargo_dir_path}/Cargo.toml`.
- Record all pre-existing failures and the exact initial unsafe-entity count.

Editing rules:

- Review each candidate’s signature and body; do not perform an unreviewed global replacement of `unsafe`.
- Preserve every exported symbol name, C parameter and return type, calling convention, linkage, integer width, `repr(C)` layout, and function-pointer type.
- Preserve `unsafe extern ""C"" fn` function-pointer types where the type itself is part of a struct, callback API, or ABI contract.
- Search for internal declarations and call sites before changing a Rust-visible function signature.
- Never define an exported symbol twice. If a safe Rust implementation uses the logical API name, use a distinct Rust identifier for the ABI wrapper with `#[export_name = ""...""]`.
- Raw-pointer APIs must remain unsafe whenever correctness relies on validity, alignment, initialization, bounds, aliasing, provenance, lifetime, or allocation invariants supplied by the caller.
- Do not introduce a raw-pointer helper merely to move unsafe code elsewhere.
- Do not add new integer-to-pointer casts, raw-pointer fields, mutable statics, unsafe traits, or unsafe blocks.
- If an unsafe block must be added or modified, keep it at an existing ABI boundary and add a concise `// SAFETY:` explanation.
- Avoid reformatting large generated files. Make narrow declaration/signature edits and inspect the diff for accidental whole-file churn.

Compatibility rules:

- Preserve translated C wrapping, truncation, shift, modulo, promotion, and overflow behavior exactly.
- Do not simplify suspicious expressions or repair apparent translated-C bugs as part of this safety-only change.
- Preserve all sentinel values, error values, initialization ordering, table contents, and stable table addresses.
- Do not convert a stable-address table to `const`.
- Do not alter null semantics in pointer APIs, even if surrounding safe helpers are introduced.
- Safe functions must not panic for any input admitted by their safe signatures.

Validation:

- Add focused tests only where they cheaply protect changed scalar behavior, such as zero, negative signed lengths, integer maxima, overflow boundaries, compile-flag calculations, combination operations, or selected lookup-table entries.
- Run formatting, the relevant build, and the functionality test suite.
- Run:
  `cargo check-unsafe2 --manifest-path {cargo_dir_path}/Cargo.toml`
- Report the exact before/after counts and reduction.
- Inspect the checker output to ensure the reduction comes from removed unsafe functions or mutable statics and that no unsafe-adjacent category increased.
- Where practical, inspect produced symbols with `nm`, `llvm-nm`, or the repository’s symbol test to confirm each changed export remains unique and correctly named.
- Review `git diff --stat` and `git diff` for ABI drift, changed function-pointer types, table identity changes, accidental data edits, duplicate symbols, and unrelated modifications.
- If a command cannot run, report the exact command and reason; never claim it passed.

Before finishing, update `SAFETY_PLAN.md` as a short working scratchpad containing:

- the category addressed in this iteration;
- exact before/after unsafe counts and reduction;
- completed items;
- validation commands and results;
- ABI or behavior pitfalls discovered;
- intentionally skipped candidates, especially externally writable or pointer-containing statics;
- the best next general candidate category.

Final response only:

- concise change summary;
- unsafe-entity count before and after;
- validation results;
- remaining caveats or blocked checks.

Do not print full files, generated tables, long diffs, or large code excerpts.",[0.0]
"Continue the iterative Rust safety refactor documented in `SAFETY_PLAN.md`.

{target_goal}

{after_refactoring_instruction}

This project is a C-to-Rust translation of zlib with a public C ABI and many generated-looking modules. The historical baseline was 6,604 unsafe entities; a prior checksum refactor reduced that to 6,524 while functionality tests still passed. Treat the current tree and `SAFETY_PLAN.md` as authoritative, but measure the checker count before and after this iteration and aim for a meaningful reduction.

Make one coherent, high-confidence change set. Prefer a batch of closely related, inexpensive reductions over one elaborate pointer-heavy rewrite. Do not rewrite or print entire generated files.

Before editing:
1. Read `SAFETY_PLAN.md`.
2. Inspect `git status`, the current diff, crate layout, exports, internal `extern ""C""` declarations, call sites, and relevant tests.
3. Run a practical baseline:
   - formatting check;
   - relevant build/tests;
   - `cargo check-unsafe2 --manifest-path {cargo_dir_path}/Cargo.toml`.
4. Record pre-existing failures and the initial unsafe-entity count so they are not attributed to this change.

Target selection, in priority order:
1. Remove `unsafe` from pointer-free arithmetic, bit manipulation, bounds calculations, state-independent helpers, and scalar-only C ABI entry points.
   - `extern ""C""` does not itself require an `unsafe fn`.
   - A wrapper taking only integers and calling safe code should normally be a safe `extern ""C"" fn`.
2. Convert genuinely read-only `static mut` lookup data to `const` or immutable `static`.
   - Prefer immutable `static` when callers require one stable address.
   - Prefer `const` only when object identity/address is irrelevant.
   - Do not change an externally writable data symbol or silently alter its linkage.
   - Check all `extern` declarations of exported tables and update mutability consistently without changing the symbol name or layout.
   - Do not add an `unsafe impl Sync` merely to force a pointer-containing static to compile. Leave such a value for a later design if safe immutability is not straightforward.
3. Move pointer-free implementation logic into ordinary safe Rust functions.
4. If a bounded buffer algorithm is selected, implement a safe core using slices, indexing, iterators, or chunks, with only a thin raw-pointer ABI wrapper.

Avoid complex stream-state, allocator, callback, and codec pointer rewrites unless `SAFETY_PLAN.md` identifies one as an already prepared next step. Those areas contain interdependent C layouts, function pointers, raw allocation state, and internal declarations that often resolve directly to exported symbols.

ABI and API constraints:
- Preserve every exported symbol name, C signature, calling convention, linkage, integer width, `repr(C)` layout, and function-pointer type.
- Internal `extern ""C""` declarations may bind directly to an exported Rust wrapper. Search callers before renaming or changing a Rust-visible signature.
- Never define the same exported symbol twice. When a safe Rust implementation uses the logical API name, give the ABI wrapper a distinct Rust identifier and use `#[export_name = ""...""]`.
- Do not assume `pub` means a safe Rust API is appropriate. A public function accepting raw pointers must remain unsafe unless its body cannot rely on pointer validity, aliasing, initialization, or lifetime invariants.
- Keep unavoidable raw-pointer operations at the ABI boundary and add a concise `// SAFETY:` justification to every new or modified unsafe block.
- Do not create a new raw-pointer helper simply to relocate unsafe code; new implementation helpers must use genuinely safe parameter types.

Behavioral constraints:
- Preserve null-pointer sentinel and initialization behavior exactly, including the order in which special cases are evaluated.
- Preserve whether null is accepted with zero length and whether a non-null zero-length pointer is accepted.
- Never call `slice::from_raw_parts` or `slice::from_raw_parts_mut` with null, including for zero length.
- Before constructing a slice, reject lengths exceeding `isize::MAX` unless a stronger invariant is proven.
- For an oversized length, use the API’s established invalid-argument result. Do not map it to an unrelated null-buffer sentinel merely because both avoid slice construction.
- Preserve wrapping, truncation, modulo timing, checksum chunking, integer promotion, state transitions, output accounting, and error values. Reordering reductions or replacing wrapping arithmetic can change translated C behavior.
- Ensure safe cores cannot panic for inputs admitted by their safe signatures.
- Do not “fix” apparent translated-C bugs or undefined behavior as part of a safety refactor unless compatibility tests and the plan explicitly authorize it.

Validation:
- Add focused tests when they cheaply protect changed behavior, especially scalar edge cases, standard checksum vectors, incremental/combined calculations, table contents, null handling, zero lengths, and chunk boundaries.
- Run the relevant formatting, build, and functionality tests.
- Run:
  `cargo check-unsafe2 --manifest-path {cargo_dir_path}/Cargo.toml`
- Compare its before/after unsafe-entity count and inspect all newly reported unsafe or unsafe-adjacent constructs. Integer-to-pointer casts, raw-pointer parameters or fields, new unsafe blocks, and new mutable statics are regressions unless required at an existing ABI boundary.
- Where practical, inspect produced symbols to confirm that wrappers and data exports remain unique and correctly named.
- Review the final diff for accidental whole-file formatting, symbol duplication, ABI drift, changed null semantics, table identity changes, and unrelated edits.
- If a command cannot run, report the exact command and reason; do not claim it passed.

Before finishing, update `SAFETY_PLAN.md` as a short working scratchpad with:
- the coherent category changed this iteration;
- the before/after unsafe count and reduction;
- completed items;
- validation commands and results;
- ABI or behavior pitfalls discovered;
- remaining work and the best next general candidate category.

Final response only:
- concise change summary;
- unsafe-entity reduction;
- validation results;
- remaining caveats or blocked checks.
Do not include full files or large code excerpts.",[0.01665657177468201]
"Continue the iterative Rust safety refactor documented in `SAFETY_PLAN.md`.

This is a C-to-Rust translation of zlib with a public C ABI, generated-looking modules, duplicated C layouts, raw stream state, allocator callbacks, and internal `extern ""C""` declarations that may resolve directly to Rust-exported symbols. The historical checker baseline was 6,604 unsafe entities. One prior arithmetic/lookup-table pass reached 6,494 and passed functionality tests, but these figures are historical only: treat the current tree and `SAFETY_PLAN.md` as authoritative and measure the actual count before and after editing.

Make one coherent, surgical, high-confidence change set. Optimize for inexpensive reductions and a small diff rather than a complicated pointer rewrite. Do not print or rewrite entire generated files.

Preferred candidate category for this iteration:
- Batch-remove unnecessary `unsafe` from pointer-free scalar arithmetic, bit manipulation, size calculations, compile-time metadata, and scalar-only C ABI entry points.
- Include their scalar-only ABI wrappers where applicable; an `extern ""C""` function is not inherently unsafe, and `unsafe fn` does not affect its C ABI.
- Convert genuinely read-only plain-data `static mut` lookup arrays to immutable `static` where stable identity may matter, or `const` where identity cannot matter.
- Include empty no-op helpers and pure lookup helpers when they are clearly independent of pointer or global-state invariants.
- Prefer this broad, mechanical category over stream-state, allocator, callback, compression, decompression, or file-state rewrites.

Before editing:
1. Read `SAFETY_PLAN.md`.
2. Inspect `git status`, the current diff, crate layout, exports, internal `extern ""C""` declarations, call sites, tests, and build scripts.
3. Run and record a practical baseline:
   - `cargo fmt --all -- --check` using the appropriate manifest/workspace;
   - relevant build and functionality tests identified from the repository;
   - `cargo check-unsafe2 --manifest-path {cargo_dir_path}/Cargo.toml`.
4. Record all pre-existing failures and the initial unsafe-entity count. Do not attribute baseline failures to this change.
5. Use targeted searches or small scripts to inventory:
   - unsafe functions whose parameters and bodies are scalar-only;
   - scalar-only exported wrappers that merely call safe code;
   - read-only `static mut` values and every declaration/reference to them;
   - symbols that are externally exported or declared in another generated module.

Safety classification rules:
- A function using only integers or other ordinary values and calling only safe code should normally be safe, including when it uses the C calling convention.
- A scalar-only ABI wrapper around a safe implementation should also normally be a safe `extern ""C"" fn`; do not leave it unsafe merely because it is an ABI boundary.
- Returning a raw pointer does not alone require `unsafe fn` if the function only returns an address and performs no operation relying on caller-provided pointer invariants. Do not introduce a safe reference with an unjustified lifetime.
- A public function accepting raw pointers must remain unsafe if its implementation relies on pointer validity, alignment, initialization, aliasing, allocation provenance, object lifetime, writable memory, or a valid pointed-to C structure.
- Do not create a raw-pointer helper merely to relocate unsafe code. New implementation helpers must have genuinely safe parameters.
- Do not add `unsafe impl Sync` to force a pointer-containing immutable static to compile. Leave such values for a later design.
- Function-pointer types must retain their required safety qualifier. A callback that relies on raw-pointer validity remains an `unsafe extern ""C"" fn` type even if unrelated scalar functions become safe.

Static-data rules:
- Confirm that each selected `static mut` is never written, including through raw pointers, callbacks, foreign declarations, tests, or external ABI expectations.
- Preserve the symbol name, type layout, array length, element values, address stability, linkage, and uniqueness.
- Prefer immutable `static` for lookup tables or values whose address is taken.
- Use `const` only when creating a fresh value at each use cannot affect behavior or identity.
- Do not make an externally writable data symbol read-only without explicit evidence that the ABI declares it const/read-only.
- Update all internal foreign declarations consistently when an exported table’s mutability changes.
- Do not define an exported symbol twice.

ABI constraints:
- Preserve every exported symbol name, calling convention, parameter and return type, integer width, linkage, and `repr(C)` layout.
- Changing Rust’s `unsafe fn` qualifier does not change the C ABI, but changing parameters, return types, calling conventions, or function-pointer types does.
- Search all direct Rust calls and internal foreign declarations before changing a Rust-visible signature.
- If a safe Rust implementation needs the logical API name while a separate ABI wrapper exports that same C name, give the wrapper a distinct Rust identifier and use `#[export_name = ""...""]`.
- Do not add a second `#[no_mangle]` or `#[export_name]` definition for an existing symbol.
- Where practical, inspect the produced object/library with `nm`, `llvm-nm`, or an equivalent tool to verify that affected exported symbols remain unique and correctly named.

Behavior constraints:
- Preserve translated-C behavior exactly, including wrapping arithmetic, truncation, signedness, modulo timing, shifts, overflow sentinels, and error values.
- Do not simplify suspicious expressions merely because they appear redundant or erroneous. For example, translated self-comparisons or unusual overflow checks may be compatibility behavior and are outside a safety-only refactor.
- Preserve null-pointer sentinel behavior and the order of special-case checks.
- Do not “fix” translated-C bugs or undefined behavior unless the plan and compatibility tests explicitly authorize it.
- Ensure newly safe functions cannot panic for any inputs admitted by their safe signatures. Validate array indices, shift widths, loop termination, and arithmetic assumptions rather than relying on caller discipline.

Editing strategy:
- Use narrow patches and mechanical replacements after verifying each candidate category.
- Avoid formatting unrelated generated code.
- Do not touch complex stream state, allocators, callbacks, gzip state, codec loops, or pointer-heavy table builders merely to increase the count.
- If converting a value causes extensive type, linkage, or `Sync` fallout, revert that candidate and document it rather than forcing the conversion.
- Remove obsolete unsafe casts or raw-address syntax only when the immutable value provides an equivalent safe operation such as `.as_ptr()` and address identity is preserved.

Validation:
1. Run formatting check again.
2. Run the relevant build and functionality tests.
3. Run:
   `cargo check-unsafe2 --manifest-path {cargo_dir_path}/Cargo.toml`
4. Report the exact before/after counts and reduction.
5. Inspect the checker output for regressions, especially:
   - new unsafe functions or blocks;
   - integer-to-pointer casts;
   - new raw-pointer fields or parameters;
   - new mutable statics;
   - unsafe wrappers that could have become safe with their scalar implementation.
6. Review the final diff for whole-file formatting, accidental table-value changes, linkage changes, duplicate symbols, changed callback types, ABI drift, and unrelated edits.
7. If any command cannot run, report its exact command and the reason. Never claim an unexecuted check passed.

Before finishing, update `SAFETY_PLAN.md` as a concise working scratchpad containing:
- the coherent category changed this iteration;
- actual before/after checker counts and reduction;
- completed items;
- validation commands and results;
- pre-existing failures;
- ABI or behavior pitfalls discovered;
- candidates deliberately left unchanged and why;
- the best next general candidate category.

Final response only:
- concise change summary;
- unsafe-entity reduction;
- validation results;
- remaining caveats or blocked checks.

Do not include full files, large code excerpts, exhaustive unsafe-entity lists, or generated output. Keep the final response short and avoid spending tokens reproducing unchanged code.",[0.0]
"Continue the iterative Rust safety refactor documented in `SAFETY_PLAN.md`.

{target_goal}

{after_refactoring_instruction}

This project is a C-to-Rust translation of zlib with a public C ABI and many generated-looking modules. The historical baseline was 6,604 unsafe entities; a prior checksum refactor reduced that to 6,524 while functionality tests still passed. Treat the current tree and `SAFETY_PLAN.md` as authoritative, but measure the checker count before and after this iteration and aim for a meaningful reduction.

Make one coherent, high-confidence change set. Prefer a batch of closely related, inexpensive reductions over one elaborate pointer-heavy rewrite. Do not rewrite or print entire generated files.

Before editing:
1. Read `SAFETY_PLAN.md`.
2. Inspect `git status`, the current diff, crate layout, exports, internal `extern ""C""` declarations, call sites, and relevant tests.
3. Run a practical baseline:
   - formatting check;
   - relevant build/tests;
   - `cargo check-unsafe2 --manifest-path {cargo_dir_path}/Cargo.toml`.
4. Record pre-existing failures and the initial unsafe-entity count so they are not attributed to this change.

Target selection, in priority order:
1. Remove `unsafe` from pointer-free arithmetic, bit manipulation, bounds calculations, state-independent helpers, and scalar-only C ABI entry points.
   - `extern ""C""` does not itself require an `unsafe fn`.
   - A wrapper taking only integers and calling safe code should normally be a safe `extern ""C"" fn`.
2. Convert genuinely read-only `static mut` lookup data to `const` or immutable `static`.
   - Prefer immutable `static` when callers require one stable address.
   - Prefer `const` only when object identity/address is irrelevant.
   - Do not change an externally writable data symbol or silently alter its linkage.
   - Check all `extern` declarations of exported tables and update mutability consistently without changing the symbol name or layout.
   - Do not add an `unsafe impl Sync` merely to force a pointer-containing static to compile. Leave such a value for a later design if safe immutability is not straightforward.
3. Move pointer-free implementation logic into ordinary safe Rust functions.
4. If a bounded buffer algorithm is selected, implement a safe core using slices, indexing, iterators, or chunks, with only a thin raw-pointer ABI wrapper.

Avoid complex stream-state, allocator, callback, and codec pointer rewrites unless `SAFETY_PLAN.md` identifies one as an already prepared next step. Those areas contain interdependent C layouts, function pointers, raw allocation state, and internal declarations that often resolve directly to exported symbols.

ABI and API constraints:
- Preserve every exported symbol name, C signature, calling convention, linkage, integer width, `repr(C)` layout, and function-pointer type.
- Internal `extern ""C""` declarations may bind directly to an exported Rust wrapper. Search callers before renaming or changing a Rust-visible signature.
- Never define the same exported symbol twice. When a safe Rust implementation uses the logical API name, give the ABI wrapper a distinct Rust identifier and use `#[export_name = ""...""]`.
- Do not assume `pub` means a safe Rust API is appropriate. A public function accepting raw pointers must remain unsafe unless its body cannot rely on pointer validity, aliasing, initialization, or lifetime invariants.
- Keep unavoidable raw-pointer operations at the ABI boundary and add a concise `// SAFETY:` justification to every new or modified unsafe block.
- Do not create a new raw-pointer helper simply to relocate unsafe code; new implementation helpers must use genuinely safe parameter types.

Behavioral constraints:
- Preserve null-pointer sentinel and initialization behavior exactly, including the order in which special cases are evaluated.
- Preserve whether null is accepted with zero length and whether a non-null zero-length pointer is accepted.
- Never call `slice::from_raw_parts` or `slice::from_raw_parts_mut` with null, including for zero length.
- Before constructing a slice, reject lengths exceeding `isize::MAX` unless a stronger invariant is proven.
- For an oversized length, use the API’s established invalid-argument result. Do not map it to an unrelated null-buffer sentinel merely because both avoid slice construction.
- Preserve wrapping, truncation, modulo timing, checksum chunking, integer promotion, state transitions, output accounting, and error values. Reordering reductions or replacing wrapping arithmetic can change translated C behavior.
- Ensure safe cores cannot panic for inputs admitted by their safe signatures.
- Do not “fix” apparent translated-C bugs or undefined behavior as part of a safety refactor unless compatibility tests and the plan explicitly authorize it.

Validation:
- Add focused tests when they cheaply protect changed behavior, especially scalar edge cases, standard checksum vectors, incremental/combined calculations, table contents, null handling, zero lengths, and chunk boundaries.
- Run the relevant formatting, build, and functionality tests.
- Run:
  `cargo check-unsafe2 --manifest-path {cargo_dir_path}/Cargo.toml`
- Compare its before/after unsafe-entity count and inspect all newly reported unsafe or unsafe-adjacent constructs. Integer-to-pointer casts, raw-pointer parameters or fields, new unsafe blocks, and new mutable statics are regressions unless required at an existing ABI boundary.
- Where practical, inspect produced symbols to confirm that wrappers and data exports remain unique and correctly named.
- Review the final diff for accidental whole-file formatting, symbol duplication, ABI drift, changed null semantics, table identity changes, and unrelated edits.
- If a command cannot run, report the exact command and reason; do not claim it passed.

Before finishing, update `SAFETY_PLAN.md` as a short working scratchpad with:
- the coherent category changed this iteration;
- the before/after unsafe count and reduction;
- completed items;
- validation commands and results;
- ABI or behavior pitfalls discovered;
- remaining work and the best next general candidate category.

Final response only:
- concise change summary;
- unsafe-entity reduction;
- validation results;
- remaining caveats or blocked checks.
Do not include full files or large code excerpts.",[0.036190187764990916]
"Continue the iterative Rust safety refactor documented in `SAFETY_PLAN.md`.

For this iteration, prioritize a surgical batch of low-risk, pointer-free cleanup:
1. Remove unnecessary `unsafe` from scalar-only arithmetic, bit-manipulation, bounds, compile-time metadata, checksum-combination, and similar state-independent helpers.
2. Make exported ABI wrappers safe `extern ""C"" fn` when their parameters are scalar-only and their bodies call only safe code. `extern ""C""` and `#[export_name]` do not themselves require `unsafe`.
3. Convert genuinely read-only internal lookup arrays from `static mut` to immutable `static` where this eliminates unsafe accesses without changing symbol linkage, object identity, layout, or externally observable writability.
4. Also consider no-argument ABI functions returning stable pointers when producing the pointer is safe and the function cannot rely on caller-provided pointer invariants.

Do not undertake stream-state, allocator, callback, compression/decompression loop, file-state, or codec raw-pointer rewrites in this iteration. Those areas have interdependent C layouts, internal symbol bindings, function pointers, and allocation invariants. Prefer many closely related one-line or small local reductions over one elaborate rewrite.

Known project context:
- This is a generated-looking C-to-Rust translation of zlib with a public C ABI.
- The historical checker baseline was 6,604 unsafe entities.
- A checksum-focused iteration previously reached 6,524.
- The latest reported tree reached 6,365 and passed functionality tests.
- Treat the current checkout and `SAFETY_PLAN.md` as authoritative: independently measure the actual starting count before editing rather than assuming 6,365.
- Prior successful techniques included moving scalar arithmetic into ordinary safe Rust functions, making read-only scalar lookup tables immutable, preserving a distinct exported ABI wrapper with `#[export_name]`, and adding small edge-case tests.
- A missed opportunity in the prior work was leaving scalar-only exported wrappers as `unsafe extern ""C"" fn` after their implementations became safe. Remove that unnecessary `unsafe` where the wrapper has no safety preconditions.
- Raw-pointer parameters must remain unsafe whenever correctness can depend on validity, alignment, initialization, aliasing, lifetime, allocation provenance, or accessible length. Do not mark such public functions safe merely because their current body performs null checks.
- Pointer-containing immutable statics may fail `Sync`; do not add `unsafe impl Sync` to force them through. Leave them for a later design.
- Some exported arrays and strings were historically mutable data symbols. Do not make an externally writable symbol immutable merely because Rust code only reads it. Confirm headers, declarations, linkage, and callers first.
- Preserve translated oddities and always-false-looking compatibility checks. This is a safety refactor, not a behavioral bug-fix pass.

Before editing:
1. Read `SAFETY_PLAN.md`.
2. Inspect `git status` and the current diff. Preserve all pre-existing user changes.
3. Inspect crate layout, exports, `#[no_mangle]`/`#[export_name]` uses, internal `extern ""C""` declarations, function-pointer types, call sites, headers, and relevant tests.
4. Find remaining unsafe functions with no raw-pointer parameters and remaining `static mut` values whose element types contain no pointers.
5. Run and record a practical baseline:
   - the repository’s formatting check;
   - relevant build and functionality tests;
   - `cargo check-unsafe2 --manifest-path {cargo_dir_path}/Cargo.toml`.
6. Record exact pre-existing failures and the initial unsafe count.

Implementation rules:
- Preserve every exported symbol name, C parameter and return type, calling convention, integer width, linkage, and `repr(C)` layout.
- Never define an exported symbol twice.
- If a safe Rust implementation needs the logical API name, retain a separately named ABI wrapper using `#[export_name = ""...""]`.
- A scalar ABI wrapper should normally be `pub extern ""C"" fn`, not `pub unsafe extern ""C"" fn`.
- Safe Rust functions do not need to lose the C ABI if internal function-pointer typing or direct Rust call sites require it. Inspect all uses before changing the Rust-visible function type.
- Internal `extern ""C""` declarations may resolve directly to exported Rust definitions. Do not remove or rename wrappers without checking those bindings.
- Preserve existing unsafe function-pointer types even if a safe function can coerce to them; changing a public or layout-relevant function-pointer type is out of scope.
- Prefer immutable `static` over `const` for lookup tables when callers take or compare their address. Use `const` only when identity is irrelevant.
- Do not alter the mutability of an exported data symbol unless external writability is definitively not part of the ABI and every declaration is updated consistently.
- Do not introduce new raw-pointer helpers, integer-to-pointer casts, mutable statics, unsafe traits, or unsafe blocks to obtain a count reduction.
- Keep edits narrow. Do not run formatting that rewrites entire generated files, and do not print full generated files.

Behavioral requirements:
- Preserve wrapping, truncation, signedness, integer promotion, shift behavior, modulo timing, overflow sentinels, and error values exactly.
- Preserve stable table addresses where the API exposes them.
- Preserve null sentinel behavior and special-case ordering in any touched wrapper.
- Safe cores must not panic for values admitted by their signatures.
- Do not replace translated wrapping arithmetic with ordinary arithmetic unless overflow is impossible for every admitted value and that fact is obvious.
- Do not simplify suspicious expressions solely because they appear redundant or always false.

Testing:
- Add only focused, inexpensive tests that protect touched scalar behavior, such as zero, maximum-width values, negative signed lengths, overflow sentinels, standard checksum combinations, compile-flag values, table contents, and stable table addresses.
- Where practical, test the exported ABI wrapper as well as the safe core.
- Avoid broad new test infrastructure.

Validation after editing:
1. Run the formatting check without causing whole-file churn.
2. Run relevant builds, unit tests, and functionality tests.
3. Run:
   `cargo check-unsafe2 --manifest-path {cargo_dir_path}/Cargo.toml`
4. Report the exact before/after unsafe count and reduction.
5. Inspect newly reported unsafe or unsafe-adjacent constructs. New raw-pointer fields or parameters, casts, mutable statics, unsafe blocks, or unsafe impls are regressions unless they already existed at an unavoidable ABI boundary.
6. Where available, inspect produced symbols with `nm`, `readelf`, or the repository’s equivalent to confirm each touched export appears exactly once with the original name and that touched data symbols retain the intended linkage/type.
7. Review `git diff --stat` and the final diff for accidental generated-file formatting, duplicate symbols, ABI drift, changed table identity, changed data-symbol writability, and unrelated edits.

Before finishing, update `SAFETY_PLAN.md` as a short scratchpad containing:
- the low-risk category changed this iteration;
- actual before/after unsafe counts and reduction;
- completed items;
- validation commands and outcomes;
- pre-existing failures;
- ABI or behavior pitfalls discovered;
- remaining work and the next general candidate category.

Final response only:
- concise change summary;
- unsafe-entity reduction;
- validation results;
- remaining caveats or blocked checks.

Do not include full files, large excerpts, or a long narrative. If a command could not run, give the exact command and reason and do not claim it passed.",[0.0]
"Continue the iterative Rust safety refactor documented in `SAFETY_PLAN.md`.

{target_goal}

{after_refactoring_instruction}

This project is a C-to-Rust translation of zlib with a public C ABI and many generated-looking modules. The historical baseline was 6,604 unsafe entities; a prior checksum refactor reduced that to 6,524 while functionality tests still passed. Treat the current tree and `SAFETY_PLAN.md` as authoritative, but measure the checker count before and after this iteration and aim for a meaningful reduction.

Make one coherent, high-confidence change set. Prefer a batch of closely related, inexpensive reductions over one elaborate pointer-heavy rewrite. Do not rewrite or print entire generated files.

Before editing:
1. Read `SAFETY_PLAN.md`.
2. Inspect `git status`, the current diff, crate layout, exports, internal `extern ""C""` declarations, call sites, and relevant tests.
3. Run a practical baseline:
   - formatting check;
   - relevant build/tests;
   - `cargo check-unsafe2 --manifest-path {cargo_dir_path}/Cargo.toml`.
4. Record pre-existing failures and the initial unsafe-entity count so they are not attributed to this change.

Target selection, in priority order:
1. Remove `unsafe` from pointer-free arithmetic, bit manipulation, bounds calculations, state-independent helpers, and scalar-only C ABI entry points.
   - `extern ""C""` does not itself require an `unsafe fn`.
   - A wrapper taking only integers and calling safe code should normally be a safe `extern ""C"" fn`.
2. Convert genuinely read-only `static mut` lookup data to `const` or immutable `static`.
   - Prefer immutable `static` when callers require one stable address.
   - Prefer `const` only when object identity/address is irrelevant.
   - Do not change an externally writable data symbol or silently alter its linkage.
   - Check all `extern` declarations of exported tables and update mutability consistently without changing the symbol name or layout.
   - Do not add an `unsafe impl Sync` merely to force a pointer-containing static to compile. Leave such a value for a later design if safe immutability is not straightforward.
3. Move pointer-free implementation logic into ordinary safe Rust functions.
4. If a bounded buffer algorithm is selected, implement a safe core using slices, indexing, iterators, or chunks, with only a thin raw-pointer ABI wrapper.

Avoid complex stream-state, allocator, callback, and codec pointer rewrites unless `SAFETY_PLAN.md` identifies one as an already prepared next step. Those areas contain interdependent C layouts, function pointers, raw allocation state, and internal declarations that often resolve directly to exported symbols.

ABI and API constraints:
- Preserve every exported symbol name, C signature, calling convention, linkage, integer width, `repr(C)` layout, and function-pointer type.
- Internal `extern ""C""` declarations may bind directly to an exported Rust wrapper. Search callers before renaming or changing a Rust-visible signature.
- Never define the same exported symbol twice. When a safe Rust implementation uses the logical API name, give the ABI wrapper a distinct Rust identifier and use `#[export_name = ""...""]`.
- Do not assume `pub` means a safe Rust API is appropriate. A public function accepting raw pointers must remain unsafe unless its body cannot rely on pointer validity, aliasing, initialization, or lifetime invariants.
- Keep unavoidable raw-pointer operations at the ABI boundary and add a concise `// SAFETY:` justification to every new or modified unsafe block.
- Do not create a new raw-pointer helper simply to relocate unsafe code; new implementation helpers must use genuinely safe parameter types.

Behavioral constraints:
- Preserve null-pointer sentinel and initialization behavior exactly, including the order in which special cases are evaluated.
- Preserve whether null is accepted with zero length and whether a non-null zero-length pointer is accepted.
- Never call `slice::from_raw_parts` or `slice::from_raw_parts_mut` with null, including for zero length.
- Before constructing a slice, reject lengths exceeding `isize::MAX` unless a stronger invariant is proven.
- For an oversized length, use the API’s established invalid-argument result. Do not map it to an unrelated null-buffer sentinel merely because both avoid slice construction.
- Preserve wrapping, truncation, modulo timing, checksum chunking, integer promotion, state transitions, output accounting, and error values. Reordering reductions or replacing wrapping arithmetic can change translated C behavior.
- Ensure safe cores cannot panic for inputs admitted by their safe signatures.
- Do not “fix” apparent translated-C bugs or undefined behavior as part of a safety refactor unless compatibility tests and the plan explicitly authorize it.

Validation:
- Add focused tests when they cheaply protect changed behavior, especially scalar edge cases, standard checksum vectors, incremental/combined calculations, table contents, null handling, zero lengths, and chunk boundaries.
- Run the relevant formatting, build, and functionality tests.
- Run:
  `cargo check-unsafe2 --manifest-path {cargo_dir_path}/Cargo.toml`
- Compare its before/after unsafe-entity count and inspect all newly reported unsafe or unsafe-adjacent constructs. Integer-to-pointer casts, raw-pointer parameters or fields, new unsafe blocks, and new mutable statics are regressions unless required at an existing ABI boundary.
- Where practical, inspect produced symbols to confirm that wrappers and data exports remain unique and correctly named.
- Review the final diff for accidental whole-file formatting, symbol duplication, ABI drift, changed null semantics, table identity changes, and unrelated edits.
- If a command cannot run, report the exact command and reason; do not claim it passed.

Before finishing, update `SAFETY_PLAN.md` as a short working scratchpad with:
- the coherent category changed this iteration;
- the before/after unsafe count and reduction;
- completed items;
- validation commands and results;
- ABI or behavior pitfalls discovered;
- remaining work and the best next general candidate category.

Final response only:
- concise change summary;
- unsafe-entity reduction;
- validation results;
- remaining caveats or blocked checks.
Do not include full files or large code excerpts.",[0.01635372501514234]
"Continue the iterative Rust safety refactor documented in `SAFETY_PLAN.md`.

For this iteration, make one compact, high-confidence pass over inexpensive pointer-free unsafe entities:

1. Remove `unsafe` from scalar-only arithmetic, bit-manipulation, size/bounds, compile-flag, checksum-combine, and similar state-independent helpers.
2. Do not stop after making an internal implementation safe. Any ABI wrapper whose parameters are only scalar values, whose body only calls safe code, and which imposes no caller safety invariant should also be a safe `extern ""C"" fn`. Rust-level `unsafe` is not part of the C ABI.
3. Convert genuinely read-only, pointer-free lookup arrays and tables from `static mut` to immutable `static`. This includes function-local tables and tables of pointer-free `Copy` records. Prefer immutable `static` over `const` when a stable address might matter.
4. Optionally include safe functions that only return a pointer to immutable static storage, provided they perform no dereference and require no caller invariant.

The historical checker baseline was 6,604 unsafe entities. A previously observed refactored tree reached 6,496, a reduction of 108, while functionality tests passed. These numbers are context only: treat the current checkout and `SAFETY_PLAN.md` as authoritative and measure the actual count before and after this iteration.

Before editing:

- Read `SAFETY_PLAN.md`.
- Inspect `git status`, the existing diff, crate manifests, module exports, relevant internal `extern ""C""` declarations, call sites, and tests.
- Identify scalar-only functions and read-only pointer-free statics with targeted searches; do not dump or rewrite entire generated-looking files.
- Run and record a practical baseline:
  - `cargo fmt --all -- --check`, using the appropriate manifest or workspace root;
  - relevant `cargo check` and tests;
  - `cargo check-unsafe2 --manifest-path {cargo_dir_path}/Cargo.toml`.
- Record all pre-existing failures and the initial unsafe count.

Selection rules:

- Prefer a batch of closely related declaration-level reductions over a pointer-heavy rewrite.
- A safe `extern ""C"" fn` preserves the same symbol, calling convention, parameter widths, and C signature.
- Preserve existing exported names. If the tree already uses a distinct Rust wrapper with `#[export_name = ""...""]`, keep that structure and make the wrapper safe when justified. Do not create duplicate exported symbols.
- Prefer minimal edits. Do not convert an existing C ABI function to Rust ABI merely to remove `unsafe`; normally keep it as a safe `extern ""C"" fn`.
- Raw-pointer parameters generally imply caller validity, initialization, aliasing, lifetime, or allocation invariants. Such public functions and forwarding wrappers must remain unsafe unless the pointer is never used in a way that relies on any invariant.
- Returning a raw pointer does not by itself require an unsafe function, but the returned storage must remain valid and have the same identity and lifetime as before.
- Do not alter callback or function-pointer types that are part of C-compatible layouts.
- Do not attempt stream-state, allocator, callback, compression, decompression, or gzip pointer rewrites in this pass.

Static-data rules:

- Prove a table is never written by searching all references, address-taking expressions, exports, and external declarations.
- Keep one stable object when callers take its address.
- Preserve symbol name, visibility, linkage, element type, length, and layout.
- Do not make an externally writable data symbol immutable. Exported `#[no_mangle]` or `#[export_name]` data requires explicit verification against declarations and public headers.
- Update mutability consistently in every matching internal declaration if an exported read-only symbol is safely converted.
- Do not add `unsafe impl Sync` to force pointer-containing statics to compile. Leave raw-pointer descriptors and other non-`Sync` values for a later design.
- Pointer-free arrays and pointer-free `repr(C)` records are the preferred candidates.

Behavior and compatibility constraints:

- Preserve translated-C wrapping, truncation, masks, shifts, modulo timing, sentinel values, negative-length handling, and integer widths exactly.
- Preserve apparently redundant or suspicious translated expressions. In particular, do not “fix” integer self-comparisons, overflow sentinels, or other apparent translation bugs during this safety-only pass.
- Preserve 32-bit checksum masking and combine semantics even on platforms where C integer aliases are wider.
- Preserve `off_t`, `off64_t`, `uLong`, `uInt`, and `size_t` behavior rather than replacing them with convenient Rust types.
- Do not reorder special-case checks or change null-pointer behavior in any adjacent pointer API.
- Safe functions must not panic for any input admitted by their signatures.
- Do not introduce integer-to-pointer casts, new raw-pointer fields or parameters, mutable statics, unsafe blocks, or unsafe functions merely to move existing unsafety elsewhere.
- Add a concise `// SAFETY:` justification to every new or modified unsafe block.

Validation:

- Add focused tests only where inexpensive and useful, especially scalar edge cases, maximum values, negative lengths, combine identities, and immutable table contents or address stability.
- Run formatting, relevant builds, and functionality tests.
- Run:
  `cargo check-unsafe2 --manifest-path {cargo_dir_path}/Cargo.toml`
- Report the exact before/after unsafe count and reduction.
- Inspect newly reported unsafe or unsafe-adjacent constructs and confirm that this pass introduced no new raw-pointer APIs, mutable statics, or unsafe blocks.
- Where practical, inspect built symbols with `nm`, `llvm-nm`, or an equivalent tool to confirm each affected C export remains unique and correctly named.
- Review the final diff for accidental whole-file formatting, ABI drift, changed table identity, exported-data mutability changes, duplicate symbols, and unrelated edits.
- If any command cannot run, report the exact command and reason rather than claiming success.

Before finishing, update `SAFETY_PLAN.md` as a short working scratchpad containing:

- the category changed in this iteration;
- actual before/after unsafe counts and reduction;
- completed scalar functions, wrappers, and immutable-table categories without pasting large lists;
- validation commands and results;
- ABI or behavior pitfalls discovered;
- blocked candidates, especially externally writable data or pointer-containing non-`Sync` statics;
- the best next general candidate category.

Final response only:

- concise change summary;
- unsafe-entity count before and after, with reduction;
- validation results;
- remaining caveats or blocked checks.

Do not include full files, large code excerpts, or a long inventory of unchanged unsafe entities.",[0.0]
"Continue the iterative Rust safety refactor documented in `SAFETY_PLAN.md`.

{target_goal}

{after_refactoring_instruction}

This project is a C-to-Rust translation of zlib with a public C ABI and many generated-looking modules. The historical baseline was 6,604 unsafe entities; a prior checksum refactor reduced that to 6,524 while functionality tests still passed. Treat the current tree and `SAFETY_PLAN.md` as authoritative, but measure the checker count before and after this iteration and aim for a meaningful reduction.

Make one coherent, high-confidence change set. Prefer a batch of closely related, inexpensive reductions over one elaborate pointer-heavy rewrite. Do not rewrite or print entire generated files.

Before editing:
1. Read `SAFETY_PLAN.md`.
2. Inspect `git status`, the current diff, crate layout, exports, internal `extern ""C""` declarations, call sites, and relevant tests.
3. Run a practical baseline:
   - formatting check;
   - relevant build/tests;
   - `cargo check-unsafe2 --manifest-path {cargo_dir_path}/Cargo.toml`.
4. Record pre-existing failures and the initial unsafe-entity count so they are not attributed to this change.

Target selection, in priority order:
1. Remove `unsafe` from pointer-free arithmetic, bit manipulation, bounds calculations, state-independent helpers, and scalar-only C ABI entry points.
   - `extern ""C""` does not itself require an `unsafe fn`.
   - A wrapper taking only integers and calling safe code should normally be a safe `extern ""C"" fn`.
2. Convert genuinely read-only `static mut` lookup data to `const` or immutable `static`.
   - Prefer immutable `static` when callers require one stable address.
   - Prefer `const` only when object identity/address is irrelevant.
   - Do not change an externally writable data symbol or silently alter its linkage.
   - Check all `extern` declarations of exported tables and update mutability consistently without changing the symbol name or layout.
   - Do not add an `unsafe impl Sync` merely to force a pointer-containing static to compile. Leave such a value for a later design if safe immutability is not straightforward.
3. Move pointer-free implementation logic into ordinary safe Rust functions.
4. If a bounded buffer algorithm is selected, implement a safe core using slices, indexing, iterators, or chunks, with only a thin raw-pointer ABI wrapper.

Avoid complex stream-state, allocator, callback, and codec pointer rewrites unless `SAFETY_PLAN.md` identifies one as an already prepared next step. Those areas contain interdependent C layouts, function pointers, raw allocation state, and internal declarations that often resolve directly to exported symbols.

ABI and API constraints:
- Preserve every exported symbol name, C signature, calling convention, linkage, integer width, `repr(C)` layout, and function-pointer type.
- Internal `extern ""C""` declarations may bind directly to an exported Rust wrapper. Search callers before renaming or changing a Rust-visible signature.
- Never define the same exported symbol twice. When a safe Rust implementation uses the logical API name, give the ABI wrapper a distinct Rust identifier and use `#[export_name = ""...""]`.
- Do not assume `pub` means a safe Rust API is appropriate. A public function accepting raw pointers must remain unsafe unless its body cannot rely on pointer validity, aliasing, initialization, or lifetime invariants.
- Keep unavoidable raw-pointer operations at the ABI boundary and add a concise `// SAFETY:` justification to every new or modified unsafe block.
- Do not create a new raw-pointer helper simply to relocate unsafe code; new implementation helpers must use genuinely safe parameter types.

Behavioral constraints:
- Preserve null-pointer sentinel and initialization behavior exactly, including the order in which special cases are evaluated.
- Preserve whether null is accepted with zero length and whether a non-null zero-length pointer is accepted.
- Never call `slice::from_raw_parts` or `slice::from_raw_parts_mut` with null, including for zero length.
- Before constructing a slice, reject lengths exceeding `isize::MAX` unless a stronger invariant is proven.
- For an oversized length, use the API’s established invalid-argument result. Do not map it to an unrelated null-buffer sentinel merely because both avoid slice construction.
- Preserve wrapping, truncation, modulo timing, checksum chunking, integer promotion, state transitions, output accounting, and error values. Reordering reductions or replacing wrapping arithmetic can change translated C behavior.
- Ensure safe cores cannot panic for inputs admitted by their safe signatures.
- Do not “fix” apparent translated-C bugs or undefined behavior as part of a safety refactor unless compatibility tests and the plan explicitly authorize it.

Validation:
- Add focused tests when they cheaply protect changed behavior, especially scalar edge cases, standard checksum vectors, incremental/combined calculations, table contents, null handling, zero lengths, and chunk boundaries.
- Run the relevant formatting, build, and functionality tests.
- Run:
  `cargo check-unsafe2 --manifest-path {cargo_dir_path}/Cargo.toml`
- Compare its before/after unsafe-entity count and inspect all newly reported unsafe or unsafe-adjacent constructs. Integer-to-pointer casts, raw-pointer parameters or fields, new unsafe blocks, and new mutable statics are regressions unless required at an existing ABI boundary.
- Where practical, inspect produced symbols to confirm that wrappers and data exports remain unique and correctly named.
- Review the final diff for accidental whole-file formatting, symbol duplication, ABI drift, changed null semantics, table identity changes, and unrelated edits.
- If a command cannot run, report the exact command and reason; do not claim it passed.

Before finishing, update `SAFETY_PLAN.md` as a short working scratchpad with:
- the coherent category changed this iteration;
- the before/after unsafe count and reduction;
- completed items;
- validation commands and results;
- ABI or behavior pitfalls discovered;
- remaining work and the best next general candidate category.

Final response only:
- concise change summary;
- unsafe-entity reduction;
- validation results;
- remaining caveats or blocked checks.
Do not include full files or large code excerpts.",[0.01665657177468201]
"Continue the iterative Rust safety refactor documented in `SAFETY_PLAN.md`.

{target_goal}

{after_refactoring_instruction}

Project context:
- This is a generated-looking C-to-Rust translation of zlib with a public C ABI.
- Many modules duplicate C types and use internal `extern ""C""` declarations that resolve directly to Rust-exported symbols.
- The historical checker baseline was 6,604 unsafe entities. A later checksum/read-only-table iteration reached 6,494 while functionality tests passed. Do not assume either number is current: treat the working tree and `SAFETY_PLAN.md` as authoritative and measure the count before and after this iteration.
- The translated code intentionally contains C-style wrapping, truncation, unusual sentinel ordering, and apparently redundant expressions. Preserve them unless the plan and compatibility tests explicitly authorize a behavior change.

Make one coherent, high-confidence change set. Prefer a batch of closely related, inexpensive reductions. Good general categories are:
1. Pointer-free scalar helpers and scalar-only C ABI entry points.
2. Genuinely read-only scalar lookup arrays, including function-local tables.
3. Pointer-free implementation logic that can become ordinary safe Rust.
4. A small bounded buffer routine only when it clearly supports a safe slice-based core and a thin raw-pointer boundary.

Do not attempt a broad stream-state, allocator, callback, compression, decompression, or file-state rewrite. Do not print or rewrite entire generated files.

Before editing:
1. Read `SAFETY_PLAN.md`.
2. Inspect:
   - `git status` and the current diff;
   - crate layout and exports;
   - relevant declarations, call sites, function-pointer types, and tests;
   - all internal `extern ""C""` declarations for any symbol under consideration.
3. Run a practical baseline:
   - `cargo fmt --all -- --check` or the repository’s documented formatting check;
   - the relevant build and functionality tests;
   - `cargo check-unsafe2 --manifest-path {cargo_dir_path}/Cargo.toml`.
4. Record the initial unsafe count and every pre-existing failure. Do not attribute baseline failures to this change.
5. Avoid repeatedly running expensive broad commands. Use targeted searches and tests during editing, then perform one complete final validation.

Rules for removing function unsafety:
- `extern ""C""` does not itself require `unsafe fn`.
- A function taking only integers or other scalar values and using only safe operations should normally be a safe `extern ""C"" fn`.
- Apply the reduction through every scalar-only layer: implementation helper, logical API function, and ABI wrapper. Do not leave a wrapper unsafe merely because it is exported.
- When the existing exported function already has the correct symbol and signature, remove only unnecessary `unsafe`; do not introduce a duplicate wrapper.
- If a separate logical implementation and ABI wrapper already exist, preserve that structure and ensure exactly one definition exports the C symbol.
- Preserve the calling convention, symbol name, linkage, parameter and return widths, and existing Rust-visible signature apart from removal of unnecessary unsafety.
- Do not change callback or function-pointer safety types merely to improve the count. Their contracts may be depended upon across duplicated modules.
- A function accepting raw pointers must remain unsafe if correctness relies on pointer validity, alignment, aliasing, initialization, allocation provenance, lifetime, writable memory, or a valid NUL terminator.
- A function with no pointer inputs that merely returns a raw pointer to immutable static storage can be safe, provided the pointer remains valid and the C signature is unchanged.
- Do not move raw-pointer operations into a new helper with the same raw-pointer contract. New safe helpers must use slices, references, or scalar values.

Rules for read-only data:
- Convert `static mut` only after proving that no Rust or C caller writes it.
- Search all Rust declarations, raw address uses, symbol exports, headers if present, and tests before changing mutability.
- Prefer immutable `static` when callers observe or retain one stable address.
- Use `const` only when object identity and address stability are irrelevant.
- Preserve exported symbol names, linkage, element type, array length, alignment, and layout.
- Update internal declarations consistently when an exported table becomes immutable.
- Do not convert externally writable compatibility symbols, diagnostic arrays, copyright buffers, or other public data merely because current Rust code does not mutate them.
- Immutable statics containing only scalar values or ordinary function pointers are usually straightforward candidates.
- Raw-pointer-containing descriptor values may fail `Sync`; do not add `unsafe impl Sync`, wrap them solely to suppress the error, or otherwise force conversion. Leave them for a later design.
- Do not duplicate a large table or reformat its contents. Change only its declaration and targeted uses.

Behavioral requirements:
- Preserve null-pointer sentinels and the exact order in which length and null special cases are evaluated. Some translated checksum paths intentionally test a special length before checking null.
- Preserve acceptance or rejection of null with zero length and non-null pointers with zero length.
- Never construct a slice from a null pointer, including for length zero.
- Before `from_raw_parts` or `from_raw_parts_mut`, reject lengths greater than `isize::MAX` unless a stronger local invariant is proven.
- Map oversized lengths to the API’s established invalid-argument result, not an unrelated null-buffer sentinel.
- Preserve wrapping operations, truncation, integer promotion, modulo timing, table indexing, checksum chunking, state transitions, output accounting, and error values.
- Safe cores must not panic for any input admitted by their safe signatures.
- Do not simplify translated expressions such as self-comparisons, overflow checks, or casts merely because they appear redundant; they may reflect compatibility behavior or generator artifacts.
- Do not introduce integer-to-pointer casts, new raw-pointer fields or parameters, mutable statics, or new unsafe blocks unless required at an existing ABI boundary.
- Every new or modified unsafe block must have a concise `// SAFETY:` explanation describing the validated invariant.

Editing discipline:
- Use narrow scripted or manual edits.
- Do not run formatting in a way that rewrites entire generated modules. If repository-wide formatting already fails, preserve that baseline and format only touched regions where practical.
- Review `git diff --stat` and the complete final diff. Revert accidental formatting churn and unrelated changes.
- Do not expose a new safe Rust API with a stronger implied contract than the implementation can guarantee.

Validation:
1. Add focused tests when inexpensive and relevant, especially for:
   - scalar edge values and overflow behavior;
   - lookup-table contents and stable addresses;
   - standard checksum vectors and combine operations;
   - null and zero-length behavior;
   - chunk and boundary lengths.
2. Run the formatting check, relevant build, and functionality tests.
3. Run:
   `cargo check-unsafe2 --manifest-path {cargo_dir_path}/Cargo.toml`
4. Report the exact before/after unsafe counts and reduction.
5. Inspect newly reported unsafe and unsafe-adjacent constructs. Confirm there are no accidental new pointer casts, pointer-bearing APIs, unsafe blocks, or mutable statics.
6. Where practical, inspect produced symbols with `nm`, `readelf`, or an equivalent tool to confirm that changed exports exist exactly once with their original names.
7. Check that immutable tables needing identity still have stable storage and that external declarations agree on type and mutability.
8. If any command cannot run, record the exact command, failure output summary, and reason. Never claim a blocked check passed.

Before finishing, update `SAFETY_PLAN.md` as a short working scratchpad containing:
- the coherent category changed in this iteration;
- initial and final unsafe counts and the reduction;
- completed items;
- validation commands and results;
- pre-existing failures;
- ABI or behavior pitfalls discovered;
- remaining work and the best next general candidate category.

Final response only:
- concise change summary;
- unsafe-entity count before, after, and reduction;
- validation results;
- remaining caveats or blocked checks.

Do not include complete files, large code excerpts, exhaustive unsafe-entity lists, or generated table contents.",[0.01665657177468201]
"Continue the iterative Rust safety refactor documented in `SAFETY_PLAN.md`.

{target_goal}

{after_refactoring_instruction}

This project is a C-to-Rust translation of zlib with a public C ABI and many generated-looking modules. The historical baseline was 6,604 unsafe entities; a prior checksum refactor reduced that to 6,524 while functionality tests still passed. Treat the current tree and `SAFETY_PLAN.md` as authoritative, but measure the checker count before and after this iteration and aim for a meaningful reduction.

Make one coherent, high-confidence change set. Prefer a batch of closely related, inexpensive reductions over one elaborate pointer-heavy rewrite. Do not rewrite or print entire generated files.

Before editing:
1. Read `SAFETY_PLAN.md`.
2. Inspect `git status`, the current diff, crate layout, exports, internal `extern ""C""` declarations, call sites, and relevant tests.
3. Run a practical baseline:
   - formatting check;
   - relevant build/tests;
   - `cargo check-unsafe2 --manifest-path {cargo_dir_path}/Cargo.toml`.
4. Record pre-existing failures and the initial unsafe-entity count so they are not attributed to this change.

Target selection, in priority order:
1. Remove `unsafe` from pointer-free arithmetic, bit manipulation, bounds calculations, state-independent helpers, and scalar-only C ABI entry points.
   - `extern ""C""` does not itself require an `unsafe fn`.
   - A wrapper taking only integers and calling safe code should normally be a safe `extern ""C"" fn`.
2. Convert genuinely read-only `static mut` lookup data to `const` or immutable `static`.
   - Prefer immutable `static` when callers require one stable address.
   - Prefer `const` only when object identity/address is irrelevant.
   - Do not change an externally writable data symbol or silently alter its linkage.
   - Check all `extern` declarations of exported tables and update mutability consistently without changing the symbol name or layout.
   - Do not add an `unsafe impl Sync` merely to force a pointer-containing static to compile. Leave such a value for a later design if safe immutability is not straightforward.
3. Move pointer-free implementation logic into ordinary safe Rust functions.
4. If a bounded buffer algorithm is selected, implement a safe core using slices, indexing, iterators, or chunks, with only a thin raw-pointer ABI wrapper.

Avoid complex stream-state, allocator, callback, and codec pointer rewrites unless `SAFETY_PLAN.md` identifies one as an already prepared next step. Those areas contain interdependent C layouts, function pointers, raw allocation state, and internal declarations that often resolve directly to exported symbols.

ABI and API constraints:
- Preserve every exported symbol name, C signature, calling convention, linkage, integer width, `repr(C)` layout, and function-pointer type.
- Internal `extern ""C""` declarations may bind directly to an exported Rust wrapper. Search callers before renaming or changing a Rust-visible signature.
- Never define the same exported symbol twice. When a safe Rust implementation uses the logical API name, give the ABI wrapper a distinct Rust identifier and use `#[export_name = ""...""]`.
- Do not assume `pub` means a safe Rust API is appropriate. A public function accepting raw pointers must remain unsafe unless its body cannot rely on pointer validity, aliasing, initialization, or lifetime invariants.
- Keep unavoidable raw-pointer operations at the ABI boundary and add a concise `// SAFETY:` justification to every new or modified unsafe block.
- Do not create a new raw-pointer helper simply to relocate unsafe code; new implementation helpers must use genuinely safe parameter types.

Behavioral constraints:
- Preserve null-pointer sentinel and initialization behavior exactly, including the order in which special cases are evaluated.
- Preserve whether null is accepted with zero length and whether a non-null zero-length pointer is accepted.
- Never call `slice::from_raw_parts` or `slice::from_raw_parts_mut` with null, including for zero length.
- Before constructing a slice, reject lengths exceeding `isize::MAX` unless a stronger invariant is proven.
- For an oversized length, use the API’s established invalid-argument result. Do not map it to an unrelated null-buffer sentinel merely because both avoid slice construction.
- Preserve wrapping, truncation, modulo timing, checksum chunking, integer promotion, state transitions, output accounting, and error values. Reordering reductions or replacing wrapping arithmetic can change translated C behavior.
- Ensure safe cores cannot panic for inputs admitted by their safe signatures.
- Do not “fix” apparent translated-C bugs or undefined behavior as part of a safety refactor unless compatibility tests and the plan explicitly authorize it.

Validation:
- Add focused tests when they cheaply protect changed behavior, especially scalar edge cases, standard checksum vectors, incremental/combined calculations, table contents, null handling, zero lengths, and chunk boundaries.
- Run the relevant formatting, build, and functionality tests.
- Run:
  `cargo check-unsafe2 --manifest-path {cargo_dir_path}/Cargo.toml`
- Compare its before/after unsafe-entity count and inspect all newly reported unsafe or unsafe-adjacent constructs. Integer-to-pointer casts, raw-pointer parameters or fields, new unsafe blocks, and new mutable statics are regressions unless required at an existing ABI boundary.
- Where practical, inspect produced symbols to confirm that wrappers and data exports remain unique and correctly named.
- Review the final diff for accidental whole-file formatting, symbol duplication, ABI drift, changed null semantics, table identity changes, and unrelated edits.
- If a command cannot run, report the exact command and reason; do not claim it passed.

Before finishing, update `SAFETY_PLAN.md` as a short working scratchpad with:
- the coherent category changed this iteration;
- the before/after unsafe count and reduction;
- completed items;
- validation commands and results;
- ABI or behavior pitfalls discovered;
- remaining work and the best next general candidate category.

Final response only:
- concise change summary;
- unsafe-entity reduction;
- validation results;
- remaining caveats or blocked checks.
Do not include full files or large code excerpts.",[0.01635372501514234]
"Continue the iterative Rust safety refactor documented in `SAFETY_PLAN.md`.

Make one coherent, inexpensive pass over pointer-free unsafe code and genuinely read-only scalar lookup data. Do not attempt stream-state, allocator, callback, compression, decompression, or other pointer-heavy rewrites in this iteration.

The project is a generated-looking C-to-Rust translation of zlib with a public C ABI. The historical checker baseline was 6,604 unsafe entities, and the latest reported refactor reached 6,496 while functionality tests passed. Treat the current checkout and `SAFETY_PLAN.md` as authoritative and remeasure before editing.

Primary targets:
1. Remove `unsafe` from functions whose parameters and behavior are entirely scalar and whose bodies use only safe arithmetic, bit manipulation, comparisons, and immutable lookup data.
2. Remove `unsafe` from corresponding scalar-only C ABI wrappers.
   - `extern ""C""` does not imply `unsafe`.
   - Preserve `extern ""C""` on existing Rust-visible functions; do not change them to Rust ABI merely to make them safe.
   - A scalar wrapper that only calls safe code should be `pub extern ""C"" fn`, not `pub unsafe extern ""C"" fn`.
3. Move private pointer-free implementation logic into ordinary safe helpers where that reduces unsafe propagation without changing public Rust signatures.
4. Convert private, read-only scalar arrays from `static mut` to immutable `static` or `const`.
   - Prefer immutable `static` when a stable address is observed.
   - Include function-local read-only arrays commonly emitted as `static mut`.
   - Confirm there are no writes, mutable references, or externally writable symbol requirements before conversion.
5. Where an exported read-only table is considered, inspect all declarations and consumers first. Preserve its symbol name, layout, linkage, and stable address. Do not make a historically writable C data symbol read-only without clear evidence that the ABI contract permits it.

Known generated-code pitfalls:
- Existing logical functions and `#[export_name = ""...""]` wrappers may coexist. Never export the same symbol twice.
- Internal `extern ""C""` declarations can resolve directly to an exported Rust wrapper. Search declarations and call sites before changing names or signatures.
- Do not change C integer widths, calling conventions, function-pointer types, `repr(C)` layouts, or Rust-visible ABI.
- Function-pointer typedefs that invoke pointer-based implementations should remain unsafe even if unrelated scalar functions become safe.
- Pointer-containing globals such as arrays of mutable character pointers may not implement `Sync`. Do not add `unsafe impl Sync`, wrap them solely to silence the compiler, or change their public mutability.
- Preserve wrapping and truncating arithmetic exactly. Do not replace translated expressions with mathematically cleaner versions if overflow, promotion, modulo timing, or truncation could differ.
- Do not “fix” suspicious translated expressions, including tautological comparisons or apparent C translation bugs, as part of this safety pass.
- A function returning a raw pointer is not automatically unsafe, but only make it safe when obtaining the pointer requires no caller invariant and it refers to immutable storage with an appropriate lifetime.
- Public functions accepting raw pointers generally remain unsafe unless they neither dereference nor otherwise rely on pointer validity, provenance, aliasing, initialization, or lifetime.

Before editing:
1. Read `SAFETY_PLAN.md`.
2. Inspect `git status`, the current diff, crate layout, manifests, exports, internal `extern` declarations, call sites, and tests.
3. Run the practical baseline:
   - `cargo fmt --all -- --check` using the appropriate manifest/workspace;
   - relevant build and functionality tests;
   - `cargo check-unsafe2 --manifest-path <discovered-manifest>/Cargo.toml`.
4. Record the initial unsafe count and all pre-existing failures.

Implementation requirements:
- Keep the patch narrow and mechanically reviewable.
- Do not rewrite or print entire generated files or large lookup tables.
- Do not introduce new raw-pointer helpers, unsafe blocks, integer-to-pointer casts, mutable statics, or pointer fields.
- Every new or modified unsafe block must have a concise `// SAFETY:` explanation.
- Safe helpers must not panic for inputs admitted by their signatures; use wrapping operations and proven bounds where required.
- If making a scalar ABI entry point safe exposes a call to an unsafe declaration, determine whether the declaration can safely be updated or whether the entry point must remain unsafe. Do not hide the call in a new unsafe helper merely to reduce the count.

Validation:
1. Add focused tests for changed scalar behavior where inexpensive, including boundary values, negative lengths where applicable, zero values, overflow edges, and combined/incremental calculations.
2. Run formatting, relevant builds, and the full available functionality tests.
3. Re-run:
   `cargo check-unsafe2 --manifest-path <discovered-manifest>/Cargo.toml`
4. Compare the exact before/after unsafe count and inspect newly reported unsafe-adjacent constructs.
5. Where practical, inspect produced symbols with `nm`, `llvm-nm`, or an equivalent tool to verify unique exported names and unchanged data/function symbol presence.
6. Review the final diff for accidental whole-file formatting, Rust or C ABI drift, duplicate exports, changed table identity, altered linkage, and unrelated edits.

Update `SAFETY_PLAN.md` as a short scratchpad with:
- the category changed in this iteration;
- exact before/after unsafe counts and reduction;
- completed items;
- validation commands and results;
- ABI or generated-code pitfalls found;
- remaining work and the best next general candidate category.

If any command cannot run, report the exact command and reason. Do not claim a check passed unless it ran successfully.

Final response only:
- concise change summary;
- exact unsafe-entity reduction;
- validation results;
- remaining caveats or blocked checks.

Do not include full files, large code excerpts, or long unsafe-entity listings.",[0.0]
"Continue the iterative Rust safety refactor documented in `SAFETY_PLAN.md`.

{target_goal}

{after_refactoring_instruction}

This project is a C-to-Rust translation of zlib with a public C ABI and many generated-looking modules. The historical baseline was 6,604 unsafe entities; a prior checksum refactor reduced that to 6,524 while functionality tests still passed. Treat the current tree and `SAFETY_PLAN.md` as authoritative, but measure the checker count before and after this iteration and aim for a meaningful reduction.

Make one coherent, high-confidence change set. Prefer a batch of closely related, inexpensive reductions over one elaborate pointer-heavy rewrite. Do not rewrite or print entire generated files.

Before editing:
1. Read `SAFETY_PLAN.md`.
2. Inspect `git status`, the current diff, crate layout, exports, internal `extern ""C""` declarations, call sites, and relevant tests.
3. Run a practical baseline:
   - formatting check;
   - relevant build/tests;
   - `cargo check-unsafe2 --manifest-path {cargo_dir_path}/Cargo.toml`.
4. Record pre-existing failures and the initial unsafe-entity count so they are not attributed to this change.

Target selection, in priority order:
1. Remove `unsafe` from pointer-free arithmetic, bit manipulation, bounds calculations, state-independent helpers, and scalar-only C ABI entry points.
   - `extern ""C""` does not itself require an `unsafe fn`.
   - A wrapper taking only integers and calling safe code should normally be a safe `extern ""C"" fn`.
2. Convert genuinely read-only `static mut` lookup data to `const` or immutable `static`.
   - Prefer immutable `static` when callers require one stable address.
   - Prefer `const` only when object identity/address is irrelevant.
   - Do not change an externally writable data symbol or silently alter its linkage.
   - Check all `extern` declarations of exported tables and update mutability consistently without changing the symbol name or layout.
   - Do not add an `unsafe impl Sync` merely to force a pointer-containing static to compile. Leave such a value for a later design if safe immutability is not straightforward.
3. Move pointer-free implementation logic into ordinary safe Rust functions.
4. If a bounded buffer algorithm is selected, implement a safe core using slices, indexing, iterators, or chunks, with only a thin raw-pointer ABI wrapper.

Avoid complex stream-state, allocator, callback, and codec pointer rewrites unless `SAFETY_PLAN.md` identifies one as an already prepared next step. Those areas contain interdependent C layouts, function pointers, raw allocation state, and internal declarations that often resolve directly to exported symbols.

ABI and API constraints:
- Preserve every exported symbol name, C signature, calling convention, linkage, integer width, `repr(C)` layout, and function-pointer type.
- Internal `extern ""C""` declarations may bind directly to an exported Rust wrapper. Search callers before renaming or changing a Rust-visible signature.
- Never define the same exported symbol twice. When a safe Rust implementation uses the logical API name, give the ABI wrapper a distinct Rust identifier and use `#[export_name = ""...""]`.
- Do not assume `pub` means a safe Rust API is appropriate. A public function accepting raw pointers must remain unsafe unless its body cannot rely on pointer validity, aliasing, initialization, or lifetime invariants.
- Keep unavoidable raw-pointer operations at the ABI boundary and add a concise `// SAFETY:` justification to every new or modified unsafe block.
- Do not create a new raw-pointer helper simply to relocate unsafe code; new implementation helpers must use genuinely safe parameter types.

Behavioral constraints:
- Preserve null-pointer sentinel and initialization behavior exactly, including the order in which special cases are evaluated.
- Preserve whether null is accepted with zero length and whether a non-null zero-length pointer is accepted.
- Never call `slice::from_raw_parts` or `slice::from_raw_parts_mut` with null, including for zero length.
- Before constructing a slice, reject lengths exceeding `isize::MAX` unless a stronger invariant is proven.
- For an oversized length, use the API’s established invalid-argument result. Do not map it to an unrelated null-buffer sentinel merely because both avoid slice construction.
- Preserve wrapping, truncation, modulo timing, checksum chunking, integer promotion, state transitions, output accounting, and error values. Reordering reductions or replacing wrapping arithmetic can change translated C behavior.
- Ensure safe cores cannot panic for inputs admitted by their safe signatures.
- Do not “fix” apparent translated-C bugs or undefined behavior as part of a safety refactor unless compatibility tests and the plan explicitly authorize it.

Validation:
- Add focused tests when they cheaply protect changed behavior, especially scalar edge cases, standard checksum vectors, incremental/combined calculations, table contents, null handling, zero lengths, and chunk boundaries.
- Run the relevant formatting, build, and functionality tests.
- Run:
  `cargo check-unsafe2 --manifest-path {cargo_dir_path}/Cargo.toml`
- Compare its before/after unsafe-entity count and inspect all newly reported unsafe or unsafe-adjacent constructs. Integer-to-pointer casts, raw-pointer parameters or fields, new unsafe blocks, and new mutable statics are regressions unless required at an existing ABI boundary.
- Where practical, inspect produced symbols to confirm that wrappers and data exports remain unique and correctly named.
- Review the final diff for accidental whole-file formatting, symbol duplication, ABI drift, changed null semantics, table identity changes, and unrelated edits.
- If a command cannot run, report the exact command and reason; do not claim it passed.

Before finishing, update `SAFETY_PLAN.md` as a short working scratchpad with:
- the coherent category changed this iteration;
- the before/after unsafe count and reduction;
- completed items;
- validation commands and results;
- ABI or behavior pitfalls discovered;
- remaining work and the best next general candidate category.

Final response only:
- concise change summary;
- unsafe-entity reduction;
- validation results;
- remaining caveats or blocked checks.
Do not include full files or large code excerpts.",[0.01665657177468201]
"Continue the iterative Rust safety refactor documented in `SAFETY_PLAN.md`.

Make one coherent, low-risk change set focused on eliminating unnecessary unsafety from:

1. Pointer-free scalar helpers and scalar-only C ABI entry points.
2. Read-only scalar lookup tables and fixed metadata currently declared `static mut`.
3. Trivial ABI wrappers whose arguments are all integers and whose bodies only call safe code.

This is a generated-looking C-to-Rust translation of zlib. It exposes a public C ABI, and internal `extern ""C""` declarations may resolve directly to Rust-exported symbols. The historical checker baseline was 6,604 unsafe entities; a prior successful checksum-oriented pass reported 6,494 while functionality tests passed. Do not assume either number is current: treat the working tree and `SAFETY_PLAN.md` as authoritative and measure before and after this iteration.

Before editing:

- Read `SAFETY_PLAN.md`.
- Inspect `git status`, existing diffs, crate layout, exports, internal `extern ""C""` declarations, call sites, and relevant tests.
- Search broadly for:
  - `unsafe fn` and `unsafe extern ""C"" fn` bodies that use only scalar arithmetic, bit operations, bounds calculations, or safe calls;
  - scalar-only exported wrappers still marked unsafe;
  - read-only `static mut` arrays or fixed metadata;
  - all declarations and uses of any exported data symbol considered for immutability.
- Run a practical baseline:
  - formatting check;
  - relevant build and tests;
  - `cargo check-unsafe2 --manifest-path {cargo_dir_path}/Cargo.toml`.
- Record the exact initial unsafe-entity count and all pre-existing failures.

Refactoring rules:

- `extern ""C""` does not itself require `unsafe fn`. A function taking only integer/scalar values and performing no unsafe operation should normally be a safe `extern ""C"" fn`, including its exported ABI wrapper.
- Do not stop after making an internal implementation safe while leaving a scalar-only forwarding wrapper unnecessarily unsafe. Remove `unsafe` through the entire safe call chain where signatures and function-pointer types permit it.
- Prefer retaining the existing C ABI directly as a safe `extern ""C"" fn` when no separate Rust API is needed. If a distinct implementation and ABI wrapper are necessary, use a different Rust identifier for the wrapper with `#[export_name = ""...""]`; never emit the same symbol twice.
- Preserve exported symbol names, C signatures, calling conventions, linkage, integer widths, `repr(C)` layouts, and function-pointer types.
- A raw-pointer parameter may remain unsafe when the implementation relies on validity, alignment, initialization, aliasing, lifetime, allocation, or same-object pointer arithmetic. Do not mark such a Rust-visible function safe merely because it checks for null.
- Conversely, merely returning a raw pointer or using a raw pointer as an opaque value does not automatically require an unsafe function. Judge whether callers must uphold invariants for the body to be sound.
- Convert genuinely read-only scalar arrays and fixed scalar metadata from `static mut` to immutable `static` where stable identity may matter. Use `const` only when repeated inlining and loss of object identity are harmless.
- For local read-only tables, immutable `static` is generally preferable to `static mut`.
- Do not alter an externally writable data symbol. For exported tables, inspect every `extern` declaration and update const/mutability consistently only when the symbol is contractually read-only. Preserve symbol name, linkage, size, alignment, and contents.
- Do not add `unsafe impl Sync` to force pointer-containing metadata into an immutable static. Leave raw-pointer-containing descriptors or other non-`Sync` values for a later design unless a naturally safe representation is straightforward.
- Do not perform allocator, callback, stream-state, compression-state, decompression-state, or pointer-heavy codec rewrites in this iteration.
- Do not mechanically change all `static mut` values: distinguish immutable lookup data from mutable state and ABI-visible writable storage.
- Preserve wrapping arithmetic, truncation, signedness, modulo timing, error values, table contents, and all translated-C behavior. Do not “fix” suspicious translated code as part of this pass.
- Avoid broad formatting or rewriting entire generated files. Make targeted edits only.
- Add concise `// SAFETY:` comments to every new or modified unsafe block. Do not introduce a raw-pointer helper merely to move unsafe code elsewhere.

Testing:

- Add focused tests only where inexpensive and useful, especially for scalar edge cases, overflow/wrapping behavior, negative lengths, stable table addresses, and representative table entries.
- Test both safe Rust-visible implementations and exported ABI behavior when practical.
- Inspect produced symbols where practical to verify that changed exports remain unique and correctly named.

Validation after editing:

- Run formatting checks.
- Run relevant unit and functionality tests.
- Run the project’s practical build/check commands.
- Run:
  `cargo check-unsafe2 --manifest-path {cargo_dir_path}/Cargo.toml`
- Report the exact before/after unsafe-entity counts and reduction.
- Inspect newly reported unsafe or unsafe-adjacent constructs. New raw-pointer fields or parameters, integer-to-pointer casts, mutable statics, unsafe blocks, or unsafe functions are regressions unless required at an existing ABI boundary.
- Review the final diff for accidental whole-file formatting, duplicate symbols, ABI drift, changed data linkage, changed table identity, altered arithmetic, and unrelated edits.
- If any command cannot run, report its exact command and reason rather than claiming success.

Before finishing, update `SAFETY_PLAN.md` as a short working scratchpad containing:

- the coherent category changed;
- before/after checker counts and reduction;
- completed work;
- validation commands and results;
- ABI or behavior pitfalls found;
- remaining work and the best next general candidate category.

Final response only:

- concise change summary;
- exact unsafe-entity reduction;
- validation results;
- remaining caveats or blocked checks.

Do not print full files, generated tables, long unsafe-entity lists, or large code excerpts.",[0.0]
"Continue the iterative Rust safety refactor documented in `SAFETY_PLAN.md`.

{target_goal}

{after_refactoring_instruction}

This project is a C-to-Rust translation of zlib with a public C ABI and many generated-looking modules. The historical baseline was 6,604 unsafe entities; a prior checksum refactor reduced that to 6,524 while functionality tests still passed. Treat the current tree and `SAFETY_PLAN.md` as authoritative, but measure the checker count before and after this iteration and aim for a meaningful reduction.

Make one coherent, high-confidence change set. Prefer a batch of closely related, inexpensive reductions over one elaborate pointer-heavy rewrite. Do not rewrite or print entire generated files.

Before editing:
1. Read `SAFETY_PLAN.md`.
2. Inspect `git status`, the current diff, crate layout, exports, internal `extern ""C""` declarations, call sites, and relevant tests.
3. Run a practical baseline:
   - formatting check;
   - relevant build/tests;
   - `cargo check-unsafe2 --manifest-path {cargo_dir_path}/Cargo.toml`.
4. Record pre-existing failures and the initial unsafe-entity count so they are not attributed to this change.

Target selection, in priority order:
1. Remove `unsafe` from pointer-free arithmetic, bit manipulation, bounds calculations, state-independent helpers, and scalar-only C ABI entry points.
   - `extern ""C""` does not itself require an `unsafe fn`.
   - A wrapper taking only integers and calling safe code should normally be a safe `extern ""C"" fn`.
2. Convert genuinely read-only `static mut` lookup data to `const` or immutable `static`.
   - Prefer immutable `static` when callers require one stable address.
   - Prefer `const` only when object identity/address is irrelevant.
   - Do not change an externally writable data symbol or silently alter its linkage.
   - Check all `extern` declarations of exported tables and update mutability consistently without changing the symbol name or layout.
   - Do not add an `unsafe impl Sync` merely to force a pointer-containing static to compile. Leave such a value for a later design if safe immutability is not straightforward.
3. Move pointer-free implementation logic into ordinary safe Rust functions.
4. If a bounded buffer algorithm is selected, implement a safe core using slices, indexing, iterators, or chunks, with only a thin raw-pointer ABI wrapper.

Avoid complex stream-state, allocator, callback, and codec pointer rewrites unless `SAFETY_PLAN.md` identifies one as an already prepared next step. Those areas contain interdependent C layouts, function pointers, raw allocation state, and internal declarations that often resolve directly to exported symbols.

ABI and API constraints:
- Preserve every exported symbol name, C signature, calling convention, linkage, integer width, `repr(C)` layout, and function-pointer type.
- Internal `extern ""C""` declarations may bind directly to an exported Rust wrapper. Search callers before renaming or changing a Rust-visible signature.
- Never define the same exported symbol twice. When a safe Rust implementation uses the logical API name, give the ABI wrapper a distinct Rust identifier and use `#[export_name = ""...""]`.
- Do not assume `pub` means a safe Rust API is appropriate. A public function accepting raw pointers must remain unsafe unless its body cannot rely on pointer validity, aliasing, initialization, or lifetime invariants.
- Keep unavoidable raw-pointer operations at the ABI boundary and add a concise `// SAFETY:` justification to every new or modified unsafe block.
- Do not create a new raw-pointer helper simply to relocate unsafe code; new implementation helpers must use genuinely safe parameter types.

Behavioral constraints:
- Preserve null-pointer sentinel and initialization behavior exactly, including the order in which special cases are evaluated.
- Preserve whether null is accepted with zero length and whether a non-null zero-length pointer is accepted.
- Never call `slice::from_raw_parts` or `slice::from_raw_parts_mut` with null, including for zero length.
- Before constructing a slice, reject lengths exceeding `isize::MAX` unless a stronger invariant is proven.
- For an oversized length, use the API’s established invalid-argument result. Do not map it to an unrelated null-buffer sentinel merely because both avoid slice construction.
- Preserve wrapping, truncation, modulo timing, checksum chunking, integer promotion, state transitions, output accounting, and error values. Reordering reductions or replacing wrapping arithmetic can change translated C behavior.
- Ensure safe cores cannot panic for inputs admitted by their safe signatures.
- Do not “fix” apparent translated-C bugs or undefined behavior as part of a safety refactor unless compatibility tests and the plan explicitly authorize it.

Validation:
- Add focused tests when they cheaply protect changed behavior, especially scalar edge cases, standard checksum vectors, incremental/combined calculations, table contents, null handling, zero lengths, and chunk boundaries.
- Run the relevant formatting, build, and functionality tests.
- Run:
  `cargo check-unsafe2 --manifest-path {cargo_dir_path}/Cargo.toml`
- Compare its before/after unsafe-entity count and inspect all newly reported unsafe or unsafe-adjacent constructs. Integer-to-pointer casts, raw-pointer parameters or fields, new unsafe blocks, and new mutable statics are regressions unless required at an existing ABI boundary.
- Where practical, inspect produced symbols to confirm that wrappers and data exports remain unique and correctly named.
- Review the final diff for accidental whole-file formatting, symbol duplication, ABI drift, changed null semantics, table identity changes, and unrelated edits.
- If a command cannot run, report the exact command and reason; do not claim it passed.

Before finishing, update `SAFETY_PLAN.md` as a short working scratchpad with:
- the coherent category changed this iteration;
- the before/after unsafe count and reduction;
- completed items;
- validation commands and results;
- ABI or behavior pitfalls discovered;
- remaining work and the best next general candidate category.

Final response only:
- concise change summary;
- unsafe-entity reduction;
- validation results;
- remaining caveats or blocked checks.
Do not include full files or large code excerpts.",[0.01635372501514234]
"Continue the iterative Rust safety refactor documented in `SAFETY_PLAN.md`.

This is a generated-looking C-to-Rust translation of zlib. It exposes a public C ABI, and internal `extern ""C""` declarations may resolve directly to Rust-exported symbols. The historical checker baseline was 6,604 unsafe entities, an earlier checksum milestone reached 6,524, and the latest evaluated refactor reached 6,496 while functionality tests passed. Treat the current checkout and `SAFETY_PLAN.md` as authoritative and remeasure rather than assuming 6,496 is still current.

Make one coherent, low-risk change set focused on inexpensive unsafe reductions. Prefer a broad but mechanical sweep of closely related scalar-only functions and genuinely read-only data over a complex pointer or stream-state rewrite.

Before editing:
1. Read `SAFETY_PLAN.md`.
2. Inspect `git status`, the current diff, crate layout, exports, internal `extern ""C""` declarations, call sites, function-pointer types, and relevant tests.
3. Run and record a practical baseline:
   - `cargo fmt --manifest-path {cargo_dir_path}/Cargo.toml -- --check`
   - relevant build and functionality tests;
   - `cargo check-unsafe2 --manifest-path {cargo_dir_path}/Cargo.toml`
4. Record all pre-existing failures and the actual initial unsafe count.

Primary target: pointer-free and state-independent functions
- Find functions whose parameters and results are integers or other plain scalar values and whose bodies perform only arithmetic, bit manipulation, bounds calculations, constant-size queries, or calls to safe scalar helpers.
- Convert their implementation logic to ordinary safe Rust functions.
- Preserve C ABI entry points as `extern ""C"" fn`, but do not mark them `unsafe` merely because they use the C calling convention or export a symbol.
- Apply this to forwarding ABI wrappers too. A scalar-only wrapper that only calls safe code should itself be a safe `extern ""C"" fn`; leaving only the wrapper unsafe misses an inexpensive checker reduction.
- A function returning a raw pointer does not automatically need to be unsafe if it requires no caller-provided pointer invariants and merely returns a pointer to immutable, permanently valid storage. Do not infer the same for functions accepting pointers.
- Keep public raw-pointer functions unsafe whenever correctness relies on pointer validity, alignment, initialization, aliasing, provenance, lifetime, allocation ownership, callback validity, or accessible length.

Secondary target: genuinely read-only lookup data
- Convert private `static mut` lookup arrays that are never written after initialization to immutable `static`.
- Use immutable `static`, not `const`, when callers return or retain the table’s address and stable object identity matters.
- Verify all reads, writes, address-taking sites, exports, and matching `extern` declarations before changing a table.
- Preserve externally visible symbol names, linkage, element type, array length, alignment, and layout.
- Do not make an externally writable C data symbol immutable.
- Do not convert pointer-containing globals merely by adding `unsafe impl Sync`. Pointer-containing descriptor and message tables need a separate design and should remain for later if immutability is not naturally accepted by Rust.
- Do not rewrite or print large generated table initializers. Make only declaration and use-site changes.

ABI rules:
- Preserve every exported symbol name, C parameter and result type, calling convention, linkage, integer width, `repr(C)` layout, and function-pointer type.
- Search internal declarations and callers before changing a Rust-visible signature.
- Never define one exported symbol twice.
- If a safe Rust implementation needs the logical API name while an ABI wrapper already exports that C name, keep distinct Rust identifiers and retain the existing `#[export_name = ""...""]` arrangement.
- Rust `unsafe fn` is not part of the machine-level C ABI, so removing it from a scalar ABI function is normally ABI-neutral. Calling convention changes are not neutral.
- Do not change raw-pointer fields or callback types in translated C structs merely to reduce checker output.

Behavior rules:
- Preserve translated C wrapping, truncation, shifts, modulo timing, integer promotion, sentinel values, negative-length handling, and overflow behavior exactly.
- Do not simplify suspicious translated expressions or fix apparent bugs during this safety-only iteration.
- Safe cores must not panic for any value admitted by their signatures.
- Preserve null and zero-length behavior in any touched pointer-adjacent wrapper. Never construct a slice from a null pointer, even at length zero, and reject lengths above `isize::MAX` with the API’s established invalid-argument result before slice construction.
- Keep unavoidable pointer operations at the ABI boundary. Add a concise `// SAFETY:` explanation to every new or modified unsafe block.
- Do not create raw-pointer helpers solely to move unsafe code elsewhere.

Validation:
- Add compact focused tests where cheap, particularly for scalar extrema, overflow/wrapping behavior, negative lengths, checksum combination identities, lookup-table contents, and stable table addresses.
- Run:
  - formatting check;
  - relevant build and functionality tests;
  - `cargo check-unsafe2 --manifest-path {cargo_dir_path}/Cargo.toml`.
- Report the exact before/after count and reduction.
- Inspect newly reported unsafe or unsafe-adjacent constructs. New unsafe functions, unsafe blocks, mutable statics, integer-to-pointer casts, or raw-pointer helpers are regressions unless required at an existing ABI boundary.
- Where practical, inspect produced symbols to confirm each changed ABI entry point and data export exists exactly once under its original name.
- Review the final diff for accidental whole-file formatting, duplicated symbols, calling-convention drift, changed table identity, altered integer semantics, and unrelated edits.

Update `SAFETY_PLAN.md` as a short working scratchpad with:
- the coherent category changed;
- measured before/after unsafe counts and reduction;
- completed items;
- validation commands and results;
- ABI or behavioral pitfalls found;
- remaining work and the best next general candidate category.

Do not output full source files or large excerpts. The final response must contain only:
- a concise change summary;
- the unsafe-entity before/after count and reduction;
- validation results;
- remaining caveats or blocked checks, including exact failed commands and reasons.",[0.0]
"Continue the iterative Rust safety refactor documented in `SAFETY_PLAN.md`.

{target_goal}

{after_refactoring_instruction}

This project is a C-to-Rust translation of zlib with a public C ABI and many generated-looking modules. The historical baseline was 6,604 unsafe entities; a prior checksum refactor reduced that to 6,524 while functionality tests still passed. Treat the current tree and `SAFETY_PLAN.md` as authoritative, but measure the checker count before and after this iteration and aim for a meaningful reduction.

Make one coherent, high-confidence change set. Prefer a batch of closely related, inexpensive reductions over one elaborate pointer-heavy rewrite. Do not rewrite or print entire generated files.

Before editing:
1. Read `SAFETY_PLAN.md`.
2. Inspect `git status`, the current diff, crate layout, exports, internal `extern ""C""` declarations, call sites, and relevant tests.
3. Run a practical baseline:
   - formatting check;
   - relevant build/tests;
   - `cargo check-unsafe2 --manifest-path {cargo_dir_path}/Cargo.toml`.
4. Record pre-existing failures and the initial unsafe-entity count so they are not attributed to this change.

Target selection, in priority order:
1. Remove `unsafe` from pointer-free arithmetic, bit manipulation, bounds calculations, state-independent helpers, and scalar-only C ABI entry points.
   - `extern ""C""` does not itself require an `unsafe fn`.
   - A wrapper taking only integers and calling safe code should normally be a safe `extern ""C"" fn`.
2. Convert genuinely read-only `static mut` lookup data to `const` or immutable `static`.
   - Prefer immutable `static` when callers require one stable address.
   - Prefer `const` only when object identity/address is irrelevant.
   - Do not change an externally writable data symbol or silently alter its linkage.
   - Check all `extern` declarations of exported tables and update mutability consistently without changing the symbol name or layout.
   - Do not add an `unsafe impl Sync` merely to force a pointer-containing static to compile. Leave such a value for a later design if safe immutability is not straightforward.
3. Move pointer-free implementation logic into ordinary safe Rust functions.
4. If a bounded buffer algorithm is selected, implement a safe core using slices, indexing, iterators, or chunks, with only a thin raw-pointer ABI wrapper.

Avoid complex stream-state, allocator, callback, and codec pointer rewrites unless `SAFETY_PLAN.md` identifies one as an already prepared next step. Those areas contain interdependent C layouts, function pointers, raw allocation state, and internal declarations that often resolve directly to exported symbols.

ABI and API constraints:
- Preserve every exported symbol name, C signature, calling convention, linkage, integer width, `repr(C)` layout, and function-pointer type.
- Internal `extern ""C""` declarations may bind directly to an exported Rust wrapper. Search callers before renaming or changing a Rust-visible signature.
- Never define the same exported symbol twice. When a safe Rust implementation uses the logical API name, give the ABI wrapper a distinct Rust identifier and use `#[export_name = ""...""]`.
- Do not assume `pub` means a safe Rust API is appropriate. A public function accepting raw pointers must remain unsafe unless its body cannot rely on pointer validity, aliasing, initialization, or lifetime invariants.
- Keep unavoidable raw-pointer operations at the ABI boundary and add a concise `// SAFETY:` justification to every new or modified unsafe block.
- Do not create a new raw-pointer helper simply to relocate unsafe code; new implementation helpers must use genuinely safe parameter types.

Behavioral constraints:
- Preserve null-pointer sentinel and initialization behavior exactly, including the order in which special cases are evaluated.
- Preserve whether null is accepted with zero length and whether a non-null zero-length pointer is accepted.
- Never call `slice::from_raw_parts` or `slice::from_raw_parts_mut` with null, including for zero length.
- Before constructing a slice, reject lengths exceeding `isize::MAX` unless a stronger invariant is proven.
- For an oversized length, use the API’s established invalid-argument result. Do not map it to an unrelated null-buffer sentinel merely because both avoid slice construction.
- Preserve wrapping, truncation, modulo timing, checksum chunking, integer promotion, state transitions, output accounting, and error values. Reordering reductions or replacing wrapping arithmetic can change translated C behavior.
- Ensure safe cores cannot panic for inputs admitted by their safe signatures.
- Do not “fix” apparent translated-C bugs or undefined behavior as part of a safety refactor unless compatibility tests and the plan explicitly authorize it.

Validation:
- Add focused tests when they cheaply protect changed behavior, especially scalar edge cases, standard checksum vectors, incremental/combined calculations, table contents, null handling, zero lengths, and chunk boundaries.
- Run the relevant formatting, build, and functionality tests.
- Run:
  `cargo check-unsafe2 --manifest-path {cargo_dir_path}/Cargo.toml`
- Compare its before/after unsafe-entity count and inspect all newly reported unsafe or unsafe-adjacent constructs. Integer-to-pointer casts, raw-pointer parameters or fields, new unsafe blocks, and new mutable statics are regressions unless required at an existing ABI boundary.
- Where practical, inspect produced symbols to confirm that wrappers and data exports remain unique and correctly named.
- Review the final diff for accidental whole-file formatting, symbol duplication, ABI drift, changed null semantics, table identity changes, and unrelated edits.
- If a command cannot run, report the exact command and reason; do not claim it passed.

Before finishing, update `SAFETY_PLAN.md` as a short working scratchpad with:
- the coherent category changed this iteration;
- the before/after unsafe count and reduction;
- completed items;
- validation commands and results;
- ABI or behavior pitfalls discovered;
- remaining work and the best next general candidate category.

Final response only:
- concise change summary;
- unsafe-entity reduction;
- validation results;
- remaining caveats or blocked checks.
Do not include full files or large code excerpts.",[0.01635372501514234]
"Continue the iterative Rust safety refactor documented in `SAFETY_PLAN.md`.

This is a generated-looking C-to-Rust translation of zlib. It exposes a public C ABI, and internal `extern ""C""` declarations often resolve directly to Rust-exported symbols. The historical checker baseline was 6,604 unsafe entities; one prior evaluation observed 6,496 after arithmetic/checksum cleanup. Do not assume either number matches the current checkout: treat the tree and `SAFETY_PLAN.md` as authoritative and measure the count before and after this iteration.

Make one compact, coherent, high-confidence change set focused on inexpensive reductions. Prefer a batch of pointer-free scalar functions and read-only scalar lookup data over any stream-state, allocator, callback, compression-state, or raw-buffer rewrite.

Before editing:
1. Read `SAFETY_PLAN.md`.
2. Inspect `git status`, the existing diff, crate/workspace layout, exports, internal `extern ""C""` declarations, call sites, function-pointer types, and relevant tests.
3. Run a practical baseline:
   - `cargo fmt --all -- --check` or the repository’s equivalent;
   - the relevant build and tests;
   - `cargo check-unsafe2 --manifest-path {cargo_dir_path}/Cargo.toml`.
4. Record the initial unsafe count and all pre-existing failures. Do not attribute existing failures or unrelated working-tree changes to this iteration.

Primary target: remove unnecessary unsafety from pointer-free operations.
- A function using only integer/scalar arguments and safe arithmetic, bit manipulation, bounds calculations, or compile-time size queries should normally be an ordinary safe Rust function.
- `extern ""C""` does not by itself require `unsafe fn`.
- A scalar-only ABI entry point that calls safe code should be a safe `extern ""C"" fn`, including an `#[export_name]` wrapper. Do not leave such wrappers unsafe merely because they export a C symbol.
- Preserve all wrapping operations, casts, integer widths, signedness, truncation, modulo timing, shifts, sentinel values, and translated-C edge behavior.
- Where the logical implementation is converted to ordinary Rust, keep the ABI wrapper under a distinct Rust identifier and retain the exact exported symbol with `#[export_name = ""...""]`. Never define an exported symbol twice.
- Search all internal declarations and call sites before changing a Rust-visible signature. Internal `extern` declarations may continue to treat a symbol call as unsafe even when the exporting Rust definition is safe; do not perform broad declaration churn unless it clearly reduces unsafety without ABI risk.
- Do not change callback or function-pointer types from `unsafe extern ""C"" fn` unless every possible caller/callee contract is proven safe.

Secondary target: convert genuinely read-only scalar lookup data from `static mut`.
- Good candidates are private arrays of integers or plain value records that are initialized once and only indexed/read.
- Prefer immutable `static` when one stable address is required. Prefer `const` only when address identity is irrelevant.
- Check every use, raw-address expression, export attribute, and matching `extern` declaration before changing storage.
- Preserve symbol names, linkage, array lengths, element layout, and stable-address behavior.
- Do not make an externally writable C data symbol immutable. Public or exported mutable arrays, writable copyright buffers, and similar C-visible objects must retain their ABI unless the plan and tests explicitly authorize a linkage-compatible change.
- Raw pointers and translated function pointers generally prevent an immutable static from implementing `Sync`. Do not add `unsafe impl Sync`, wrap data solely to silence the compiler, or change pointer mutability to force compilation. Leave such pointer-containing tables for a later design.
- Make surgical declaration/access changes only. Do not regenerate, reformat, or print large lookup tables.

Safety boundaries:
- Public functions accepting raw pointers must remain unsafe when correctness depends on pointer validity, alignment, initialization, aliasing, lifetime, allocation provenance, or writable capacity.
- Returning a pointer to immutable stable storage does not alone require an unsafe function, but preserve the pointer type and address identity.
- Do not create raw-pointer helpers just to relocate unsafe code.
- If any new or modified unsafe block is unavoidable, keep it minimal and add a concise `// SAFETY:` explanation.
- Avoid integer-to-pointer casts, new raw-pointer fields or parameters, new mutable statics, and new unsafe blocks unless required at an existing ABI boundary.
- Do not attempt a broad raw-buffer or codec-state refactor in this iteration.

Behavior and ABI requirements:
- Preserve every exported symbol, C parameter and return type, calling convention, linkage, integer width, and `repr(C)` layout.
- Preserve null sentinels and the order of special-case checks.
- Do not “fix” suspicious translated-C behavior, tautological comparisons, overflow handling, or compatibility quirks as part of this safety-only change.
- Safe cores must not panic for inputs admitted by their safe signatures.
- Avoid changing generated-looking code style beyond the exact declarations and functions selected.

Focused validation:
- Add small tests only where they cheaply protect the changed behavior.
- For scalar arithmetic, cover zero, negative signed lengths where applicable, representative known values, and maximum-width/overflow cases.
- For lookup data, verify representative first/middle/last entries and stable address identity when callers receive a pointer.
- Test safe logical entry points directly when practical.
- Run formatting checks, relevant unit/integration/functionality tests, and:
  `cargo check-unsafe2 --manifest-path {cargo_dir_path}/Cargo.toml`
- Compare the exact before/after count and inspect newly reported unsafe or unsafe-adjacent constructs.
- Where practical, inspect produced symbols with `nm`, `readelf`, or the repository’s existing ABI tooling to confirm that changed ABI wrappers remain uniquely exported under the original names.
- Review `git diff --stat` and the final diff for accidental whole-file formatting, large generated-table churn, duplicate symbols, ABI drift, altered table identity, unrelated edits, or unsafe-count regressions.

Efficiency requirements:
- Use targeted searches and small patches rather than reading or emitting entire generated files.
- Do not include full files or large code excerpts in the response.
- Stop after one coherent batch once it validates and produces a meaningful reduction; do not expand into pointer-heavy work merely to increase the count.
- If a command cannot run, report the exact command and reason. Never claim an unavailable check passed.

Before finishing, update `SAFETY_PLAN.md` as a short working scratchpad containing:
- the category changed in this iteration;
- exact before/after unsafe counts and reduction;
- completed items;
- validation commands and results;
- ABI or behavior pitfalls discovered;
- remaining work and the best next general candidate category.

Final response only:
- concise change summary;
- exact unsafe-entity reduction;
- validation results;
- remaining caveats or blocked checks.",[0.0]
"Continue the iterative Rust safety refactor documented in `SAFETY_PLAN.md`.

{target_goal}

{after_refactoring_instruction}

This project is a C-to-Rust translation of zlib with a public C ABI and many generated-looking modules. The historical baseline was 6,604 unsafe entities; a prior checksum refactor reduced that to 6,524 while functionality tests still passed. Treat the current tree and `SAFETY_PLAN.md` as authoritative, but measure the checker count before and after this iteration and aim for a meaningful reduction.

Make one coherent, high-confidence change set. Prefer a batch of closely related, inexpensive reductions over one elaborate pointer-heavy rewrite. Do not rewrite or print entire generated files.

Before editing:
1. Read `SAFETY_PLAN.md`.
2. Inspect `git status`, the current diff, crate layout, exports, internal `extern ""C""` declarations, call sites, and relevant tests.
3. Run a practical baseline:
   - formatting check;
   - relevant build/tests;
   - `cargo check-unsafe2 --manifest-path {cargo_dir_path}/Cargo.toml`.
4. Record pre-existing failures and the initial unsafe-entity count so they are not attributed to this change.

Target selection, in priority order:
1. Remove `unsafe` from pointer-free arithmetic, bit manipulation, bounds calculations, state-independent helpers, and scalar-only C ABI entry points.
   - `extern ""C""` does not itself require an `unsafe fn`.
   - A wrapper taking only integers and calling safe code should normally be a safe `extern ""C"" fn`.
2. Convert genuinely read-only `static mut` lookup data to `const` or immutable `static`.
   - Prefer immutable `static` when callers require one stable address.
   - Prefer `const` only when object identity/address is irrelevant.
   - Do not change an externally writable data symbol or silently alter its linkage.
   - Check all `extern` declarations of exported tables and update mutability consistently without changing the symbol name or layout.
   - Do not add an `unsafe impl Sync` merely to force a pointer-containing static to compile. Leave such a value for a later design if safe immutability is not straightforward.
3. Move pointer-free implementation logic into ordinary safe Rust functions.
4. If a bounded buffer algorithm is selected, implement a safe core using slices, indexing, iterators, or chunks, with only a thin raw-pointer ABI wrapper.

Avoid complex stream-state, allocator, callback, and codec pointer rewrites unless `SAFETY_PLAN.md` identifies one as an already prepared next step. Those areas contain interdependent C layouts, function pointers, raw allocation state, and internal declarations that often resolve directly to exported symbols.

ABI and API constraints:
- Preserve every exported symbol name, C signature, calling convention, linkage, integer width, `repr(C)` layout, and function-pointer type.
- Internal `extern ""C""` declarations may bind directly to an exported Rust wrapper. Search callers before renaming or changing a Rust-visible signature.
- Never define the same exported symbol twice. When a safe Rust implementation uses the logical API name, give the ABI wrapper a distinct Rust identifier and use `#[export_name = ""...""]`.
- Do not assume `pub` means a safe Rust API is appropriate. A public function accepting raw pointers must remain unsafe unless its body cannot rely on pointer validity, aliasing, initialization, or lifetime invariants.
- Keep unavoidable raw-pointer operations at the ABI boundary and add a concise `// SAFETY:` justification to every new or modified unsafe block.
- Do not create a new raw-pointer helper simply to relocate unsafe code; new implementation helpers must use genuinely safe parameter types.

Behavioral constraints:
- Preserve null-pointer sentinel and initialization behavior exactly, including the order in which special cases are evaluated.
- Preserve whether null is accepted with zero length and whether a non-null zero-length pointer is accepted.
- Never call `slice::from_raw_parts` or `slice::from_raw_parts_mut` with null, including for zero length.
- Before constructing a slice, reject lengths exceeding `isize::MAX` unless a stronger invariant is proven.
- For an oversized length, use the API’s established invalid-argument result. Do not map it to an unrelated null-buffer sentinel merely because both avoid slice construction.
- Preserve wrapping, truncation, modulo timing, checksum chunking, integer promotion, state transitions, output accounting, and error values. Reordering reductions or replacing wrapping arithmetic can change translated C behavior.
- Ensure safe cores cannot panic for inputs admitted by their safe signatures.
- Do not “fix” apparent translated-C bugs or undefined behavior as part of a safety refactor unless compatibility tests and the plan explicitly authorize it.

Validation:
- Add focused tests when they cheaply protect changed behavior, especially scalar edge cases, standard checksum vectors, incremental/combined calculations, table contents, null handling, zero lengths, and chunk boundaries.
- Run the relevant formatting, build, and functionality tests.
- Run:
  `cargo check-unsafe2 --manifest-path {cargo_dir_path}/Cargo.toml`
- Compare its before/after unsafe-entity count and inspect all newly reported unsafe or unsafe-adjacent constructs. Integer-to-pointer casts, raw-pointer parameters or fields, new unsafe blocks, and new mutable statics are regressions unless required at an existing ABI boundary.
- Where practical, inspect produced symbols to confirm that wrappers and data exports remain unique and correctly named.
- Review the final diff for accidental whole-file formatting, symbol duplication, ABI drift, changed null semantics, table identity changes, and unrelated edits.
- If a command cannot run, report the exact command and reason; do not claim it passed.

Before finishing, update `SAFETY_PLAN.md` as a short working scratchpad with:
- the coherent category changed this iteration;
- the before/after unsafe count and reduction;
- completed items;
- validation commands and results;
- ABI or behavior pitfalls discovered;
- remaining work and the best next general candidate category.

Final response only:
- concise change summary;
- unsafe-entity reduction;
- validation results;
- remaining caveats or blocked checks.
Do not include full files or large code excerpts.",[0.01635372501514234]
"Continue the iterative Rust safety refactor documented in `SAFETY_PLAN.md`.

This is a generated-looking C-to-Rust translation of zlib with a public C ABI. The historical checker baseline was 6,604 unsafe entities. The latest observed result was 6,496, with functionality tests passing, but the current checkout and a fresh `cargo check-unsafe2` measurement are authoritative.

For this iteration, perform one low-risk, coherent crate-wide pass over:

1. Pointer-free scalar helpers and scalar-only C ABI entry points.
2. Genuinely read-only lookup arrays and tables whose element types are straightforwardly `Sync`.
3. Trivial wrappers that only forward scalar values to safe code.

Do not undertake stream-state, allocator, callback, compression, decompression, file-state, or other pointer-heavy algorithm rewrites in this iteration.

Before editing:

- Read `SAFETY_PLAN.md`.
- Inspect `git status` and the current diff so existing work is not overwritten or attributed to this iteration.
- Inspect the crate layout, exports, `#[no_mangle]` and `#[export_name]` uses, internal `extern ""C""` declarations, direct Rust call sites, tests, and build scripts.
- Run and record a practical baseline:
  - `cargo fmt --manifest-path {cargo_dir_path}/Cargo.toml -- --check`
  - relevant build and functionality tests identified by the repository or plan
  - `cargo check-unsafe2 --manifest-path {cargo_dir_path}/Cargo.toml`
- Record all pre-existing failures and the initial unsafe-entity count.

Refactoring rules:

- `extern ""C""` does not itself require `unsafe fn`.
- A function taking only scalar integers and performing arithmetic, bit manipulation, size calculations, or calls to safe functions should normally be a safe ordinary Rust function or a safe `extern ""C"" fn`.
- Do not leave a scalar-only `#[export_name]` forwarding wrapper unsafe merely because it is an ABI wrapper. Make both the safe implementation and scalar-only ABI wrapper safe when their bodies require no unsafe operation.
- Functions accepting raw pointers must remain unsafe when correctness depends on pointer validity, alignment, initialization, aliasing, lifetime, allocation provenance, or accessible length.
- A function that only returns a raw pointer to immutable static storage may be safe if callers are not required to uphold an invariant merely to call it.
- Do not create raw-pointer helpers merely to move unsafe code elsewhere. New implementation helpers must use safe parameter types.
- Preserve translated wrapping, truncation, shift, modulo, and overflow behavior exactly. Do not simplify suspicious expressions or fix translated-C bugs during this safety-only pass.

For lookup data:

- Convert `static mut` to immutable `static` when the value is never written and callers may depend on one stable address.
- Use `const` only when address identity and exported data-symbol identity are irrelevant.
- Search all declarations and uses before changing mutability.
- Preserve symbol name, linkage, element type, length, alignment, and layout.
- Do not make an externally writable C data symbol immutable unless repository declarations and upstream semantics establish that it is logically const.
- Integer arrays, fixed code tables, and function-local ordering/base/extra-bit arrays are good candidates when they are read-only.
- Pointer-containing descriptor tables or pointer arrays may fail immutable-static `Sync` requirements. Do not add `unsafe impl Sync`, wrapper types, integer-to-pointer casts, or other workarounds merely to reduce the count; leave those for a later design.
- Function-pointer tables may be converted only if their exact function-pointer types and all ABI-relevant uses remain unchanged.

ABI constraints:

- Preserve every exported symbol name, C parameter and return type, calling convention, linkage, integer width, and `repr(C)` layout.
- Never define the same exported symbol twice.
- If a logical implementation uses the API’s natural Rust name while an ABI wrapper exports the C name, keep distinct Rust identifiers and use exactly one `#[export_name = ""...""]`.
- Search internal `extern ""C""` declarations because they can resolve directly to exported Rust symbols.
- Changing a Rust function from `unsafe extern ""C"" fn` to safe `extern ""C"" fn` does not alter its C ABI, but changing a function-pointer field’s type can alter Rust type compatibility; do not change callback or stored function-pointer types in this pass.
- Avoid accidental changes to generated tables or whole-file reformatting.

Validation:

- Add focused tests only where inexpensive and useful, especially scalar edge cases, overflow boundaries, lookup-table contents, stable table addresses, and exported scalar behavior.
- Run formatting, the relevant build/tests, and:
  `cargo check-unsafe2 --manifest-path {cargo_dir_path}/Cargo.toml`
- Compare the before/after count. Aim for a meaningful reduction rather than merely relocating unsafe constructs.
- Inspect all newly reported unsafe or unsafe-adjacent constructs. New raw-pointer fields or parameters, integer-to-pointer casts, unsafe blocks, mutable statics, or `unsafe impl` declarations are regressions unless required at an unchanged ABI boundary.
- Where practical, inspect produced symbols with the platform’s symbol tool to confirm each affected function or data export appears exactly once with the original name.
- Review the final diff for ABI drift, changed table identity, altered arithmetic semantics, unrelated edits, and accidental formatting churn.

Before finishing, update `SAFETY_PLAN.md` as a short scratchpad containing:

- the category changed in this iteration;
- initial and final unsafe counts and the reduction;
- completed work;
- validation commands and exact results;
- ABI or mutability pitfalls found;
- blocked checks and their exact reasons;
- the best next general candidate category.

Final response only:

- concise change summary;
- unsafe-entity count before and after, with reduction;
- validation results;
- remaining caveats or blocked checks.

Do not print full files, generated tables, large diffs, or lengthy code excerpts. Do not claim a command passed if it could not run.",[0.0]
"Continue the iterative Rust safety refactor documented in `SAFETY_PLAN.md`.

{target_goal}

{after_refactoring_instruction}

This project is a C-to-Rust translation of zlib with a public C ABI and many generated-looking modules. The historical baseline was 6,604 unsafe entities; a prior checksum refactor reduced that to 6,524 while functionality tests still passed. Treat the current tree and `SAFETY_PLAN.md` as authoritative, but measure the checker count before and after this iteration and aim for a meaningful reduction.

Make one coherent, high-confidence change set. Prefer a batch of closely related, inexpensive reductions over one elaborate pointer-heavy rewrite. Do not rewrite or print entire generated files.

Before editing:
1. Read `SAFETY_PLAN.md`.
2. Inspect `git status`, the current diff, crate layout, exports, internal `extern ""C""` declarations, call sites, and relevant tests.
3. Run a practical baseline:
   - formatting check;
   - relevant build/tests;
   - `cargo check-unsafe2 --manifest-path {cargo_dir_path}/Cargo.toml`.
4. Record pre-existing failures and the initial unsafe-entity count so they are not attributed to this change.

Target selection, in priority order:
1. Remove `unsafe` from pointer-free arithmetic, bit manipulation, bounds calculations, state-independent helpers, and scalar-only C ABI entry points.
   - `extern ""C""` does not itself require an `unsafe fn`.
   - A wrapper taking only integers and calling safe code should normally be a safe `extern ""C"" fn`.
2. Convert genuinely read-only `static mut` lookup data to `const` or immutable `static`.
   - Prefer immutable `static` when callers require one stable address.
   - Prefer `const` only when object identity/address is irrelevant.
   - Do not change an externally writable data symbol or silently alter its linkage.
   - Check all `extern` declarations of exported tables and update mutability consistently without changing the symbol name or layout.
   - Do not add an `unsafe impl Sync` merely to force a pointer-containing static to compile. Leave such a value for a later design if safe immutability is not straightforward.
3. Move pointer-free implementation logic into ordinary safe Rust functions.
4. If a bounded buffer algorithm is selected, implement a safe core using slices, indexing, iterators, or chunks, with only a thin raw-pointer ABI wrapper.

Avoid complex stream-state, allocator, callback, and codec pointer rewrites unless `SAFETY_PLAN.md` identifies one as an already prepared next step. Those areas contain interdependent C layouts, function pointers, raw allocation state, and internal declarations that often resolve directly to exported symbols.

ABI and API constraints:
- Preserve every exported symbol name, C signature, calling convention, linkage, integer width, `repr(C)` layout, and function-pointer type.
- Internal `extern ""C""` declarations may bind directly to an exported Rust wrapper. Search callers before renaming or changing a Rust-visible signature.
- Never define the same exported symbol twice. When a safe Rust implementation uses the logical API name, give the ABI wrapper a distinct Rust identifier and use `#[export_name = ""...""]`.
- Do not assume `pub` means a safe Rust API is appropriate. A public function accepting raw pointers must remain unsafe unless its body cannot rely on pointer validity, aliasing, initialization, or lifetime invariants.
- Keep unavoidable raw-pointer operations at the ABI boundary and add a concise `// SAFETY:` justification to every new or modified unsafe block.
- Do not create a new raw-pointer helper simply to relocate unsafe code; new implementation helpers must use genuinely safe parameter types.

Behavioral constraints:
- Preserve null-pointer sentinel and initialization behavior exactly, including the order in which special cases are evaluated.
- Preserve whether null is accepted with zero length and whether a non-null zero-length pointer is accepted.
- Never call `slice::from_raw_parts` or `slice::from_raw_parts_mut` with null, including for zero length.
- Before constructing a slice, reject lengths exceeding `isize::MAX` unless a stronger invariant is proven.
- For an oversized length, use the API’s established invalid-argument result. Do not map it to an unrelated null-buffer sentinel merely because both avoid slice construction.
- Preserve wrapping, truncation, modulo timing, checksum chunking, integer promotion, state transitions, output accounting, and error values. Reordering reductions or replacing wrapping arithmetic can change translated C behavior.
- Ensure safe cores cannot panic for inputs admitted by their safe signatures.
- Do not “fix” apparent translated-C bugs or undefined behavior as part of a safety refactor unless compatibility tests and the plan explicitly authorize it.

Validation:
- Add focused tests when they cheaply protect changed behavior, especially scalar edge cases, standard checksum vectors, incremental/combined calculations, table contents, null handling, zero lengths, and chunk boundaries.
- Run the relevant formatting, build, and functionality tests.
- Run:
  `cargo check-unsafe2 --manifest-path {cargo_dir_path}/Cargo.toml`
- Compare its before/after unsafe-entity count and inspect all newly reported unsafe or unsafe-adjacent constructs. Integer-to-pointer casts, raw-pointer parameters or fields, new unsafe blocks, and new mutable statics are regressions unless required at an existing ABI boundary.
- Where practical, inspect produced symbols to confirm that wrappers and data exports remain unique and correctly named.
- Review the final diff for accidental whole-file formatting, symbol duplication, ABI drift, changed null semantics, table identity changes, and unrelated edits.
- If a command cannot run, report the exact command and reason; do not claim it passed.

Before finishing, update `SAFETY_PLAN.md` as a short working scratchpad with:
- the coherent category changed this iteration;
- the before/after unsafe count and reduction;
- completed items;
- validation commands and results;
- ABI or behavior pitfalls discovered;
- remaining work and the best next general candidate category.

Final response only:
- concise change summary;
- unsafe-entity reduction;
- validation results;
- remaining caveats or blocked checks.
Do not include full files or large code excerpts.",[0.01635372501514234]
"Continue the iterative Rust safety refactor documented in `SAFETY_PLAN.md`.

The last evaluated tree contained 6,496 unsafe entities, down from the historical 6,604 baseline by 108, and passed functionality tests. Treat that number only as historical context: measure the current checkout before editing because the tree may have changed.

Goal for this iteration:
Make one small, coherent, high-confidence batch of inexpensive safety reductions. Prioritize declarations that are marked unsafe solely because they were mechanically translated from C, and genuinely read-only scalar lookup data. Avoid complex pointer or codec-state rewrites. Aim for a meaningful net reduction without broad generated-file churn.

Before editing:
1. Read `SAFETY_PLAN.md`.
2. Inspect `git status` and the existing diff. Preserve all user changes and record unrelated or pre-existing modifications.
3. Identify the crate manifest and inspect module exports, symbol attributes, internal `extern ""C""` declarations, call sites, function-pointer types, and relevant tests.
4. Run and record a practical baseline:
   - `cargo fmt --all -- --check` or the repository’s established formatting command;
   - the relevant build and functionality tests;
   - `cargo check-unsafe2 --manifest-path <manifest-path>`.
5. Record the exact initial unsafe-entity count and all pre-existing failures. Do not attribute those failures to this iteration.

Candidate selection, in priority order:

1. Pointer-free functions and wrappers
   - Remove `unsafe` from scalar-only arithmetic, bit manipulation, bounds calculations, size calculations, compile-time metadata queries, and state-independent helpers.
   - `extern ""C""` does not by itself require `unsafe fn`.
   - Include redundant ABI wrappers in the audit: if a wrapper accepts only scalar values and calls safe code, the wrapper should ordinarily also be a safe `extern ""C"" fn`.
   - A function returning a raw pointer is not automatically unsafe to call if it merely returns the address of immutable storage and relies on no caller invariant.
   - Preserve wrapping operations, casts, integer widths, modulo timing, sentinels, and translated-C edge behavior exactly.
   - Do not make a raw-pointer API safe merely because its current body happens not to dereference every argument. It must remain unsafe whenever sound execution can depend on pointer validity, alignment, initialization, aliasing, allocation provenance, lifetime, or writable capacity.

2. Read-only lookup data
   - Convert private, genuinely read-only `static mut` scalar arrays or tables to immutable `static`, or to `const` only when stable object identity is irrelevant.
   - Prefer immutable `static` for lookup tables whose address is returned, stored, compared, or exposed to C.
   - Search for writes, address-taking, `extern` declarations, exported symbols, and consumers before changing mutability.
   - For an exported data symbol, preserve its exact symbol name, element type, length, layout, linkage, and address identity. Do not change a historically writable external symbol unless repository evidence establishes that it is read-only and all declarations are updated consistently.
   - Immutable arrays of ordinary integer or plain value types are good candidates.
   - Pointer-containing descriptor tables may fail `Sync`; do not add `unsafe impl Sync`, introduce wrapper types solely to suppress that restriction, or otherwise force such statics into safe immutability. Leave them for a later design.
   - Do not reprint or regenerate entire large table initializers. Limit edits to declarations and directly affected references.

3. Safe implementation cores
   - Where implementation logic is pointer-free, move it into an ordinary safe Rust function and retain the C ABI with a distinct wrapper only when necessary.
   - Never define the same exported symbol twice. If a Rust helper uses the logical API name, give the ABI wrapper a different Rust identifier and use `#[export_name = ""...""]`.
   - Preserve C calling convention and all exported signatures.

Scope constraints:
- Prefer one category applied consistently across a closely related set of declarations over a single elaborate rewrite.
- Do not undertake stream-state, allocator, callback, compression, decompression, file-state, or pointer-walking rewrites in this iteration unless `SAFETY_PLAN.md` explicitly identifies one as prepared.
- Do not change `repr(C)` layouts or callback/function-pointer types.
- Internal `extern ""C""` declarations can resolve directly to Rust-exported symbols. Check this before renaming or changing Rust-visible signatures.
- Do not add raw-pointer helpers merely to move unsafe code elsewhere.
- Do not “fix” suspicious translated-C behavior as part of this safety-only change.

ABI and behavior requirements:
- Preserve every exported symbol name, C signature, calling convention, linkage, integer width, data layout, and function-pointer type.
- Preserve lookup-table contents byte-for-byte.
- Preserve null sentinels and the order of special-case checks.
- Preserve wrapping, truncation, shifts, overflow behavior, modulo timing, state transitions, error values, and output accounting.
- If any raw-pointer boundary is modified, keep the unsafe operation in the narrowest possible block and add a concise `// SAFETY:` explanation.
- Never create a slice from a null pointer, including at zero length.
- Reject lengths above `isize::MAX` before constructing slices unless a stronger invariant is proven, using the API’s established invalid-argument result.
- Safe functions must not panic for values admitted by their safe signatures.

Validation:
1. Add focused tests only when they cheaply protect changed behavior, such as:
   - scalar boundary and overflow cases;
   - immutable table contents and stable-address behavior;
   - uniqueness and names of exported symbols.
2. Run formatting, the relevant build, and functionality tests.
3. Run:
   `cargo check-unsafe2 --manifest-path <manifest-path>`
4. Report the exact before/after counts and reduction.
5. Inspect all newly reported unsafe or unsafe-adjacent constructs. New raw-pointer fields or parameters, integer-to-pointer casts, unsafe blocks, mutable statics, or unsafe implementations are regressions unless required at an existing ABI boundary.
6. Where practical, inspect the produced library with `nm`, `readelf`, or the repository’s established symbol tool to verify unique exported function and data symbols.
7. Review the final diff for:
   - accidental whole-file formatting;
   - duplicate exports;
   - ABI or linkage drift;
   - mutable-to-immutable changes to externally writable data;
   - changed table identity or contents;
   - wrappers that remain unnecessarily unsafe after their implementation became safe;
   - unrelated edits.

Before finishing, update `SAFETY_PLAN.md` as a short working scratchpad containing:
- the coherent category changed;
- exact before/after unsafe counts and reduction;
- completed items;
- validation commands and results;
- pre-existing failures;
- ABI or behavior pitfalls discovered;
- deferred candidates and the best next general category.

Efficiency requirements:
- Do not print full generated-looking source files or large table initializers.
- Keep the change and final response concise.
- If a command cannot run, give the exact command and reason; never claim it passed.

Final response only:
- concise change summary;
- unsafe-entity count before → after and net reduction;
- validation results;
- remaining caveats or blocked checks.",[0.0]
"Continue the iterative Rust safety refactor documented in `SAFETY_PLAN.md`.

{target_goal}

{after_refactoring_instruction}

This project is a C-to-Rust translation of zlib with a public C ABI and many generated-looking modules. The historical baseline was 6,604 unsafe entities; a prior checksum refactor reduced that to 6,524 while functionality tests still passed. Treat the current tree and `SAFETY_PLAN.md` as authoritative, but measure the checker count before and after this iteration and aim for a meaningful reduction.

Make one coherent, high-confidence change set. Prefer a batch of closely related, inexpensive reductions over one elaborate pointer-heavy rewrite. Do not rewrite or print entire generated files.

Before editing:
1. Read `SAFETY_PLAN.md`.
2. Inspect `git status`, the current diff, crate layout, exports, internal `extern ""C""` declarations, call sites, and relevant tests.
3. Run a practical baseline:
   - formatting check;
   - relevant build/tests;
   - `cargo check-unsafe2 --manifest-path {cargo_dir_path}/Cargo.toml`.
4. Record pre-existing failures and the initial unsafe-entity count so they are not attributed to this change.

Target selection, in priority order:
1. Remove `unsafe` from pointer-free arithmetic, bit manipulation, bounds calculations, state-independent helpers, and scalar-only C ABI entry points.
   - `extern ""C""` does not itself require an `unsafe fn`.
   - A wrapper taking only integers and calling safe code should normally be a safe `extern ""C"" fn`.
2. Convert genuinely read-only `static mut` lookup data to `const` or immutable `static`.
   - Prefer immutable `static` when callers require one stable address.
   - Prefer `const` only when object identity/address is irrelevant.
   - Do not change an externally writable data symbol or silently alter its linkage.
   - Check all `extern` declarations of exported tables and update mutability consistently without changing the symbol name or layout.
   - Do not add an `unsafe impl Sync` merely to force a pointer-containing static to compile. Leave such a value for a later design if safe immutability is not straightforward.
3. Move pointer-free implementation logic into ordinary safe Rust functions.
4. If a bounded buffer algorithm is selected, implement a safe core using slices, indexing, iterators, or chunks, with only a thin raw-pointer ABI wrapper.

Avoid complex stream-state, allocator, callback, and codec pointer rewrites unless `SAFETY_PLAN.md` identifies one as an already prepared next step. Those areas contain interdependent C layouts, function pointers, raw allocation state, and internal declarations that often resolve directly to exported symbols.

ABI and API constraints:
- Preserve every exported symbol name, C signature, calling convention, linkage, integer width, `repr(C)` layout, and function-pointer type.
- Internal `extern ""C""` declarations may bind directly to an exported Rust wrapper. Search callers before renaming or changing a Rust-visible signature.
- Never define the same exported symbol twice. When a safe Rust implementation uses the logical API name, give the ABI wrapper a distinct Rust identifier and use `#[export_name = ""...""]`.
- Do not assume `pub` means a safe Rust API is appropriate. A public function accepting raw pointers must remain unsafe unless its body cannot rely on pointer validity, aliasing, initialization, or lifetime invariants.
- Keep unavoidable raw-pointer operations at the ABI boundary and add a concise `// SAFETY:` justification to every new or modified unsafe block.
- Do not create a new raw-pointer helper simply to relocate unsafe code; new implementation helpers must use genuinely safe parameter types.

Behavioral constraints:
- Preserve null-pointer sentinel and initialization behavior exactly, including the order in which special cases are evaluated.
- Preserve whether null is accepted with zero length and whether a non-null zero-length pointer is accepted.
- Never call `slice::from_raw_parts` or `slice::from_raw_parts_mut` with null, including for zero length.
- Before constructing a slice, reject lengths exceeding `isize::MAX` unless a stronger invariant is proven.
- For an oversized length, use the API’s established invalid-argument result. Do not map it to an unrelated null-buffer sentinel merely because both avoid slice construction.
- Preserve wrapping, truncation, modulo timing, checksum chunking, integer promotion, state transitions, output accounting, and error values. Reordering reductions or replacing wrapping arithmetic can change translated C behavior.
- Ensure safe cores cannot panic for inputs admitted by their safe signatures.
- Do not “fix” apparent translated-C bugs or undefined behavior as part of a safety refactor unless compatibility tests and the plan explicitly authorize it.

Validation:
- Add focused tests when they cheaply protect changed behavior, especially scalar edge cases, standard checksum vectors, incremental/combined calculations, table contents, null handling, zero lengths, and chunk boundaries.
- Run the relevant formatting, build, and functionality tests.
- Run:
  `cargo check-unsafe2 --manifest-path {cargo_dir_path}/Cargo.toml`
- Compare its before/after unsafe-entity count and inspect all newly reported unsafe or unsafe-adjacent constructs. Integer-to-pointer casts, raw-pointer parameters or fields, new unsafe blocks, and new mutable statics are regressions unless required at an existing ABI boundary.
- Where practical, inspect produced symbols to confirm that wrappers and data exports remain unique and correctly named.
- Review the final diff for accidental whole-file formatting, symbol duplication, ABI drift, changed null semantics, table identity changes, and unrelated edits.
- If a command cannot run, report the exact command and reason; do not claim it passed.

Before finishing, update `SAFETY_PLAN.md` as a short working scratchpad with:
- the coherent category changed this iteration;
- the before/after unsafe count and reduction;
- completed items;
- validation commands and results;
- ABI or behavior pitfalls discovered;
- remaining work and the best next general candidate category.

Final response only:
- concise change summary;
- unsafe-entity reduction;
- validation results;
- remaining caveats or blocked checks.
Do not include full files or large code excerpts.",[0.01801938219261054]
"Continue the iterative Rust safety refactor described in `SAFETY_PLAN.md`.

This is a generated-looking C-to-Rust translation of zlib. It exposes a public C ABI, contains duplicated C-layout types across modules, and has internal `extern ""C""` declarations that may resolve directly to Rust-exported symbols. Historical measurements were 6,604 unsafe entities before the safety work and 6,485 after a previously evaluated iteration, but the current checkout and a fresh checker run are authoritative.

Make one coherent, low-risk change set focused on inexpensive reductions:

1. Convert pointer-free arithmetic, bit-manipulation, bounds, table-indexing, and state-independent helpers from `unsafe fn` to ordinary safe Rust functions.
2. Make scalar-only C ABI entry points and their ABI wrappers safe `extern ""C"" fn` where their bodies call only safe code.
   - `extern ""C""` does not itself require `unsafe`.
   - Apply this to the exported wrapper as well as the implementation; leaving a scalar-only wrapper unsafe forfeits an easy reduction.
3. Convert genuinely read-only, private `static mut` arrays to immutable `static` or `const`.
   - Prefer immutable `static` when callers take its address or stable identity matters.
   - Prefer `const` only when identity is irrelevant.
   - Include function-local lookup arrays when they are fixed and read-only.
4. Where a helper only needs immutable lookup data, use safe indexing or references instead of raw access.

Do not undertake complex stream-state, allocator, callback, codec, or buffer-pointer rewrites in this iteration. Prefer a batch of closely related scalar helpers and private lookup tables over one elaborate conversion.

Before editing:

- Read `SAFETY_PLAN.md`.
- Inspect `git status` and the current diff; preserve all pre-existing work.
- Inspect crate layout, exports, internal `extern ""C""` declarations, call sites, function-pointer types, data-symbol declarations, and relevant tests.
- Run and record a practical baseline:
  - the project’s formatting check;
  - relevant build and functionality tests;
  - `cargo check-unsafe2 --manifest-path {cargo_dir_path}/Cargo.toml`.
- Record exact pre-existing failures and the initial unsafe-entity count.

ABI and API requirements:

- Preserve every exported symbol name, C parameter and return type, calling convention, linkage, integer width, `repr(C)` layout, and function-pointer type.
- A Rust identifier may differ from the exported C symbol. If a safe implementation uses the logical name, use a distinct ABI-wrapper identifier with `#[export_name = ""...""]`; never define the same exported symbol twice.
- Search internal declarations before changing an exported item. Generated modules may declare the same symbol through `extern ""C""` rather than a Rust module path.
- Raw-pointer APIs must remain unsafe when correctness depends on validity, alignment, initialization, aliasing, allocation provenance, or lifetime invariants. Merely checking for null does not make such an API safe.
- Returning a raw pointer does not by itself require an unsafe function if producing the pointer is safe, but preserve stable storage and address identity.
- Do not alter exported writable data into immutable data. In particular, an exported `static mut` is part of the C data ABI even if Rust currently only reads it.
- Do not replace an exported C array of raw pointers with a Rust array of references or otherwise change its Rust type/layout to suppress unsafe findings. Reference arrays can impose non-null/reference validity assumptions and may change mutability semantics.
- Do not add `unsafe impl Sync` to force pointer-containing statics to compile. Leave those values unchanged unless safe immutability follows naturally without changing ABI.
- Private scalar arrays and private arrays of plain integer/`repr(C)` values are the preferred immutability candidates.
- Keep any unavoidable unsafe operation at an existing boundary and add a concise `// SAFETY:` explanation to every new or modified unsafe block.
- Do not create raw-pointer helpers merely to move unsafe code elsewhere.

Behavior requirements:

- Preserve translated-C wrapping, truncation, shifts, modulo timing, integer promotions, sentinel values, state transitions, and error results.
- Preserve null and zero-length behavior and the order in which special cases are evaluated.
- Do not fix suspicious translated-C behavior as part of this safety-only change.
- Ensure newly safe helpers cannot panic for any value admitted by their signatures. Prove table indexes and shift widths are bounded; otherwise keep explicit checks or wrapping operations.
- Avoid whole-file formatting churn in large generated files.

Validation:

- Add small focused tests only when they cheaply protect changed scalar edge cases or immutable table contents.
- Run the formatting check, relevant build/tests, and:
  `cargo check-unsafe2 --manifest-path {cargo_dir_path}/Cargo.toml`
- Report the exact before/after unsafe count and reduction.
- Inspect checker output for regressions such as new raw-pointer parameters or fields, pointer casts, unsafe blocks, mutable statics, or unsafe functions.
- Where practical, inspect the built artifact’s symbols to ensure each affected export exists exactly once with its original name.
- Review the final diff for ABI drift, changed function-pointer types, exported-data mutability changes, duplicate symbols, accidental generated-file rewrites, and unrelated edits.
- If a command cannot run, report the exact command and reason rather than claiming success.

Before finishing, update `SAFETY_PLAN.md` as a short scratchpad containing:

- the category changed in this iteration;
- initial and final unsafe counts and the reduction;
- completed work;
- validation commands and outcomes;
- ABI or behavior pitfalls found;
- remaining work and the best next general candidate category.

Do not print rewritten files or large code excerpts. Keep tool output and commentary concise.

Final response only:

- concise change summary;
- unsafe-entity count before and after;
- validation results;
- remaining caveats or blocked checks.",[0.0]
"Continue the iterative Rust safety refactor documented in `SAFETY_PLAN.md`.

{target_goal}

{after_refactoring_instruction}

This project is a C-to-Rust translation of zlib with a public C ABI and many generated-looking modules. The historical baseline was 6,604 unsafe entities; a prior checksum refactor reduced that to 6,524 while functionality tests still passed. Treat the current tree and `SAFETY_PLAN.md` as authoritative, but measure the checker count before and after this iteration and aim for a meaningful reduction.

Make one coherent, high-confidence change set. Prefer a batch of closely related, inexpensive reductions over one elaborate pointer-heavy rewrite. Do not rewrite or print entire generated files.

Before editing:
1. Read `SAFETY_PLAN.md`.
2. Inspect `git status`, the current diff, crate layout, exports, internal `extern ""C""` declarations, call sites, and relevant tests.
3. Run a practical baseline:
   - formatting check;
   - relevant build/tests;
   - `cargo check-unsafe2 --manifest-path {cargo_dir_path}/Cargo.toml`.
4. Record pre-existing failures and the initial unsafe-entity count so they are not attributed to this change.

Target selection, in priority order:
1. Remove `unsafe` from pointer-free arithmetic, bit manipulation, bounds calculations, state-independent helpers, and scalar-only C ABI entry points.
   - `extern ""C""` does not itself require an `unsafe fn`.
   - A wrapper taking only integers and calling safe code should normally be a safe `extern ""C"" fn`.
2. Convert genuinely read-only `static mut` lookup data to `const` or immutable `static`.
   - Prefer immutable `static` when callers require one stable address.
   - Prefer `const` only when object identity/address is irrelevant.
   - Do not change an externally writable data symbol or silently alter its linkage.
   - Check all `extern` declarations of exported tables and update mutability consistently without changing the symbol name or layout.
   - Do not add an `unsafe impl Sync` merely to force a pointer-containing static to compile. Leave such a value for a later design if safe immutability is not straightforward.
3. Move pointer-free implementation logic into ordinary safe Rust functions.
4. If a bounded buffer algorithm is selected, implement a safe core using slices, indexing, iterators, or chunks, with only a thin raw-pointer ABI wrapper.

Avoid complex stream-state, allocator, callback, and codec pointer rewrites unless `SAFETY_PLAN.md` identifies one as an already prepared next step. Those areas contain interdependent C layouts, function pointers, raw allocation state, and internal declarations that often resolve directly to exported symbols.

ABI and API constraints:
- Preserve every exported symbol name, C signature, calling convention, linkage, integer width, `repr(C)` layout, and function-pointer type.
- Internal `extern ""C""` declarations may bind directly to an exported Rust wrapper. Search callers before renaming or changing a Rust-visible signature.
- Never define the same exported symbol twice. When a safe Rust implementation uses the logical API name, give the ABI wrapper a distinct Rust identifier and use `#[export_name = ""...""]`.
- Do not assume `pub` means a safe Rust API is appropriate. A public function accepting raw pointers must remain unsafe unless its body cannot rely on pointer validity, aliasing, initialization, or lifetime invariants.
- Keep unavoidable raw-pointer operations at the ABI boundary and add a concise `// SAFETY:` justification to every new or modified unsafe block.
- Do not create a new raw-pointer helper simply to relocate unsafe code; new implementation helpers must use genuinely safe parameter types.

Behavioral constraints:
- Preserve null-pointer sentinel and initialization behavior exactly, including the order in which special cases are evaluated.
- Preserve whether null is accepted with zero length and whether a non-null zero-length pointer is accepted.
- Never call `slice::from_raw_parts` or `slice::from_raw_parts_mut` with null, including for zero length.
- Before constructing a slice, reject lengths exceeding `isize::MAX` unless a stronger invariant is proven.
- For an oversized length, use the API’s established invalid-argument result. Do not map it to an unrelated null-buffer sentinel merely because both avoid slice construction.
- Preserve wrapping, truncation, modulo timing, checksum chunking, integer promotion, state transitions, output accounting, and error values. Reordering reductions or replacing wrapping arithmetic can change translated C behavior.
- Ensure safe cores cannot panic for inputs admitted by their safe signatures.
- Do not “fix” apparent translated-C bugs or undefined behavior as part of a safety refactor unless compatibility tests and the plan explicitly authorize it.

Validation:
- Add focused tests when they cheaply protect changed behavior, especially scalar edge cases, standard checksum vectors, incremental/combined calculations, table contents, null handling, zero lengths, and chunk boundaries.
- Run the relevant formatting, build, and functionality tests.
- Run:
  `cargo check-unsafe2 --manifest-path {cargo_dir_path}/Cargo.toml`
- Compare its before/after unsafe-entity count and inspect all newly reported unsafe or unsafe-adjacent constructs. Integer-to-pointer casts, raw-pointer parameters or fields, new unsafe blocks, and new mutable statics are regressions unless required at an existing ABI boundary.
- Where practical, inspect produced symbols to confirm that wrappers and data exports remain unique and correctly named.
- Review the final diff for accidental whole-file formatting, symbol duplication, ABI drift, changed null semantics, table identity changes, and unrelated edits.
- If a command cannot run, report the exact command and reason; do not claim it passed.

Before finishing, update `SAFETY_PLAN.md` as a short working scratchpad with:
- the coherent category changed this iteration;
- the before/after unsafe count and reduction;
- completed items;
- validation commands and results;
- ABI or behavior pitfalls discovered;
- remaining work and the best next general candidate category.

Final response only:
- concise change summary;
- unsafe-entity reduction;
- validation results;
- remaining caveats or blocked checks.
Do not include full files or large code excerpts.",[0.01665657177468201]
"Continue the iterative Rust safety refactor documented in `SAFETY_PLAN.md`.

For this iteration, prioritize a coherent batch of low-risk reductions involving pointer-free arithmetic/bit-manipulation helpers, scalar-only C ABI entry points, and plainly read-only lookup data. Avoid stream state, allocation, callbacks, codec loops, and complicated raw-pointer algorithms unless the plan explicitly marks one as prepared.

This project is a generated-looking C-to-Rust translation of zlib with a public C ABI. Historical checker results were 6,604 unsafe entities before the safety work, with later checksum-oriented iterations reported at 6,524 and then 6,494 while functionality tests passed. These historical numbers are context only: the current tree and a fresh checker run are authoritative. Measure the exact count before and after this iteration.

Before editing:
1. Read `SAFETY_PLAN.md`.
2. Inspect `git status`, the existing diff, crate/workspace layout, exports, internal `extern ""C""` declarations, symbol consumers, and relevant tests.
3. Run a practical baseline:
   - the repository’s formatting check;
   - relevant build and functionality tests;
   - `cargo check-unsafe2 --manifest-path {cargo_dir_path}/Cargo.toml`.
4. Record the initial unsafe count and all pre-existing failures. Do not attribute existing failures or working-tree changes to this iteration.

Selection strategy:
1. Search for `unsafe fn`, `unsafe extern ""C"" fn`, and `static mut`.
2. Batch closely related, inexpensive candidates rather than attempting one elaborate pointer rewrite.
3. Prefer:
   - helpers whose parameters, return values, and bodies are scalar-only;
   - arithmetic, bit reversal, byte swapping, bounds formulas, compile-flag calculations, checksum-combination math, and other state-independent logic;
   - C ABI entry points taking only integers and calling safe code;
   - fixed lookup arrays that are never written and whose address requirements are understood.
4. Leave pointer-heavy candidates alone unless they can be given a genuinely safe slice/reference core with only a thin ABI boundary.

Important Rust safety rules:
- `extern ""C""` does not require `unsafe`. A scalar-only ABI function that calls only safe code should normally be `pub extern ""C"" fn`, not `pub unsafe extern ""C"" fn`.
- Apply this to ABI wrappers too. Do not leave a wrapper unsafe merely because it exports a C symbol.
- A raw-pointer return is not automatically unsafe when the function simply returns a pointer to immutable storage with a stable lifetime and does not rely on caller invariants.
- Conversely, a public function accepting raw pointers must remain unsafe if its body or anything it calls relies on pointer validity, alignment, initialization, bounds, aliasing, provenance, or lifetime guarantees.
- Do not create a safe public Rust API around unchecked raw-pointer behavior.
- Move pointer-free implementation logic into ordinary safe Rust functions where useful.
- Do not create a new raw-pointer helper merely to move unsafe code elsewhere.
- Every new or modified unsafe block must have a concise `// SAFETY:` justification.

ABI and linkage constraints:
- Preserve every exported symbol name, C signature, calling convention, linkage, integer width, array length, and `repr(C)` layout.
- Internal `extern ""C""` declarations may resolve directly to Rust-defined exported symbols. Search declarations and call sites before changing names or Rust-visible signatures.
- Never define an exported symbol twice. If a safe logical implementation uses a convenient Rust name, give the ABI wrapper a distinct Rust identifier and use `#[export_name = ""...""]`.
- Changing `unsafe extern ""C"" fn` to `extern ""C"" fn` does not alter the C ABI, but changing it to an ordinary Rust `fn` does. Keep exported wrappers explicitly `extern ""C""`.
- Preserve function-pointer types. Do not silently change an `unsafe extern ""C"" fn` callback type to a safe function-pointer type as part of unrelated cleanup.
- Where practical, inspect the produced symbols to confirm uniqueness and exact names.

Read-only data rules:
- Convert genuinely read-only `static mut` lookup arrays to immutable `static` when one stable address is needed.
- Use `const` only when identity and address stability are irrelevant.
- Before conversion, search all reads, writes, raw-address uses, `extern` declarations, exports, and C-facing declarations.
- Do not make an externally writable data symbol immutable or silently change its linkage, name, size, alignment, or layout.
- Exported generated tables require special care: the absence of Rust writes alone does not prove that the C ABI promises read-only storage.
- Update matching internal `extern` declarations consistently when an exported table is legitimately made immutable.
- Do not add `unsafe impl Sync` to force a pointer-containing immutable static to compile. Leave raw-pointer descriptor statics for a later design if immutability is not straightforward.
- Function-pointer-only tables may be immutable when their types naturally satisfy the required thread-safety traits, but preserve the callback ABI and safety type.

Behavioral constraints:
- Preserve wrapping, truncation, shifts, modulo timing, integer promotion behavior, sentinel values, and error results exactly.
- Do not replace translated wrapping arithmetic with panicking arithmetic unless equivalence is proved for every admitted input.
- Safe helpers must not panic for values admitted by their signatures.
- Preserve null handling and the order of special-case checks in any touched pointer API.
- Never construct a slice from null, including at zero length.
- Before slice construction, reject lengths greater than `isize::MAX` unless a stronger invariant is proved.
- Map oversized lengths to the API’s established invalid-argument result, not an unrelated null-buffer sentinel.
- Do not fix apparent translated-C bugs during a safety-only iteration without explicit authorization and compatibility tests.

Validation:
1. Add focused tests when inexpensive, especially for scalar edge values, negative lengths, maximum-width values, overflow behavior, combination identities, stable table contents, or exported-pointer stability.
2. Run formatting, relevant builds, and functionality tests.
3. Run `cargo check-unsafe2 --manifest-path {cargo_dir_path}/Cargo.toml`.
4. Report the exact before/after count and reduction.
5. Inspect newly reported unsafe or unsafe-adjacent constructs. New raw-pointer fields or parameters, integer-to-pointer casts, mutable statics, unsafe functions, or unsafe blocks are regressions unless required at an existing ABI boundary.
6. Review the final diff for accidental whole-file formatting, generated-table churn, duplicate exports, changed calling conventions, altered data linkage, and unrelated edits.
7. If a command cannot run, report the exact command and reason; never claim it passed.

Update `SAFETY_PLAN.md` as a short working scratchpad containing:
- the coherent category changed;
- exact before/after unsafe counts and reduction;
- completed items;
- validation commands and results;
- ABI or behavior pitfalls discovered;
- remaining work and the best next general candidate category.

Keep the work and response efficient:
- Do not print or rewrite entire generated files.
- Make narrowly targeted edits and inspect focused diffs.
- Do not include large code excerpts or exhaustive checker entity lists in the final response.

Final response only:
- concise change summary;
- unsafe-entity count before → after and reduction;
- validation results;
- remaining caveats or blocked checks.",[0.0]
"Continue the iterative Rust safety refactor documented in `SAFETY_PLAN.md`.

{target_goal}

{after_refactoring_instruction}

This project is a C-to-Rust translation of zlib with a public C ABI and many generated-looking modules. The historical baseline was 6,604 unsafe entities; a prior checksum refactor reduced that to 6,524 while functionality tests still passed. Treat the current tree and `SAFETY_PLAN.md` as authoritative, but measure the checker count before and after this iteration and aim for a meaningful reduction.

Make one coherent, high-confidence change set. Prefer a batch of closely related, inexpensive reductions over one elaborate pointer-heavy rewrite. Do not rewrite or print entire generated files.

Before editing:
1. Read `SAFETY_PLAN.md`.
2. Inspect `git status`, the current diff, crate layout, exports, internal `extern ""C""` declarations, call sites, and relevant tests.
3. Run a practical baseline:
   - formatting check;
   - relevant build/tests;
   - `cargo check-unsafe2 --manifest-path {cargo_dir_path}/Cargo.toml`.
4. Record pre-existing failures and the initial unsafe-entity count so they are not attributed to this change.

Target selection, in priority order:
1. Remove `unsafe` from pointer-free arithmetic, bit manipulation, bounds calculations, state-independent helpers, and scalar-only C ABI entry points.
   - `extern ""C""` does not itself require an `unsafe fn`.
   - A wrapper taking only integers and calling safe code should normally be a safe `extern ""C"" fn`.
2. Convert genuinely read-only `static mut` lookup data to `const` or immutable `static`.
   - Prefer immutable `static` when callers require one stable address.
   - Prefer `const` only when object identity/address is irrelevant.
   - Do not change an externally writable data symbol or silently alter its linkage.
   - Check all `extern` declarations of exported tables and update mutability consistently without changing the symbol name or layout.
   - Do not add an `unsafe impl Sync` merely to force a pointer-containing static to compile. Leave such a value for a later design if safe immutability is not straightforward.
3. Move pointer-free implementation logic into ordinary safe Rust functions.
4. If a bounded buffer algorithm is selected, implement a safe core using slices, indexing, iterators, or chunks, with only a thin raw-pointer ABI wrapper.

Avoid complex stream-state, allocator, callback, and codec pointer rewrites unless `SAFETY_PLAN.md` identifies one as an already prepared next step. Those areas contain interdependent C layouts, function pointers, raw allocation state, and internal declarations that often resolve directly to exported symbols.

ABI and API constraints:
- Preserve every exported symbol name, C signature, calling convention, linkage, integer width, `repr(C)` layout, and function-pointer type.
- Internal `extern ""C""` declarations may bind directly to an exported Rust wrapper. Search callers before renaming or changing a Rust-visible signature.
- Never define the same exported symbol twice. When a safe Rust implementation uses the logical API name, give the ABI wrapper a distinct Rust identifier and use `#[export_name = ""...""]`.
- Do not assume `pub` means a safe Rust API is appropriate. A public function accepting raw pointers must remain unsafe unless its body cannot rely on pointer validity, aliasing, initialization, or lifetime invariants.
- Keep unavoidable raw-pointer operations at the ABI boundary and add a concise `// SAFETY:` justification to every new or modified unsafe block.
- Do not create a new raw-pointer helper simply to relocate unsafe code; new implementation helpers must use genuinely safe parameter types.

Behavioral constraints:
- Preserve null-pointer sentinel and initialization behavior exactly, including the order in which special cases are evaluated.
- Preserve whether null is accepted with zero length and whether a non-null zero-length pointer is accepted.
- Never call `slice::from_raw_parts` or `slice::from_raw_parts_mut` with null, including for zero length.
- Before constructing a slice, reject lengths exceeding `isize::MAX` unless a stronger invariant is proven.
- For an oversized length, use the API’s established invalid-argument result. Do not map it to an unrelated null-buffer sentinel merely because both avoid slice construction.
- Preserve wrapping, truncation, modulo timing, checksum chunking, integer promotion, state transitions, output accounting, and error values. Reordering reductions or replacing wrapping arithmetic can change translated C behavior.
- Ensure safe cores cannot panic for inputs admitted by their safe signatures.
- Do not “fix” apparent translated-C bugs or undefined behavior as part of a safety refactor unless compatibility tests and the plan explicitly authorize it.

Validation:
- Add focused tests when they cheaply protect changed behavior, especially scalar edge cases, standard checksum vectors, incremental/combined calculations, table contents, null handling, zero lengths, and chunk boundaries.
- Run the relevant formatting, build, and functionality tests.
- Run:
  `cargo check-unsafe2 --manifest-path {cargo_dir_path}/Cargo.toml`
- Compare its before/after unsafe-entity count and inspect all newly reported unsafe or unsafe-adjacent constructs. Integer-to-pointer casts, raw-pointer parameters or fields, new unsafe blocks, and new mutable statics are regressions unless required at an existing ABI boundary.
- Where practical, inspect produced symbols to confirm that wrappers and data exports remain unique and correctly named.
- Review the final diff for accidental whole-file formatting, symbol duplication, ABI drift, changed null semantics, table identity changes, and unrelated edits.
- If a command cannot run, report the exact command and reason; do not claim it passed.

Before finishing, update `SAFETY_PLAN.md` as a short working scratchpad with:
- the coherent category changed this iteration;
- the before/after unsafe count and reduction;
- completed items;
- validation commands and results;
- ABI or behavior pitfalls discovered;
- remaining work and the best next general candidate category.

Final response only:
- concise change summary;
- unsafe-entity reduction;
- validation results;
- remaining caveats or blocked checks.
Do not include full files or large code excerpts.",[0.028921865536038763]
"Continue the iterative Rust safety refactor documented in `SAFETY_PLAN.md`.

{target_goal}

For this iteration, prioritize a coherent batch of unnecessary `unsafe fn` declarations in pointer-free code. Inventory scalar-only arithmetic, bit-manipulation, size-bound, flag-reporting, combine/generator, and similar helpers and C ABI entry points. Convert them to ordinary safe Rust functions or safe `extern ""C""` functions when their contracts do not depend on raw-pointer validity, aliasing, initialization, lifetimes, mutable globals, unsafe callbacks, or foreign calls. Convert the complete local call chain, including duplicate ABI forwarding wrappers, rather than leaving safe logic behind an unnecessarily unsafe wrapper.

{after_refactoring_instruction}

Project context:
- This is a C-to-Rust translation of zlib with a public C ABI and many generated-looking modules.
- Historical reports include 6,604 unsafe entities in the original translation, 6,524 after an earlier checksum refactor, and 6,413 after a broader immutable-data pass; functionality tests passed at those milestones. These are context only. The current tree and an immediate pre-edit checker run are authoritative.
- Previous work found many genuinely read-only scalar lookup arrays that can become immutable, but many scalar-only unsafe functions and wrappers remain.
- Some immutable-looking descriptor/configuration values contain raw pointers or unsafe function pointers. Such types may not implement `Sync`, so a shared immutable `static` may not compile. Do not add `unsafe impl Sync` just to force the conversion.
- Exported arrays and strings may be writable C data symbols even when Rust code only reads them. Changing an exported `static mut` to immutable storage can move it to a read-only section and alter externally observable behavior. Only change exported data after checking public declarations, all internal `extern` declarations, linkage, and expected writability.

Before editing:
1. Read `SAFETY_PLAN.md`.
2. Inspect `git status`, the existing diff, crate/workspace layout, exports, `#[no_mangle]` and `#[export_name]` uses, internal `extern ""C""` declarations, function-pointer typedefs, call sites, and relevant tests.
3. Run and record a practical baseline:
   - the repository’s formatting check;
   - relevant build and functionality tests;
   - `cargo check-unsafe2 --manifest-path {cargo_dir_path}/Cargo.toml`.
4. Record all pre-existing failures and the immediate unsafe-entity count. Do not calculate this iteration’s reduction from a historical milestone.

Selection and implementation rules:
1. Start with functions whose parameters and return values are integers, enums represented as integers, or other scalar values and whose bodies use only safe operations.
   - `extern ""C""` does not itself require `unsafe fn`.
   - A safe function may preserve the same C symbol, calling convention, integer widths, and linkage.
   - A forwarding ABI wrapper that accepts only scalars and calls safe code should normally also be safe.
   - Prefer a private ordinary Rust helper for implementation logic and a distinct ABI wrapper when both Rust and C entry points are needed.
2. Process closely related call chains together. If a scalar wrapper delegates to a scalar helper, make both safe when justified. Avoid a superficial change that leaves duplicate forwarding layers unnecessarily unsafe.
3. Preserve existing function-pointer typedefs and callback contracts. A function used through an `unsafe extern ""C"" fn` pointer may remain associated with that pointer type even if its implementation can safely be called directly; verify coercions and all users before editing.
4. As a secondary target only, convert private, read-only scalar arrays to immutable `static` values.
   - Use immutable `static` when stable address identity matters.
   - Use `const` only when identity and address do not matter.
   - Do not change externally writable symbols or their linkage.
   - Keep mutability consistent across declarations that bind to the same exported symbol.
   - Leave raw-pointer-containing shared descriptors for a later design if safe immutability is not straightforward.
5. Do not mark a public raw-pointer API safe merely because it checks for null. It must remain unsafe whenever correct execution relies on pointer validity, accessible length, alignment, aliasing, initialization, provenance, or lifetime.
6. Do not create a new raw-pointer helper simply to move unsafe code elsewhere. New implementation helpers must have genuinely safe parameter types.
7. Do not rewrite complex stream state, allocators, callbacks, compression/decompression loops, or pointer-heavy codec logic in this iteration unless `SAFETY_PLAN.md` explicitly identifies such work as prepared.
8. Make targeted edits only. Do not run whole-file transformations over generated-looking modules or print entire generated files.

ABI and compatibility constraints:
- Preserve every exported symbol name, C parameter and result type, calling convention, linkage, integer width, `repr(C)` layout, callback type, and data layout.
- Internal `extern ""C""` declarations can resolve directly to Rust-exported wrappers. Search all declarations and callers before renaming or changing Rust-visible signatures.
- Never define the same exported symbol twice. If safe Rust logic uses the logical API name, give the ABI wrapper a distinct Rust identifier and use `#[export_name = ""...""]`.
- Removing Rust’s `unsafe` qualifier does not change the C ABI, but it does change the Rust-visible contract; only do so when the body and callable contract are actually safe.
- Preserve translated C wrapping and truncation behavior. Continue using wrapping operations where the original translation used them.
- Preserve odd-looking compatibility behavior, including tautological comparisons, sentinel values, negative-length handling, overflow saturation, modulo timing, and integer promotion. Do not “fix” translated-C bugs during this safety pass.
- Preserve checksum combination and generator semantics exactly if selected, including 32-bit masking, polynomial arithmetic, negative-length results, and operation order.
- Safe cores must not panic for any input admitted by their safe signatures. Check indexing, shifts, signed negation, division, and debug-overflow behavior carefully.
- Keep unavoidable unsafe operations at existing ABI boundaries and add a concise `// SAFETY:` explanation to every new or modified unsafe block.

Validation:
- Add focused tests where inexpensive, especially for zero, one, negative signed values, maximum integer values, overflow boundaries, scalar sentinel results, and equivalence between related wrappers.
- Run the formatting check, relevant build/tests, and the full practical functionality suite available in the repository.
- Run `cargo check-unsafe2 --manifest-path {cargo_dir_path}/Cargo.toml` after editing and report the immediate before/after counts and reduction.
- Inspect newly reported unsafe or unsafe-adjacent constructs. New raw-pointer fields or parameters, integer-to-pointer casts, mutable statics, unsafe blocks, or unsafe trait implementations are regressions unless required by an existing ABI boundary.
- Where practical, inspect produced symbols to confirm each changed ABI entry point remains exported exactly once with the expected name.
- Review the final diff for accidental whole-file formatting, symbol duplication, Rust or C ABI drift, changed wrapping behavior, altered data-symbol writability, unrelated edits, and missed unsafe forwarding wrappers.
- If any command cannot run, report the exact command and reason; never claim it passed.

Before finishing, update `SAFETY_PLAN.md` as a short working scratchpad containing:
- the coherent category changed in this iteration;
- immediate before/after unsafe counts and reduction;
- completed items;
- validation commands and results;
- ABI or behavior pitfalls discovered;
- blocked candidates, including pointer-containing statics that would require an unjustified `Sync` implementation;
- remaining work and the best next general candidate category.

Final response only:
- concise change summary;
- immediate unsafe-entity reduction;
- validation results;
- remaining caveats or blocked checks.

Do not include full files, large generated excerpts, or long unsafe-entity inventories.",[0.01801938219261054]
"Continue the iterative Rust safety refactor documented in `SAFETY_PLAN.md`.

{target_goal}

{after_refactoring_instruction}

This project is a C-to-Rust translation of zlib with a public C ABI and many generated-looking modules. The historical baseline was 6,604 unsafe entities; a prior checksum refactor reduced that to 6,524 while functionality tests still passed. Treat the current tree and `SAFETY_PLAN.md` as authoritative, but measure the checker count before and after this iteration and aim for a meaningful reduction.

Make one coherent, high-confidence change set. Prefer a batch of closely related, inexpensive reductions over one elaborate pointer-heavy rewrite. Do not rewrite or print entire generated files.

Before editing:
1. Read `SAFETY_PLAN.md`.
2. Inspect `git status`, the current diff, crate layout, exports, internal `extern ""C""` declarations, call sites, and relevant tests.
3. Run a practical baseline:
   - formatting check;
   - relevant build/tests;
   - `cargo check-unsafe2 --manifest-path {cargo_dir_path}/Cargo.toml`.
4. Record pre-existing failures and the initial unsafe-entity count so they are not attributed to this change.

Target selection, in priority order:
1. Remove `unsafe` from pointer-free arithmetic, bit manipulation, bounds calculations, state-independent helpers, and scalar-only C ABI entry points.
   - `extern ""C""` does not itself require an `unsafe fn`.
   - A wrapper taking only integers and calling safe code should normally be a safe `extern ""C"" fn`.
2. Convert genuinely read-only `static mut` lookup data to `const` or immutable `static`.
   - Prefer immutable `static` when callers require one stable address.
   - Prefer `const` only when object identity/address is irrelevant.
   - Do not change an externally writable data symbol or silently alter its linkage.
   - Check all `extern` declarations of exported tables and update mutability consistently without changing the symbol name or layout.
   - Do not add an `unsafe impl Sync` merely to force a pointer-containing static to compile. Leave such a value for a later design if safe immutability is not straightforward.
3. Move pointer-free implementation logic into ordinary safe Rust functions.
4. If a bounded buffer algorithm is selected, implement a safe core using slices, indexing, iterators, or chunks, with only a thin raw-pointer ABI wrapper.

Avoid complex stream-state, allocator, callback, and codec pointer rewrites unless `SAFETY_PLAN.md` identifies one as an already prepared next step. Those areas contain interdependent C layouts, function pointers, raw allocation state, and internal declarations that often resolve directly to exported symbols.

ABI and API constraints:
- Preserve every exported symbol name, C signature, calling convention, linkage, integer width, `repr(C)` layout, and function-pointer type.
- Internal `extern ""C""` declarations may bind directly to an exported Rust wrapper. Search callers before renaming or changing a Rust-visible signature.
- Never define the same exported symbol twice. When a safe Rust implementation uses the logical API name, give the ABI wrapper a distinct Rust identifier and use `#[export_name = ""...""]`.
- Do not assume `pub` means a safe Rust API is appropriate. A public function accepting raw pointers must remain unsafe unless its body cannot rely on pointer validity, aliasing, initialization, or lifetime invariants.
- Keep unavoidable raw-pointer operations at the ABI boundary and add a concise `// SAFETY:` justification to every new or modified unsafe block.
- Do not create a new raw-pointer helper simply to relocate unsafe code; new implementation helpers must use genuinely safe parameter types.

Behavioral constraints:
- Preserve null-pointer sentinel and initialization behavior exactly, including the order in which special cases are evaluated.
- Preserve whether null is accepted with zero length and whether a non-null zero-length pointer is accepted.
- Never call `slice::from_raw_parts` or `slice::from_raw_parts_mut` with null, including for zero length.
- Before constructing a slice, reject lengths exceeding `isize::MAX` unless a stronger invariant is proven.
- For an oversized length, use the API’s established invalid-argument result. Do not map it to an unrelated null-buffer sentinel merely because both avoid slice construction.
- Preserve wrapping, truncation, modulo timing, checksum chunking, integer promotion, state transitions, output accounting, and error values. Reordering reductions or replacing wrapping arithmetic can change translated C behavior.
- Ensure safe cores cannot panic for inputs admitted by their safe signatures.
- Do not “fix” apparent translated-C bugs or undefined behavior as part of a safety refactor unless compatibility tests and the plan explicitly authorize it.

Validation:
- Add focused tests when they cheaply protect changed behavior, especially scalar edge cases, standard checksum vectors, incremental/combined calculations, table contents, null handling, zero lengths, and chunk boundaries.
- Run the relevant formatting, build, and functionality tests.
- Run:
  `cargo check-unsafe2 --manifest-path {cargo_dir_path}/Cargo.toml`
- Compare its before/after unsafe-entity count and inspect all newly reported unsafe or unsafe-adjacent constructs. Integer-to-pointer casts, raw-pointer parameters or fields, new unsafe blocks, and new mutable statics are regressions unless required at an existing ABI boundary.
- Where practical, inspect produced symbols to confirm that wrappers and data exports remain unique and correctly named.
- Review the final diff for accidental whole-file formatting, symbol duplication, ABI drift, changed null semantics, table identity changes, and unrelated edits.
- If a command cannot run, report the exact command and reason; do not claim it passed.

Before finishing, update `SAFETY_PLAN.md` as a short working scratchpad with:
- the coherent category changed this iteration;
- the before/after unsafe count and reduction;
- completed items;
- validation commands and results;
- ABI or behavior pitfalls discovered;
- remaining work and the best next general candidate category.

Final response only:
- concise change summary;
- unsafe-entity reduction;
- validation results;
- remaining caveats or blocked checks.
Do not include full files or large code excerpts.",[0.01635372501514234]
"Continue the iterative Rust safety refactor documented in `SAFETY_PLAN.md`.

Focus this iteration on a broad but coherent category: pointer-free computation and genuinely read-only scalar lookup data. Prefer many mechanical, high-confidence reductions over any stream-state, allocator, callback, or codec-pointer rewrite.

Project context:
- This is a C-to-Rust translation of zlib 1.3.2.1 with a public C ABI and generated-looking modules.
- Historical checker checkpoints were 6,604 unsafe entities initially, 6,524 after an earlier checksum refactor, and 6,496 in the most recently evaluated candidate. The current checkout and a fresh checker run are authoritative; do not assume any checkpoint is the current baseline.
- Functionality tests passed at the last evaluated checkpoint.
- The translation commonly has a logical Rust implementation plus a distinct `#[export_name = ""...""]` ABI wrapper. Internal `extern ""C""` declarations may resolve directly to those exported wrappers.
- The unsafe checker counts more than unsafe blocks, including unsafe functions, mutable statics, raw-pointer fields and parameters, and some unsafe-adjacent constructs.

Target work:
1. Find remaining functions whose complete contract and implementation are scalar-only:
   - integer arithmetic, wrapping arithmetic, bit manipulation, size calculations, table indexing with proven bounds, compile-time/platform flag calculations, and similar state-independent helpers;
   - scalar-only public C ABI entry points and their ABI wrappers;
   - private helpers that only call safe code.
2. Make those functions ordinary safe Rust functions or safe `extern ""C"" fn`s as appropriate.
   - `extern ""C""` does not itself require `unsafe fn`.
   - An exported wrapper taking only scalar values and calling safe code should normally be a safe `extern ""C"" fn`.
   - Do not leave an ABI wrapper unsafe merely because the historical generated implementation was unsafe.
   - Preserve exported symbol names, calling conventions, parameter widths, return widths, and linkage.
   - If a safe Rust core uses the logical API name, keep the ABI wrapper under a distinct Rust identifier with `#[export_name]`; never create duplicate exported symbols.
   - Preserve existing function-pointer typedefs and callback ABI types. Verify coercions or explicit casts still compile before changing any function referenced by a function table.
3. Convert plain read-only lookup arrays and fixed metadata from `static mut` to immutable `static` where stable identity may matter, or to `const` only where identity is irrelevant.
   - Prioritize arrays containing only integers or other automatically `Sync` scalar records.
   - Confirm there are no writes, mutable references, or intentional runtime initialization.
   - For exported data, inspect all declarations and consumers and preserve the symbol name, layout, size, alignment, and linkage. Do not make an externally writable symbol immutable without evidence that its C contract is const/read-only.
   - Update internal declarations consistently when mutability is represented there.
   - Do not add `unsafe impl Sync` for raw-pointer-containing descriptors or tables. Leave pointer-containing immutable data for a later design if it does not naturally satisfy `Sync`.
4. Remove unsafe access patterns made unnecessary by immutable tables, such as raw address construction used only to read a fixed array, when ordinary indexing or `.as_ptr()` preserves the required stable address and behavior.

Important compatibility constraints:
- Preserve translated-C behavior exactly, including wrapping, truncation, integer promotion, modulo timing, overflow sentinels, odd-looking comparisons, and existing edge-case results. Do not “fix” suspicious expressions during this safety-only change.
- Ensure every safe helper is panic-free for all values admitted by its signature. Prove table indices and shift counts are bounded; otherwise leave the function unsafe or add behavior-preserving checks only when the API already defines the corresponding invalid-input result.
- Public functions accepting raw pointers must remain unsafe unless their bodies and contracts genuinely do not depend on pointer validity, aliasing, initialization, or lifetime. A raw-pointer return alone does not necessarily require an unsafe function if it only exposes the stable address of immutable storage, but verify the public contract carefully.
- Do not move unsafe operations into a new raw-pointer helper merely to reduce an unsafe-function count.
- Avoid stream-state, compression/decompression state, allocation, file I/O, callbacks, and buffer-pointer algorithms in this iteration.
- Do not introduce integer-to-pointer casts, mutable statics, raw-pointer fields, or new unsafe blocks. If an unsafe block is unavoidable at an existing ABI boundary, keep it minimal and add a concise `// SAFETY:` justification.

Before editing:
1. Read `SAFETY_PLAN.md`.
2. Inspect `git status` and the existing diff so pre-existing work is not overwritten or attributed to this iteration.
3. Locate the workspace/crate manifests and inspect crate layout, exports, symbol attributes, internal `extern ""C""` declarations, function tables, callers, and relevant tests.
4. Search systematically rather than reading or rewriting entire generated files. Use targeted searches for:
   - pointer-free `unsafe fn` and `unsafe extern ""C"" fn`;
   - scalar ABI wrapper pairs;
   - `static mut` declarations and every use/write;
   - `#[no_mangle]`, `#[export_name]`, and matching `extern` declarations.
5. Run and record a practical baseline:
   - the repository’s formatting check;
   - relevant build and functionality tests;
   - `cargo check-unsafe2 --manifest-path <discovered-crate-manifest>`.
   Record exact pre-existing failures and the initial unsafe-entity count.

Validation:
- Add compact focused tests where inexpensive, covering scalar edge values, negative-length sentinels, maximum integer values, wrapping behavior, representative lookup-table entries, and consistency between safe cores and exported ABI wrappers.
- Run the same formatting, build, and functionality checks after editing.
- Run `cargo check-unsafe2 --manifest-path <discovered-crate-manifest>` and report the exact before/after count and reduction.
- Inspect all newly reported unsafe or unsafe-adjacent constructs and ensure none were introduced.
- Where practical, inspect the built library with `nm`, `readelf`, or an equivalent tool to confirm changed function and data symbols remain unique and correctly named.
- Review the final diff for accidental whole-file formatting, duplicate symbols, ABI drift, changed arithmetic, changed table identity, or unrelated edits.
- Do not print or rewrite entire generated files. Keep edits targeted and the final response short.
- If any command cannot run, give the exact command and reason; do not claim it passed.

Before finishing, update `SAFETY_PLAN.md` as a concise working scratchpad containing:
- the category addressed in this iteration;
- the measured before/after unsafe count and reduction;
- completed scalar functions, wrappers, and immutable-data categories at a summary level;
- validation commands and results;
- ABI or behavior pitfalls found;
- remaining work and the best next general candidate category.

Final response only:
- concise change summary;
- unsafe-entity reduction;
- validation results;
- remaining caveats or blocked checks.
Do not include full files or large code excerpts.",[0.0]
"Continue the iterative Rust safety refactor documented in `SAFETY_PLAN.md`.

{target_goal}

{after_refactoring_instruction}

This project is a C-to-Rust translation of zlib with a public C ABI and many generated-looking modules. The historical baseline was 6,604 unsafe entities; a prior checksum refactor reduced that to 6,524 while functionality tests still passed. Treat the current tree and `SAFETY_PLAN.md` as authoritative, but measure the checker count before and after this iteration and aim for a meaningful reduction.

Make one coherent, high-confidence change set. Prefer a batch of closely related, inexpensive reductions over one elaborate pointer-heavy rewrite. Do not rewrite or print entire generated files.

Before editing:
1. Read `SAFETY_PLAN.md`.
2. Inspect `git status`, the current diff, crate layout, exports, internal `extern ""C""` declarations, call sites, and relevant tests.
3. Run a practical baseline:
   - formatting check;
   - relevant build/tests;
   - `cargo check-unsafe2 --manifest-path {cargo_dir_path}/Cargo.toml`.
4. Record pre-existing failures and the initial unsafe-entity count so they are not attributed to this change.

Target selection, in priority order:
1. Remove `unsafe` from pointer-free arithmetic, bit manipulation, bounds calculations, state-independent helpers, and scalar-only C ABI entry points.
   - `extern ""C""` does not itself require an `unsafe fn`.
   - A wrapper taking only integers and calling safe code should normally be a safe `extern ""C"" fn`.
2. Convert genuinely read-only `static mut` lookup data to `const` or immutable `static`.
   - Prefer immutable `static` when callers require one stable address.
   - Prefer `const` only when object identity/address is irrelevant.
   - Do not change an externally writable data symbol or silently alter its linkage.
   - Check all `extern` declarations of exported tables and update mutability consistently without changing the symbol name or layout.
   - Do not add an `unsafe impl Sync` merely to force a pointer-containing static to compile. Leave such a value for a later design if safe immutability is not straightforward.
3. Move pointer-free implementation logic into ordinary safe Rust functions.
4. If a bounded buffer algorithm is selected, implement a safe core using slices, indexing, iterators, or chunks, with only a thin raw-pointer ABI wrapper.

Avoid complex stream-state, allocator, callback, and codec pointer rewrites unless `SAFETY_PLAN.md` identifies one as an already prepared next step. Those areas contain interdependent C layouts, function pointers, raw allocation state, and internal declarations that often resolve directly to exported symbols.

ABI and API constraints:
- Preserve every exported symbol name, C signature, calling convention, linkage, integer width, `repr(C)` layout, and function-pointer type.
- Internal `extern ""C""` declarations may bind directly to an exported Rust wrapper. Search callers before renaming or changing a Rust-visible signature.
- Never define the same exported symbol twice. When a safe Rust implementation uses the logical API name, give the ABI wrapper a distinct Rust identifier and use `#[export_name = ""...""]`.
- Do not assume `pub` means a safe Rust API is appropriate. A public function accepting raw pointers must remain unsafe unless its body cannot rely on pointer validity, aliasing, initialization, or lifetime invariants.
- Keep unavoidable raw-pointer operations at the ABI boundary and add a concise `// SAFETY:` justification to every new or modified unsafe block.
- Do not create a new raw-pointer helper simply to relocate unsafe code; new implementation helpers must use genuinely safe parameter types.

Behavioral constraints:
- Preserve null-pointer sentinel and initialization behavior exactly, including the order in which special cases are evaluated.
- Preserve whether null is accepted with zero length and whether a non-null zero-length pointer is accepted.
- Never call `slice::from_raw_parts` or `slice::from_raw_parts_mut` with null, including for zero length.
- Before constructing a slice, reject lengths exceeding `isize::MAX` unless a stronger invariant is proven.
- For an oversized length, use the API’s established invalid-argument result. Do not map it to an unrelated null-buffer sentinel merely because both avoid slice construction.
- Preserve wrapping, truncation, modulo timing, checksum chunking, integer promotion, state transitions, output accounting, and error values. Reordering reductions or replacing wrapping arithmetic can change translated C behavior.
- Ensure safe cores cannot panic for inputs admitted by their safe signatures.
- Do not “fix” apparent translated-C bugs or undefined behavior as part of a safety refactor unless compatibility tests and the plan explicitly authorize it.

Validation:
- Add focused tests when they cheaply protect changed behavior, especially scalar edge cases, standard checksum vectors, incremental/combined calculations, table contents, null handling, zero lengths, and chunk boundaries.
- Run the relevant formatting, build, and functionality tests.
- Run:
  `cargo check-unsafe2 --manifest-path {cargo_dir_path}/Cargo.toml`
- Compare its before/after unsafe-entity count and inspect all newly reported unsafe or unsafe-adjacent constructs. Integer-to-pointer casts, raw-pointer parameters or fields, new unsafe blocks, and new mutable statics are regressions unless required at an existing ABI boundary.
- Where practical, inspect produced symbols to confirm that wrappers and data exports remain unique and correctly named.
- Review the final diff for accidental whole-file formatting, symbol duplication, ABI drift, changed null semantics, table identity changes, and unrelated edits.
- If a command cannot run, report the exact command and reason; do not claim it passed.

Before finishing, update `SAFETY_PLAN.md` as a short working scratchpad with:
- the coherent category changed this iteration;
- the before/after unsafe count and reduction;
- completed items;
- validation commands and results;
- ABI or behavior pitfalls discovered;
- remaining work and the best next general candidate category.

Final response only:
- concise change summary;
- unsafe-entity reduction;
- validation results;
- remaining caveats or blocked checks.
Do not include full files or large code excerpts.",[0.01635372501514234]
"Continue the iterative Rust safety refactor documented in `SAFETY_PLAN.md`.

Context:
- This is a generated-looking C-to-Rust translation of zlib with a public C ABI.
- The historical tree contained 6,604 unsafe entities.
- A previous refactor reached 6,496 unsafe entities, a reduction of 108, while functionality tests passed.
- Do not assume 6,496 is still the current count. Treat the checked-out tree and `SAFETY_PLAN.md` as authoritative and measure the current count before editing.
- Many modules duplicate C types and declare functions or tables through internal `extern ""C""` blocks. Those declarations can resolve directly to Rust-exported symbols.
- The translation commonly has a Rust-visible implementation plus a distinct `*_ffi` wrapper using `#[export_name = ""...""]`. Preserve that pattern where needed, but do not leave a pointer-free wrapper unsafe merely because it is an ABI wrapper.

Goal:
Make one coherent, high-confidence batch of inexpensive safety reductions. Prioritize removing unnecessary `unsafe` from scalar-only functions and their ABI wrappers, then converting genuinely read-only mutable lookup data to immutable data. Avoid complex stream-state, allocator, callback, compression, decompression, and raw-buffer rewrites in this iteration.

Before editing:
1. Read `SAFETY_PLAN.md`.
2. Inspect `git status`, the current diff, crate layout, exports, internal `extern ""C""` declarations, call sites, function-pointer types, data-symbol declarations, and relevant tests.
3. Run and record a practical baseline:
   - the repository’s formatting check;
   - relevant build and functionality tests;
   - `cargo check-unsafe2 --manifest-path {cargo_dir_path}/Cargo.toml`.
4. Record exact pre-existing failures and the initial unsafe-entity count. Do not attribute existing failures to this change.

Target selection:
1. Find a closely related batch of functions that:
   - accept and return only integers, booleans, enums, or other scalar values;
   - perform arithmetic, bit manipulation, bounds calculations, compile-time size inspection, or state-independent transformations;
   - do not dereference raw pointers, access mutable statics, call unsafe functions, or rely on caller-provided memory invariants.
2. Convert their implementation logic to ordinary safe Rust functions where practical.
3. If such a function is exported through a scalar-only C ABI wrapper, make the wrapper a safe `extern ""C"" fn` as well. `extern ""C""` and `#[export_name]` do not themselves require `unsafe`.
4. Include small state-independent helpers used by that batch when they are also pointer-free.
5. As a secondary part of the same change set, convert clearly read-only `static mut` arrays or scalar tables to immutable `static` where all uses are reads.

Safety and API rules:
- Preserve every exported symbol name, calling convention, C parameter and return type, integer width, linkage, and `repr(C)` layout.
- Rust’s `unsafe fn` qualifier is not part of the C ABI, but changing a function used as a Rust function pointer can change its Rust type. Search all casts, tables, callback aliases, and call sites before changing it.
- Internal `extern ""C""` declarations may bind directly to exported Rust definitions. Do not rename or duplicate a symbol without checking the entire tree.
- Never define the same exported symbol twice. If a safe implementation needs the logical API name, keep a distinct ABI wrapper identifier and use `#[export_name = ""...""]`.
- A public function with raw-pointer parameters must remain unsafe when correctness depends on pointer validity, alignment, initialization, aliasing, provenance, lifetime, or accessible length.
- A function that merely returns a pointer to immutable static storage may be safe if it imposes no caller memory obligation and performs no unsafe access, but preserve the static’s stable identity.
- Do not create a raw-pointer helper simply to move unsafe code elsewhere. New implementation helpers must use genuinely safe parameter types.
- Do not change unsafe callback or function-pointer aliases merely to lower the count unless every implementation and caller is proven compatible.
- Do not add `unsafe impl Sync`. Pointer-containing values such as arrays of mutable C string pointers or descriptor structures may not be directly usable as immutable statics; leave them for a later design if safe immutability is not straightforward.

Read-only static conversion rules:
- Prefer immutable `static` when callers take the address or stable object identity matters.
- Prefer `const` only when address identity is irrelevant.
- Preserve symbol names, linkage, element type, array length, alignment, and contents exactly.
- Search every `extern` declaration of an exported table and update mutability consistently where appropriate.
- Do not make an externally writable C data symbol immutable.
- Do not rewrite or print an entire generated table. Limit edits to declarations, references, and narrowly necessary surrounding code.
- Keep translated union-containing tables immutable only when their element types safely support shared access and no writes occur.
- Preserve any established C-visible lookup tables used by compression or decompression; only remove mutability, not their symbols or storage identity.

Behavior rules:
- Preserve wrapping and truncating arithmetic exactly. Do not replace translated wrapping operations with ordinary arithmetic unless overflow is impossible for all admitted values.
- Preserve modulo timing, bit ordering, shift behavior, sentinel values, negative-length handling, and error values.
- Do not “fix” suspicious translated-C behavior during a safety-only refactor.
- Ensure every new safe function is non-panicking for all values allowed by its signature. Pay particular attention to shifts, indexing, narrowing casts, and signed minimum values.
- If any raw-pointer or mutable-static operation must be introduced or modified, keep it at the existing boundary and add a concise `// SAFETY:` justification to the unsafe block.

Focused validation:
- Add compact tests when they cheaply cover the selected scalar logic, including zero, negative values where applicable, maximum-width values, overflow boundaries, and known algebraic or standard vectors.
- For immutable tables, verify representative entries, full length, and stable pointer identity where the API exposes an address.
- Run the repository formatting check, relevant build/tests, and full available functionality tests.
- Run:
  `cargo check-unsafe2 --manifest-path {cargo_dir_path}/Cargo.toml`
- Compare the exact before/after unsafe-entity counts.
- Inspect newly reported unsafe or unsafe-adjacent constructs. New raw-pointer fields or parameters, integer-to-pointer casts, unsafe blocks, mutable statics, or unsafe function-pointer types are regressions unless required at an existing ABI boundary.
- Where practical, inspect the produced library with `nm`, `readelf`, or the platform equivalent to confirm affected exported functions and data symbols remain unique and correctly named.
- Review the final diff for accidental whole-file formatting, duplicated exports, ABI drift, changed table contents or identity, and unrelated edits.
- If a command cannot run, report the exact command and reason. Do not claim it passed.

Scope control:
- Prefer a batch of simple scalar-only helpers and wrappers over one elaborate pointer-heavy rewrite.
- Do not refactor stream state, allocation, callbacks, codec loops, gzip file state, or large raw buffer algorithms unless `SAFETY_PLAN.md` explicitly identifies one as a prepared next step.
- Do not print full generated files or large code excerpts.
- Revert speculative changes that do not compile cleanly or do not reduce the checker count.

Before finishing, update `SAFETY_PLAN.md` as a short working scratchpad containing:
- the coherent category changed in this iteration;
- the measured before/after unsafe count and reduction;
- completed items;
- validation commands and results;
- ABI or behavior pitfalls discovered;
- remaining work and the best next general candidate category.

Final response only:
- concise change summary;
- unsafe-entity count before and after, with reduction;
- validation results;
- remaining caveats or blocked checks.",[0.0]
"Continue the iterative Rust safety refactor documented in `SAFETY_PLAN.md`.

{target_goal}

{after_refactoring_instruction}

This project is a C-to-Rust translation of zlib with a public C ABI and many generated-looking modules. The historical baseline was 6,604 unsafe entities; a prior checksum refactor reduced that to 6,524 while functionality tests still passed. Treat the current tree and `SAFETY_PLAN.md` as authoritative, but measure the checker count before and after this iteration and aim for a meaningful reduction.

Make one coherent, high-confidence change set. Prefer a batch of closely related, inexpensive reductions over one elaborate pointer-heavy rewrite. Do not rewrite or print entire generated files.

Before editing:
1. Read `SAFETY_PLAN.md`.
2. Inspect `git status`, the current diff, crate layout, exports, internal `extern ""C""` declarations, call sites, and relevant tests.
3. Run a practical baseline:
   - formatting check;
   - relevant build/tests;
   - `cargo check-unsafe2 --manifest-path {cargo_dir_path}/Cargo.toml`.
4. Record pre-existing failures and the initial unsafe-entity count so they are not attributed to this change.

Target selection, in priority order:
1. Remove `unsafe` from pointer-free arithmetic, bit manipulation, bounds calculations, state-independent helpers, and scalar-only C ABI entry points.
   - `extern ""C""` does not itself require an `unsafe fn`.
   - A wrapper taking only integers and calling safe code should normally be a safe `extern ""C"" fn`.
2. Convert genuinely read-only `static mut` lookup data to `const` or immutable `static`.
   - Prefer immutable `static` when callers require one stable address.
   - Prefer `const` only when object identity/address is irrelevant.
   - Do not change an externally writable data symbol or silently alter its linkage.
   - Check all `extern` declarations of exported tables and update mutability consistently without changing the symbol name or layout.
   - Do not add an `unsafe impl Sync` merely to force a pointer-containing static to compile. Leave such a value for a later design if safe immutability is not straightforward.
3. Move pointer-free implementation logic into ordinary safe Rust functions.
4. If a bounded buffer algorithm is selected, implement a safe core using slices, indexing, iterators, or chunks, with only a thin raw-pointer ABI wrapper.

Avoid complex stream-state, allocator, callback, and codec pointer rewrites unless `SAFETY_PLAN.md` identifies one as an already prepared next step. Those areas contain interdependent C layouts, function pointers, raw allocation state, and internal declarations that often resolve directly to exported symbols.

ABI and API constraints:
- Preserve every exported symbol name, C signature, calling convention, linkage, integer width, `repr(C)` layout, and function-pointer type.
- Internal `extern ""C""` declarations may bind directly to an exported Rust wrapper. Search callers before renaming or changing a Rust-visible signature.
- Never define the same exported symbol twice. When a safe Rust implementation uses the logical API name, give the ABI wrapper a distinct Rust identifier and use `#[export_name = ""...""]`.
- Do not assume `pub` means a safe Rust API is appropriate. A public function accepting raw pointers must remain unsafe unless its body cannot rely on pointer validity, aliasing, initialization, or lifetime invariants.
- Keep unavoidable raw-pointer operations at the ABI boundary and add a concise `// SAFETY:` justification to every new or modified unsafe block.
- Do not create a new raw-pointer helper simply to relocate unsafe code; new implementation helpers must use genuinely safe parameter types.

Behavioral constraints:
- Preserve null-pointer sentinel and initialization behavior exactly, including the order in which special cases are evaluated.
- Preserve whether null is accepted with zero length and whether a non-null zero-length pointer is accepted.
- Never call `slice::from_raw_parts` or `slice::from_raw_parts_mut` with null, including for zero length.
- Before constructing a slice, reject lengths exceeding `isize::MAX` unless a stronger invariant is proven.
- For an oversized length, use the API’s established invalid-argument result. Do not map it to an unrelated null-buffer sentinel merely because both avoid slice construction.
- Preserve wrapping, truncation, modulo timing, checksum chunking, integer promotion, state transitions, output accounting, and error values. Reordering reductions or replacing wrapping arithmetic can change translated C behavior.
- Ensure safe cores cannot panic for inputs admitted by their safe signatures.
- Do not “fix” apparent translated-C bugs or undefined behavior as part of a safety refactor unless compatibility tests and the plan explicitly authorize it.

Validation:
- Add focused tests when they cheaply protect changed behavior, especially scalar edge cases, standard checksum vectors, incremental/combined calculations, table contents, null handling, zero lengths, and chunk boundaries.
- Run the relevant formatting, build, and functionality tests.
- Run:
  `cargo check-unsafe2 --manifest-path {cargo_dir_path}/Cargo.toml`
- Compare its before/after unsafe-entity count and inspect all newly reported unsafe or unsafe-adjacent constructs. Integer-to-pointer casts, raw-pointer parameters or fields, new unsafe blocks, and new mutable statics are regressions unless required at an existing ABI boundary.
- Where practical, inspect produced symbols to confirm that wrappers and data exports remain unique and correctly named.
- Review the final diff for accidental whole-file formatting, symbol duplication, ABI drift, changed null semantics, table identity changes, and unrelated edits.
- If a command cannot run, report the exact command and reason; do not claim it passed.

Before finishing, update `SAFETY_PLAN.md` as a short working scratchpad with:
- the coherent category changed this iteration;
- the before/after unsafe count and reduction;
- completed items;
- validation commands and results;
- ABI or behavior pitfalls discovered;
- remaining work and the best next general candidate category.

Final response only:
- concise change summary;
- unsafe-entity reduction;
- validation results;
- remaining caveats or blocked checks.
Do not include full files or large code excerpts.",[0.01635372501514234]
"Continue the iterative Rust safety refactor documented in `SAFETY_PLAN.md`.

Target this iteration at a coherent batch of low-cost, high-confidence reductions:

1. Remove `unsafe` from pointer-free arithmetic, bit-manipulation, checksum-combination, bounds, size-reporting, and other scalar-only helpers.
2. Make scalar-only C ABI exports safe `extern ""C"" fn` where their bodies call only safe code. The ABI wrapper itself should not remain `unsafe` merely because it is exported or uses the C calling convention.
3. Convert genuinely read-only lookup arrays containing only `Sync` scalar or plain value types from `static mut` to immutable `static`. Include function-local tables and internal generated-looking codec tables when all uses are read-only.
4. If an immutable table is returned by address, retain one stable object and return a pointer to that immutable `static`; do not replace it with a `const` that may create separate objects.

The latest reported checker result was 6,496 unsafe entities, down from the historical 6,604 baseline, but treat the current checkout and `SAFETY_PLAN.md` as authoritative. Measure the current count before editing and again afterward. Aim for a meaningful reduction without undertaking stream-state, allocator, callback, or pointer-heavy codec rewrites.

Before editing:

- Read `SAFETY_PLAN.md`.
- Inspect `git status`, the existing diff, crate/workspace manifests, module exports, generated symbol wrappers, internal `extern ""C""` declarations, call sites, and relevant tests.
- Search globally for:
  - pointer-free `unsafe fn` and scalar-only `unsafe extern ""C"" fn`;
  - FFI wrappers that remain unsafe even though they only forward scalar values to safe code;
  - read-only `static mut` arrays and all reads/writes of them;
  - every declaration of exported data symbols whose mutability might change.
- Run and record a practical baseline:
  - formatting check;
  - relevant build and functionality tests;
  - `cargo check-unsafe2 --manifest-path {cargo_dir_path}/Cargo.toml`.
- Record exact pre-existing failures and the initial unsafe-entity count.

Implementation rules:

- Preserve every exported symbol name, calling convention, C parameter and return type, integer width, linkage, and `repr(C)` layout.
- A safe `extern ""C"" fn` has the same C ABI as an unsafe one. If the logical Rust implementation and exported symbol need different Rust identifiers, keep a distinct wrapper with `#[export_name = ""...""]`; never define the same exported symbol twice.
- Do not leave scalar-only ABI wrappers unsafe when they perform no unsafe operation and rely on no caller safety invariant.
- Conversely, a public function accepting raw pointers must remain unsafe if correctness relies on pointer validity, initialization, alignment, aliasing, provenance, lifetime, or allocation invariants. Null checks alone do not make such an API safe.
- Returning a raw pointer does not automatically require an unsafe function when it simply exposes a stable immutable static, but confirm the pointer remains valid and the API does not promise mutability.
- Preserve wrapping, truncation, signedness, modulo timing, operator precedence, integer promotions, sentinel values, and edge-case results exactly. Do not simplify translated arithmetic unless equivalence is clear for all values.
- Keep pointer-free implementation logic in ordinary safe Rust functions where practical.
- For read-only tables:
  - use immutable `static` when callers take or compare addresses;
  - use `const` only when identity is irrelevant;
  - verify there are no writes, mutable references, or externally writable ABI expectations;
  - update all internal `extern` declarations consistently if an exported table’s mutability changes, without changing its symbol or layout;
  - do not add `unsafe impl Sync` to force pointer-containing data into an immutable static. Leave raw-pointer-containing descriptors and pointer arrays for later unless safe immutability is naturally supported.
- Do not change externally writable copyright, error-message, configuration, or compatibility symbols merely because current Rust call sites only read them; first establish that the public C ABI defines them as read-only.
- Avoid broad formatting or rewriting entire generated files. Make narrow scripted substitutions only when each matched declaration has been audited.
- Do not introduce new integer-to-pointer casts, raw-pointer helpers, unsafe blocks, mutable statics, or raw-pointer fields.
- Add a concise `// SAFETY:` justification to every new or modified unsafe block. Prefer not to add any unsafe block in this iteration.

Focused validation:

- Add inexpensive tests for changed scalar logic, including zero, negative signed lengths where applicable, maximum-width integers, overflow boundaries, and known combination identities.
- For changed tables, test representative entries, lengths, and stable-address behavior when the API exposes their address.
- Run:
  - formatting check;
  - relevant build and functionality tests;
  - focused tests added or affected by the change;
  - `cargo check-unsafe2 --manifest-path {cargo_dir_path}/Cargo.toml`.
- Compare before/after checker counts and inspect all newly reported unsafe or unsafe-adjacent constructs.
- Where practical, inspect produced symbols with `nm`, `readelf`, or the platform equivalent to confirm exported functions and data symbols remain unique and correctly named.
- Review the final diff for accidental whole-file formatting, duplicate exports, ABI drift, table duplication, changed object identity, arithmetic changes, and unrelated edits.
- If any command cannot run, report the exact command and reason; do not claim it passed.

Before finishing, update `SAFETY_PLAN.md` as a short working scratchpad containing:

- the category changed this iteration;
- the measured before/after unsafe counts and reduction;
- completed work;
- validation commands and results;
- ABI, linkage, arithmetic, or table-identity pitfalls discovered;
- remaining work and the best next general candidate category.

Final response only:

- concise change summary;
- unsafe-entity count before and after, with reduction;
- validation results;
- remaining caveats or blocked checks.

Do not print full files, large generated tables, long unsafe-entity lists, or large code excerpts.",[0.0]
"Continue the iterative Rust safety refactor documented in `SAFETY_PLAN.md`.

{target_goal}

{after_refactoring_instruction}

This project is a C-to-Rust translation of zlib with a public C ABI and many generated-looking modules. The historical baseline was 6,604 unsafe entities; a prior checksum refactor reduced that to 6,524 while functionality tests still passed. Treat the current tree and `SAFETY_PLAN.md` as authoritative, but measure the checker count before and after this iteration and aim for a meaningful reduction.

Make one coherent, high-confidence change set. Prefer a batch of closely related, inexpensive reductions over one elaborate pointer-heavy rewrite. Do not rewrite or print entire generated files.

Before editing:
1. Read `SAFETY_PLAN.md`.
2. Inspect `git status`, the current diff, crate layout, exports, internal `extern ""C""` declarations, call sites, and relevant tests.
3. Run a practical baseline:
   - formatting check;
   - relevant build/tests;
   - `cargo check-unsafe2 --manifest-path {cargo_dir_path}/Cargo.toml`.
4. Record pre-existing failures and the initial unsafe-entity count so they are not attributed to this change.

Target selection, in priority order:
1. Remove `unsafe` from pointer-free arithmetic, bit manipulation, bounds calculations, state-independent helpers, and scalar-only C ABI entry points.
   - `extern ""C""` does not itself require an `unsafe fn`.
   - A wrapper taking only integers and calling safe code should normally be a safe `extern ""C"" fn`.
2. Convert genuinely read-only `static mut` lookup data to `const` or immutable `static`.
   - Prefer immutable `static` when callers require one stable address.
   - Prefer `const` only when object identity/address is irrelevant.
   - Do not change an externally writable data symbol or silently alter its linkage.
   - Check all `extern` declarations of exported tables and update mutability consistently without changing the symbol name or layout.
   - Do not add an `unsafe impl Sync` merely to force a pointer-containing static to compile. Leave such a value for a later design if safe immutability is not straightforward.
3. Move pointer-free implementation logic into ordinary safe Rust functions.
4. If a bounded buffer algorithm is selected, implement a safe core using slices, indexing, iterators, or chunks, with only a thin raw-pointer ABI wrapper.

Avoid complex stream-state, allocator, callback, and codec pointer rewrites unless `SAFETY_PLAN.md` identifies one as an already prepared next step. Those areas contain interdependent C layouts, function pointers, raw allocation state, and internal declarations that often resolve directly to exported symbols.

ABI and API constraints:
- Preserve every exported symbol name, C signature, calling convention, linkage, integer width, `repr(C)` layout, and function-pointer type.
- Internal `extern ""C""` declarations may bind directly to an exported Rust wrapper. Search callers before renaming or changing a Rust-visible signature.
- Never define the same exported symbol twice. When a safe Rust implementation uses the logical API name, give the ABI wrapper a distinct Rust identifier and use `#[export_name = ""...""]`.
- Do not assume `pub` means a safe Rust API is appropriate. A public function accepting raw pointers must remain unsafe unless its body cannot rely on pointer validity, aliasing, initialization, or lifetime invariants.
- Keep unavoidable raw-pointer operations at the ABI boundary and add a concise `// SAFETY:` justification to every new or modified unsafe block.
- Do not create a new raw-pointer helper simply to relocate unsafe code; new implementation helpers must use genuinely safe parameter types.

Behavioral constraints:
- Preserve null-pointer sentinel and initialization behavior exactly, including the order in which special cases are evaluated.
- Preserve whether null is accepted with zero length and whether a non-null zero-length pointer is accepted.
- Never call `slice::from_raw_parts` or `slice::from_raw_parts_mut` with null, including for zero length.
- Before constructing a slice, reject lengths exceeding `isize::MAX` unless a stronger invariant is proven.
- For an oversized length, use the API’s established invalid-argument result. Do not map it to an unrelated null-buffer sentinel merely because both avoid slice construction.
- Preserve wrapping, truncation, modulo timing, checksum chunking, integer promotion, state transitions, output accounting, and error values. Reordering reductions or replacing wrapping arithmetic can change translated C behavior.
- Ensure safe cores cannot panic for inputs admitted by their safe signatures.
- Do not “fix” apparent translated-C bugs or undefined behavior as part of a safety refactor unless compatibility tests and the plan explicitly authorize it.

Validation:
- Add focused tests when they cheaply protect changed behavior, especially scalar edge cases, standard checksum vectors, incremental/combined calculations, table contents, null handling, zero lengths, and chunk boundaries.
- Run the relevant formatting, build, and functionality tests.
- Run:
  `cargo check-unsafe2 --manifest-path {cargo_dir_path}/Cargo.toml`
- Compare its before/after unsafe-entity count and inspect all newly reported unsafe or unsafe-adjacent constructs. Integer-to-pointer casts, raw-pointer parameters or fields, new unsafe blocks, and new mutable statics are regressions unless required at an existing ABI boundary.
- Where practical, inspect produced symbols to confirm that wrappers and data exports remain unique and correctly named.
- Review the final diff for accidental whole-file formatting, symbol duplication, ABI drift, changed null semantics, table identity changes, and unrelated edits.
- If a command cannot run, report the exact command and reason; do not claim it passed.

Before finishing, update `SAFETY_PLAN.md` as a short working scratchpad with:
- the coherent category changed this iteration;
- the before/after unsafe count and reduction;
- completed items;
- validation commands and results;
- ABI or behavior pitfalls discovered;
- remaining work and the best next general candidate category.

Final response only:
- concise change summary;
- unsafe-entity reduction;
- validation results;
- remaining caveats or blocked checks.
Do not include full files or large code excerpts.",[0.01635372501514234]
"Continue the iterative Rust safety refactor documented in `SAFETY_PLAN.md`.

This is a generated-looking C-to-Rust translation of zlib with a public C ABI. The historical checker baseline was 6,604 unsafe entities. The latest known iteration reduced that to 6,496, and functionality tests passed. Treat the current tree and `SAFETY_PLAN.md` as authoritative: remeasure before editing and report the actual before/after counts.

Make one coherent, low-risk change set focused on inexpensive unsafe reductions. For this iteration, prioritize a batch of:

1. Pointer-free scalar functions and forwarding wrappers
   - Remove `unsafe` from functions whose parameters and implementation are scalar-only arithmetic, bit manipulation, size calculations, or constant queries.
   - `extern ""C""` does not require `unsafe`.
   - Make scalar-only exported ABI wrappers safe `extern ""C"" fn`, not merely their internal implementations.
   - Preserve the existing calling convention on Rust-visible functions; normally remove only `unsafe` rather than changing `extern ""C"" fn` into Rust-ABI `fn`.
   - A safe function may be coerced where an existing unsafe function-pointer type must remain unchanged.
   - Functions accepting raw pointers must remain unsafe when correctness relies on pointer validity, initialization, aliasing, provenance, lifetime, or allocation invariants.
   - Merely returning a raw pointer to stable immutable storage does not by itself require an unsafe function.

2. Read-only plain-data lookup tables
   - Convert genuinely read-only private or internal `static mut` arrays containing integers or other pointer-free plain data into immutable `static`.
   - Include function-local lookup arrays and fixed coding, ordering, base, extra-bit, or similar tables when searches prove they are never written.
   - Prefer immutable `static` over `const` when callers take an address or stable identity matters.
   - After conversion, replace raw-address workarounds with ordinary indexing or `.as_ptr()` where practical.
   - Search every definition, declaration, address-taking use, and write before changing mutability.
   - For exported data symbols, preserve symbol name, linkage, element type, length, and layout. Change mutability only when all declarations and intended C semantics show that the symbol is read-only; do not turn an externally writable compatibility symbol into read-only storage.
   - Do not use `unsafe impl Sync` to force pointer-containing descriptors or tables into immutable statics. Leave raw-pointer-containing statics for a later design.

Avoid pointer-heavy stream state, codec loops, allocators, callbacks, gzip state, and buffer ownership rewrites in this iteration. A small keyword-and-call-site batch across closely related scalar helpers or lookup data is preferred over an elaborate algorithm rewrite.

Before editing:
- Read `SAFETY_PLAN.md`.
- Inspect `git status`, the existing diff, crate layout, exports, internal `extern ""C""` declarations, call sites, tests, and all candidate table writes.
- Run and record:
  - the project’s formatting check;
  - practical build and functionality tests;
  - `cargo check-unsafe2 --manifest-path {cargo_dir_path}/Cargo.toml`.
- Record pre-existing failures separately.

ABI requirements:
- Preserve every exported symbol name, C parameter and return type, calling convention, linkage, integer width, and `repr(C)` layout.
- Internal `extern ""C""` declarations may resolve directly to exported Rust definitions, so inspect them before renaming or changing signatures.
- Never emit two definitions of the same exported symbol.
- If an ABI wrapper already uses `#[export_name = ""...""]`, retain the distinct Rust identifier and make the wrapper safe when it is scalar-only.
- Removing Rust’s `unsafe` qualifier does not alter the binary C ABI, but removing `extern ""C""` does alter the Rust-visible function type and must not be done casually.
- Do not expose a safe Rust API for a raw-pointer operation unless the implementation cannot rely on caller-provided pointer invariants.

Behavior requirements:
- Preserve wrapping, truncation, signedness, integer promotion, modulo timing, sentinel values, and error results exactly.
- Do not “fix” translated-C oddities such as tautological comparisons as part of this safety-only change.
- Safe functions must not panic for values admitted by their signatures.
- If any raw-pointer boundary is modified, keep unavoidable operations in a narrow unsafe block and add a concise `// SAFETY:` justification.
- Do not introduce new raw-pointer helpers, integer-to-pointer casts, mutable statics, or unsafe blocks merely to move existing unsafety elsewhere.

Validation after editing:
- Run formatting, build, and functionality tests.
- Run `cargo check-unsafe2 --manifest-path {cargo_dir_path}/Cargo.toml`.
- Compare the exact unsafe count and inspect all newly reported unsafe or unsafe-adjacent constructs.
- Confirm no candidate immutable table has a write.
- Where practical, inspect produced symbols to verify exported wrappers and data symbols remain unique and correctly named.
- Review the final diff for accidental whole-file formatting, ABI drift, changed table contents or identity, symbol duplication, and unrelated edits.
- Revert speculative changes that do not compile cleanly or provide a clear reduction.
- If a command cannot run, report the exact command and reason rather than claiming success.

Update `SAFETY_PLAN.md` as a short working scratchpad containing:
- the category changed this iteration;
- actual before/after checker counts and reduction;
- completed scalar helpers/wrappers and lookup-data categories;
- validation commands and results;
- ABI or mutability pitfalls discovered;
- remaining work and the next best general candidate category.

Do not print full generated files or large excerpts. Final response only:
- concise change summary;
- unsafe-entity count before → after and reduction;
- validation results;
- remaining caveats or blocked checks.",[0.0]
"Continue the iterative Rust safety refactor documented in `SAFETY_PLAN.md`.

{target_goal}

{after_refactoring_instruction}

This project is a C-to-Rust translation of zlib with a public C ABI and many generated-looking modules. The historical baseline was 6,604 unsafe entities; a prior checksum refactor reduced that to 6,524 while functionality tests still passed. Treat the current tree and `SAFETY_PLAN.md` as authoritative, but measure the checker count before and after this iteration and aim for a meaningful reduction.

Make one coherent, high-confidence change set. Prefer a batch of closely related, inexpensive reductions over one elaborate pointer-heavy rewrite. Do not rewrite or print entire generated files.

Before editing:
1. Read `SAFETY_PLAN.md`.
2. Inspect `git status`, the current diff, crate layout, exports, internal `extern ""C""` declarations, call sites, and relevant tests.
3. Run a practical baseline:
   - formatting check;
   - relevant build/tests;
   - `cargo check-unsafe2 --manifest-path {cargo_dir_path}/Cargo.toml`.
4. Record pre-existing failures and the initial unsafe-entity count so they are not attributed to this change.

Target selection, in priority order:
1. Remove `unsafe` from pointer-free arithmetic, bit manipulation, bounds calculations, state-independent helpers, and scalar-only C ABI entry points.
   - `extern ""C""` does not itself require an `unsafe fn`.
   - A wrapper taking only integers and calling safe code should normally be a safe `extern ""C"" fn`.
2. Convert genuinely read-only `static mut` lookup data to `const` or immutable `static`.
   - Prefer immutable `static` when callers require one stable address.
   - Prefer `const` only when object identity/address is irrelevant.
   - Do not change an externally writable data symbol or silently alter its linkage.
   - Check all `extern` declarations of exported tables and update mutability consistently without changing the symbol name or layout.
   - Do not add an `unsafe impl Sync` merely to force a pointer-containing static to compile. Leave such a value for a later design if safe immutability is not straightforward.
3. Move pointer-free implementation logic into ordinary safe Rust functions.
4. If a bounded buffer algorithm is selected, implement a safe core using slices, indexing, iterators, or chunks, with only a thin raw-pointer ABI wrapper.

Avoid complex stream-state, allocator, callback, and codec pointer rewrites unless `SAFETY_PLAN.md` identifies one as an already prepared next step. Those areas contain interdependent C layouts, function pointers, raw allocation state, and internal declarations that often resolve directly to exported symbols.

ABI and API constraints:
- Preserve every exported symbol name, C signature, calling convention, linkage, integer width, `repr(C)` layout, and function-pointer type.
- Internal `extern ""C""` declarations may bind directly to an exported Rust wrapper. Search callers before renaming or changing a Rust-visible signature.
- Never define the same exported symbol twice. When a safe Rust implementation uses the logical API name, give the ABI wrapper a distinct Rust identifier and use `#[export_name = ""...""]`.
- Do not assume `pub` means a safe Rust API is appropriate. A public function accepting raw pointers must remain unsafe unless its body cannot rely on pointer validity, aliasing, initialization, or lifetime invariants.
- Keep unavoidable raw-pointer operations at the ABI boundary and add a concise `// SAFETY:` justification to every new or modified unsafe block.
- Do not create a new raw-pointer helper simply to relocate unsafe code; new implementation helpers must use genuinely safe parameter types.

Behavioral constraints:
- Preserve null-pointer sentinel and initialization behavior exactly, including the order in which special cases are evaluated.
- Preserve whether null is accepted with zero length and whether a non-null zero-length pointer is accepted.
- Never call `slice::from_raw_parts` or `slice::from_raw_parts_mut` with null, including for zero length.
- Before constructing a slice, reject lengths exceeding `isize::MAX` unless a stronger invariant is proven.
- For an oversized length, use the API’s established invalid-argument result. Do not map it to an unrelated null-buffer sentinel merely because both avoid slice construction.
- Preserve wrapping, truncation, modulo timing, checksum chunking, integer promotion, state transitions, output accounting, and error values. Reordering reductions or replacing wrapping arithmetic can change translated C behavior.
- Ensure safe cores cannot panic for inputs admitted by their safe signatures.
- Do not “fix” apparent translated-C bugs or undefined behavior as part of a safety refactor unless compatibility tests and the plan explicitly authorize it.

Validation:
- Add focused tests when they cheaply protect changed behavior, especially scalar edge cases, standard checksum vectors, incremental/combined calculations, table contents, null handling, zero lengths, and chunk boundaries.
- Run the relevant formatting, build, and functionality tests.
- Run:
  `cargo check-unsafe2 --manifest-path {cargo_dir_path}/Cargo.toml`
- Compare its before/after unsafe-entity count and inspect all newly reported unsafe or unsafe-adjacent constructs. Integer-to-pointer casts, raw-pointer parameters or fields, new unsafe blocks, and new mutable statics are regressions unless required at an existing ABI boundary.
- Where practical, inspect produced symbols to confirm that wrappers and data exports remain unique and correctly named.
- Review the final diff for accidental whole-file formatting, symbol duplication, ABI drift, changed null semantics, table identity changes, and unrelated edits.
- If a command cannot run, report the exact command and reason; do not claim it passed.

Before finishing, update `SAFETY_PLAN.md` as a short working scratchpad with:
- the coherent category changed this iteration;
- the before/after unsafe count and reduction;
- completed items;
- validation commands and results;
- ABI or behavior pitfalls discovered;
- remaining work and the best next general candidate category.

Final response only:
- concise change summary;
- unsafe-entity reduction;
- validation results;
- remaining caveats or blocked checks.
Do not include full files or large code excerpts.",[0.01635372501514234]
"Continue the iterative Rust safety refactor documented in `SAFETY_PLAN.md`.

This is a generated-looking C-to-Rust translation of zlib. It exposes a public C ABI, contains duplicated C-compatible layouts across modules, and has internal `extern ""C""` declarations that can bind directly to Rust-exported symbols. The historical checker baseline was 6,604 unsafe entities; a prior checksum iteration reduced the tree substantially while functionality tests continued to pass. Ignore historical numbers when calculating this iteration’s result: run the checker before editing and treat the current tree and `SAFETY_PLAN.md` as authoritative.

Make one coherent, low-cost change set focused on removing unnecessary unsafety from pointer-free code and genuinely immutable lookup data. Prefer a broad batch of simple mechanical reductions over a complex pointer or stream-state rewrite.

Before editing:
1. Read `SAFETY_PLAN.md`.
2. Inspect `git status` and the existing diff. Preserve unrelated user changes.
3. Inspect crate layout, exports, internal foreign declarations, call sites, function-pointer types, and relevant tests.
4. Run and record a practical baseline:
   - `cargo fmt --all -- --check` using the applicable manifest/workspace;
   - relevant build and tests;
   - `cargo check-unsafe2 --manifest-path {cargo_dir_path}/Cargo.toml`.
5. Record all pre-existing failures and the initial unsafe-entity count.

Primary target: pointer-free functions
- Find `unsafe fn` and `unsafe extern ""C"" fn` items whose parameters and implementation are scalar-only and which perform only arithmetic, bit manipulation, bounds calculations, table reads, or state-independent computation.
- Remove `unsafe` from both the implementation and the exported ABI wrapper when no caller-supplied safety invariant is required. `extern ""C""` does not itself make a function unsafe.
- A scalar-only exported C function should normally be a safe `extern ""C"" fn`, not an ordinary Rust function hidden behind an unnecessarily unsafe wrapper.
- If a safe Rust core is useful, make it an ordinary safe function and retain exactly one ABI wrapper with a distinct Rust identifier and `#[export_name = ""...""]`.
- Do not change the exported symbol name, calling convention, parameter widths, return width, or linkage.
- Preserve existing integer behavior exactly: wrapping, truncation, signedness, modulo timing, shift behavior, error sentinels, and unusual translated-C expressions. Do not “correct” suspicious tautologies or apparent bugs during this refactor.
- Ensure safe functions cannot panic for any values admitted by their signatures. Use explicit wrapping operations where the translated C behavior requires them.

Secondary target: immutable lookup data
- Convert private lookup arrays that are initialized once and only read to immutable `static` or `const`.
- Prefer immutable `static` when callers take or return its address, since it preserves one stable object identity.
- Prefer `const` only when address identity is irrelevant.
- Convert function-local read-only `static mut` arrays as well when straightforward.
- Update all declarations and uses consistently.
- Do not convert an exported writable data symbol merely because current Rust callers only read it. Public C data symbols may be written by foreign code, so mutability and linkage are ABI properties.
- Do not change symbol names, array lengths, element widths, or layouts.
- Do not add `unsafe impl Sync` to force pointer-containing statics to compile. Raw-pointer and function-pointer-containing tables may require a later design and should be left alone if immutable `static` is not naturally accepted.

Scope exclusions
- Do not attempt complex stream state, codec loops, allocators, callbacks, file handles, or raw buffer algorithms in this iteration.
- Do not mark a raw-pointer API safe merely because its current body performs null checks. If correctness can depend on validity, alignment, initialization, aliasing, lifetime, writable memory, allocation provenance, callback contracts, or pointer subtraction, keep it unsafe.
- Do not create raw-pointer helpers just to move unsafe operations elsewhere.
- Preserve C-compatible structures, unions, callback types, and unsafe function-pointer types unless a complete call-site and ABI audit proves a change is valid.
- Avoid whole-file formatting or rewriting generated tables. Make narrow textual edits.

ABI rules
- Never define an exported symbol twice.
- Internal foreign declarations may resolve directly to an exported Rust definition. Search before renaming or changing a Rust-visible signature.
- Keep foreign function calls inside unsafe contexts as required even if the exported Rust implementation is itself safe; a declaration in an `extern` block remains an unsafe foreign call boundary.
- A safe ABI wrapper may call a safe core without an unsafe block.
- Every new or modified unsafe block must have a concise `// SAFETY:` explanation.
- Do not add raw-pointer parameters, raw-pointer fields, integer-to-pointer casts, mutable statics, or unsafe blocks unless required at an existing ABI boundary.

Validation and tests
- Add focused tests where cheap, especially for scalar edge values, negative-length sentinels, combination calculations, overflow behavior, stable table pointers, and representative first/last table entries.
- Test both safe Rust entry points and exported ABI wrappers when practical.
- Run:
  - formatting check;
  - relevant unit and functionality tests;
  - applicable build/check commands;
  - `cargo check-unsafe2 --manifest-path {cargo_dir_path}/Cargo.toml`.
- Compare the exact before/after checker counts and report the reduction from the measured current baseline.
- Inspect newly reported unsafe or unsafe-adjacent constructs and confirm none were introduced.
- Where practical, inspect produced symbols with `nm`, `llvm-nm`, or an equivalent tool to verify that changed exports remain unique and correctly named.
- Review the final diff for ABI drift, changed table identity, accidental exported-data mutability changes, unnecessary unsafe ABI wrappers, whole-file churn, and unrelated edits.
- If a command cannot run, report the exact command and reason. Never claim an unexecuted command passed.

Before finishing, update `SAFETY_PLAN.md` as a concise working scratchpad containing:
- the category changed this iteration;
- measured before/after unsafe counts and reduction;
- completed items;
- validation commands and results;
- ABI or behavior pitfalls found;
- remaining work and the best next general candidate category.

Final response only:
- concise change summary;
- measured unsafe-entity reduction;
- validation results;
- remaining caveats or blocked checks.

Do not print full source files, generated tables, long unsafe-entity lists, or large code excerpts.",[0.0]
"Continue the iterative Rust safety refactor documented in `SAFETY_PLAN.md`.

{target_goal}

{after_refactoring_instruction}

This project is a C-to-Rust translation of zlib with a public C ABI and many generated-looking modules. The historical baseline was 6,604 unsafe entities; a prior checksum refactor reduced that to 6,524 while functionality tests still passed. Treat the current tree and `SAFETY_PLAN.md` as authoritative, but measure the checker count before and after this iteration and aim for a meaningful reduction.

Make one coherent, high-confidence change set. Prefer a batch of closely related, inexpensive reductions over one elaborate pointer-heavy rewrite. Do not rewrite or print entire generated files.

Before editing:
1. Read `SAFETY_PLAN.md`.
2. Inspect `git status`, the current diff, crate layout, exports, internal `extern ""C""` declarations, call sites, and relevant tests.
3. Run a practical baseline:
   - formatting check;
   - relevant build/tests;
   - `cargo check-unsafe2 --manifest-path {cargo_dir_path}/Cargo.toml`.
4. Record pre-existing failures and the initial unsafe-entity count so they are not attributed to this change.

Target selection, in priority order:
1. Remove `unsafe` from pointer-free arithmetic, bit manipulation, bounds calculations, state-independent helpers, and scalar-only C ABI entry points.
   - `extern ""C""` does not itself require an `unsafe fn`.
   - A wrapper taking only integers and calling safe code should normally be a safe `extern ""C"" fn`.
2. Convert genuinely read-only `static mut` lookup data to `const` or immutable `static`.
   - Prefer immutable `static` when callers require one stable address.
   - Prefer `const` only when object identity/address is irrelevant.
   - Do not change an externally writable data symbol or silently alter its linkage.
   - Check all `extern` declarations of exported tables and update mutability consistently without changing the symbol name or layout.
   - Do not add an `unsafe impl Sync` merely to force a pointer-containing static to compile. Leave such a value for a later design if safe immutability is not straightforward.
3. Move pointer-free implementation logic into ordinary safe Rust functions.
4. If a bounded buffer algorithm is selected, implement a safe core using slices, indexing, iterators, or chunks, with only a thin raw-pointer ABI wrapper.

Avoid complex stream-state, allocator, callback, and codec pointer rewrites unless `SAFETY_PLAN.md` identifies one as an already prepared next step. Those areas contain interdependent C layouts, function pointers, raw allocation state, and internal declarations that often resolve directly to exported symbols.

ABI and API constraints:
- Preserve every exported symbol name, C signature, calling convention, linkage, integer width, `repr(C)` layout, and function-pointer type.
- Internal `extern ""C""` declarations may bind directly to an exported Rust wrapper. Search callers before renaming or changing a Rust-visible signature.
- Never define the same exported symbol twice. When a safe Rust implementation uses the logical API name, give the ABI wrapper a distinct Rust identifier and use `#[export_name = ""...""]`.
- Do not assume `pub` means a safe Rust API is appropriate. A public function accepting raw pointers must remain unsafe unless its body cannot rely on pointer validity, aliasing, initialization, or lifetime invariants.
- Keep unavoidable raw-pointer operations at the ABI boundary and add a concise `// SAFETY:` justification to every new or modified unsafe block.
- Do not create a new raw-pointer helper simply to relocate unsafe code; new implementation helpers must use genuinely safe parameter types.

Behavioral constraints:
- Preserve null-pointer sentinel and initialization behavior exactly, including the order in which special cases are evaluated.
- Preserve whether null is accepted with zero length and whether a non-null zero-length pointer is accepted.
- Never call `slice::from_raw_parts` or `slice::from_raw_parts_mut` with null, including for zero length.
- Before constructing a slice, reject lengths exceeding `isize::MAX` unless a stronger invariant is proven.
- For an oversized length, use the API’s established invalid-argument result. Do not map it to an unrelated null-buffer sentinel merely because both avoid slice construction.
- Preserve wrapping, truncation, modulo timing, checksum chunking, integer promotion, state transitions, output accounting, and error values. Reordering reductions or replacing wrapping arithmetic can change translated C behavior.
- Ensure safe cores cannot panic for inputs admitted by their safe signatures.
- Do not “fix” apparent translated-C bugs or undefined behavior as part of a safety refactor unless compatibility tests and the plan explicitly authorize it.

Validation:
- Add focused tests when they cheaply protect changed behavior, especially scalar edge cases, standard checksum vectors, incremental/combined calculations, table contents, null handling, zero lengths, and chunk boundaries.
- Run the relevant formatting, build, and functionality tests.
- Run:
  `cargo check-unsafe2 --manifest-path {cargo_dir_path}/Cargo.toml`
- Compare its before/after unsafe-entity count and inspect all newly reported unsafe or unsafe-adjacent constructs. Integer-to-pointer casts, raw-pointer parameters or fields, new unsafe blocks, and new mutable statics are regressions unless required at an existing ABI boundary.
- Where practical, inspect produced symbols to confirm that wrappers and data exports remain unique and correctly named.
- Review the final diff for accidental whole-file formatting, symbol duplication, ABI drift, changed null semantics, table identity changes, and unrelated edits.
- If a command cannot run, report the exact command and reason; do not claim it passed.

Before finishing, update `SAFETY_PLAN.md` as a short working scratchpad with:
- the coherent category changed this iteration;
- the before/after unsafe count and reduction;
- completed items;
- validation commands and results;
- ABI or behavior pitfalls discovered;
- remaining work and the best next general candidate category.

Final response only:
- concise change summary;
- unsafe-entity reduction;
- validation results;
- remaining caveats or blocked checks.
Do not include full files or large code excerpts.",[0.01635372501514234]
"Continue the iterative Rust safety refactor documented in `SAFETY_PLAN.md`.

For this iteration, make one coherent, low-risk change set focused on two broadly applicable categories:

1. Remove unnecessary `unsafe` from pointer-free arithmetic, bit manipulation, size/bounds calculations, constant-returning helpers, and scalar-only C ABI entry points.
2. Convert genuinely read-only scalar or aggregate lookup data from `static mut` to immutable `static`, updating every internal declaration and use consistently where the symbol is externally visible.

This project is a generated-looking C-to-Rust translation of zlib with a public C ABI. The historical checker baseline was 6,604 unsafe entities. The previous reported iteration reached 6,496 and passed functionality tests, but do not assume that count still matches the working tree: treat the current tree and `SAFETY_PLAN.md` as authoritative and measure the count before and after editing.

Before editing:

- Read `SAFETY_PLAN.md`.
- Inspect `git status`, the current diff, crate/workspace layout, exports, internal `extern ""C""` declarations, call sites, function-pointer types, data-symbol declarations, and relevant tests.
- Run a practical baseline:
  - the repository’s formatting check;
  - relevant build and functionality tests;
  - `cargo check-unsafe2 --manifest-path {cargo_dir_path}/Cargo.toml`.
- Record the initial unsafe count and all pre-existing failures. Do not attribute existing failures or unrelated working-tree changes to this iteration.

Target selection:

- Prefer a batch of closely related, inexpensive changes over a complex pointer rewrite.
- First identify functions whose parameters and implementation are entirely scalar and pointer-free. Ordinary arithmetic helpers should generally be safe Rust functions.
- `extern ""C""` does not itself require `unsafe fn`. A C ABI function that accepts only scalar values and performs only safe operations should normally be a safe `extern ""C"" fn`.
- If the logical Rust implementation name and exported C symbol must be separated, use a distinct Rust wrapper name with `#[export_name = ""...""]`. Never emit the same exported symbol twice.
- Do not leave an ABI wrapper unsafe merely because older generated code made every wrapper unsafe. Conversely, do not make a raw-pointer API safe merely because its body currently delegates elsewhere.
- Preserve function-pointer types exactly. If an entry is stored in an `Option<unsafe extern ""C"" fn(...)>`, do not change that ABI type as part of this inexpensive pass.
- Good immutable-data candidates are fixed numeric arrays and fixed arrays of plain value structs that are only indexed or addressed and never written after initialization.
- Prefer immutable `static` rather than `const` when callers take the address or require one stable object identity.
- For an exported data symbol, preserve the symbol name, linkage, element type, length, alignment, and layout. Search all internal `extern` declarations and make their mutability consistent.
- Do not convert externally writable compatibility symbols without evidence that immutability is ABI-compatible and intended.
- Do not add `unsafe impl Sync` to force pointer-containing statics to compile. Leave raw-pointer-containing descriptor tables and other non-`Sync` values for a later design.
- Do not spend this iteration on stream state, allocators, callbacks, file handles, compression/decompression state machines, or pointer-heavy codec loops.

Behavior and compatibility requirements:

- Preserve all integer widths, casts, wrapping operations, truncation, shifts, modulo timing, sentinel values, error values, and branch order.
- Do not simplify suspicious translated expressions merely because they appear tautological or buggy. This is a safety refactor, not a behavioral cleanup.
- Preserve every public C symbol, signature, calling convention, linkage, and `repr(C)` layout.
- Internal `extern ""C""` declarations may resolve directly to Rust-exported wrappers; search callers before renaming or changing Rust-visible signatures.
- Do not create a raw-pointer helper solely to move unsafe code elsewhere.
- Any new or modified unsafe block must remain at a genuine boundary and have a concise `// SAFETY:` explanation.
- Safe functions must not panic for any values admitted by their signatures.

Validation:

- Add focused tests only where they cheaply protect the changed scalar behavior or immutable table contents. Useful coverage includes zero, maximum-width integer values, overflow/wrapping boundaries, negative signed lengths where applicable, representative table indices, and stable-address behavior when relevant.
- Run the formatting check, relevant build/tests, and the full available functionality suite.
- Run `cargo check-unsafe2 --manifest-path {cargo_dir_path}/Cargo.toml` again and report the exact before/after counts and reduction.
- Inspect newly reported unsafe or unsafe-adjacent constructs. New raw-pointer fields or parameters, integer-to-pointer casts, mutable statics, unsafe functions, or unsafe blocks are regressions unless required at an existing ABI boundary.
- Where practical, inspect produced symbols to verify that changed wrappers and exported tables remain unique and correctly named.
- Review the final diff for accidental whole-file formatting, generated-table churn, duplicate exports, ABI drift, mutability mismatches, changed arithmetic, and unrelated edits.

Before finishing, update `SAFETY_PLAN.md` as a short working scratchpad with:

- the category changed in this iteration;
- initial and final unsafe counts and the reduction;
- completed items;
- validation commands and results;
- any ABI, linkage, stable-address, mutability, or arithmetic pitfalls discovered;
- remaining work and the best next general candidate category.

Do not print or rewrite entire generated files or large lookup tables in the response. Keep edits narrowly scoped and avoid outputting unchanged code.

Final response only:

- concise change summary;
- unsafe-entity count before and after, with reduction;
- validation results;
- remaining caveats or blocked checks, including exact failed commands and reasons.",[0.0]
"Continue the iterative Rust safety refactor documented in `SAFETY_PLAN.md`.

{target_goal}

{after_refactoring_instruction}

This project is a C-to-Rust translation of zlib with a public C ABI and many generated-looking modules. The historical baseline was 6,604 unsafe entities; a prior checksum refactor reduced that to 6,524 while functionality tests still passed. Treat the current tree and `SAFETY_PLAN.md` as authoritative, but measure the checker count before and after this iteration and aim for a meaningful reduction.

Make one coherent, high-confidence change set. Prefer a batch of closely related, inexpensive reductions over one elaborate pointer-heavy rewrite. Do not rewrite or print entire generated files.

Before editing:
1. Read `SAFETY_PLAN.md`.
2. Inspect `git status`, the current diff, crate layout, exports, internal `extern ""C""` declarations, call sites, and relevant tests.
3. Run a practical baseline:
   - formatting check;
   - relevant build/tests;
   - `cargo check-unsafe2 --manifest-path {cargo_dir_path}/Cargo.toml`.
4. Record pre-existing failures and the initial unsafe-entity count so they are not attributed to this change.

Target selection, in priority order:
1. Remove `unsafe` from pointer-free arithmetic, bit manipulation, bounds calculations, state-independent helpers, and scalar-only C ABI entry points.
   - `extern ""C""` does not itself require an `unsafe fn`.
   - A wrapper taking only integers and calling safe code should normally be a safe `extern ""C"" fn`.
2. Convert genuinely read-only `static mut` lookup data to `const` or immutable `static`.
   - Prefer immutable `static` when callers require one stable address.
   - Prefer `const` only when object identity/address is irrelevant.
   - Do not change an externally writable data symbol or silently alter its linkage.
   - Check all `extern` declarations of exported tables and update mutability consistently without changing the symbol name or layout.
   - Do not add an `unsafe impl Sync` merely to force a pointer-containing static to compile. Leave such a value for a later design if safe immutability is not straightforward.
3. Move pointer-free implementation logic into ordinary safe Rust functions.
4. If a bounded buffer algorithm is selected, implement a safe core using slices, indexing, iterators, or chunks, with only a thin raw-pointer ABI wrapper.

Avoid complex stream-state, allocator, callback, and codec pointer rewrites unless `SAFETY_PLAN.md` identifies one as an already prepared next step. Those areas contain interdependent C layouts, function pointers, raw allocation state, and internal declarations that often resolve directly to exported symbols.

ABI and API constraints:
- Preserve every exported symbol name, C signature, calling convention, linkage, integer width, `repr(C)` layout, and function-pointer type.
- Internal `extern ""C""` declarations may bind directly to an exported Rust wrapper. Search callers before renaming or changing a Rust-visible signature.
- Never define the same exported symbol twice. When a safe Rust implementation uses the logical API name, give the ABI wrapper a distinct Rust identifier and use `#[export_name = ""...""]`.
- Do not assume `pub` means a safe Rust API is appropriate. A public function accepting raw pointers must remain unsafe unless its body cannot rely on pointer validity, aliasing, initialization, or lifetime invariants.
- Keep unavoidable raw-pointer operations at the ABI boundary and add a concise `// SAFETY:` justification to every new or modified unsafe block.
- Do not create a new raw-pointer helper simply to relocate unsafe code; new implementation helpers must use genuinely safe parameter types.

Behavioral constraints:
- Preserve null-pointer sentinel and initialization behavior exactly, including the order in which special cases are evaluated.
- Preserve whether null is accepted with zero length and whether a non-null zero-length pointer is accepted.
- Never call `slice::from_raw_parts` or `slice::from_raw_parts_mut` with null, including for zero length.
- Before constructing a slice, reject lengths exceeding `isize::MAX` unless a stronger invariant is proven.
- For an oversized length, use the API’s established invalid-argument result. Do not map it to an unrelated null-buffer sentinel merely because both avoid slice construction.
- Preserve wrapping, truncation, modulo timing, checksum chunking, integer promotion, state transitions, output accounting, and error values. Reordering reductions or replacing wrapping arithmetic can change translated C behavior.
- Ensure safe cores cannot panic for inputs admitted by their safe signatures.
- Do not “fix” apparent translated-C bugs or undefined behavior as part of a safety refactor unless compatibility tests and the plan explicitly authorize it.

Validation:
- Add focused tests when they cheaply protect changed behavior, especially scalar edge cases, standard checksum vectors, incremental/combined calculations, table contents, null handling, zero lengths, and chunk boundaries.
- Run the relevant formatting, build, and functionality tests.
- Run:
  `cargo check-unsafe2 --manifest-path {cargo_dir_path}/Cargo.toml`
- Compare its before/after unsafe-entity count and inspect all newly reported unsafe or unsafe-adjacent constructs. Integer-to-pointer casts, raw-pointer parameters or fields, new unsafe blocks, and new mutable statics are regressions unless required at an existing ABI boundary.
- Where practical, inspect produced symbols to confirm that wrappers and data exports remain unique and correctly named.
- Review the final diff for accidental whole-file formatting, symbol duplication, ABI drift, changed null semantics, table identity changes, and unrelated edits.
- If a command cannot run, report the exact command and reason; do not claim it passed.

Before finishing, update `SAFETY_PLAN.md` as a short working scratchpad with:
- the coherent category changed this iteration;
- the before/after unsafe count and reduction;
- completed items;
- validation commands and results;
- ABI or behavior pitfalls discovered;
- remaining work and the best next general candidate category.

Final response only:
- concise change summary;
- unsafe-entity reduction;
- validation results;
- remaining caveats or blocked checks.
Do not include full files or large code excerpts.",[0.028921865536038763]
"Continue the iterative Rust safety refactor documented in `SAFETY_PLAN.md`.

Make one narrow, high-confidence pass over mechanically removable unsafety. Prioritize pointer-free scalar helpers and scalar-only C ABI entry points, then genuinely read-only integer/union lookup tables that can straightforwardly become immutable. Do not attempt stream-state, allocator, callback, compression/decompression loop, or other pointer-heavy rewrites in this iteration.

Historical context:
- The original translated baseline contained 6,604 unsafe entities.
- Earlier checksum work reduced a known tree to 6,524 while functionality tests passed.
- A later broad read-only-static pass was reported at 6,413 relative to the historical baseline, also with functionality tests passing.
- These numbers are context only. The current checkout and `SAFETY_PLAN.md` are authoritative, so measure the actual count before editing and compare against that exact baseline.

Before editing:
1. Read `SAFETY_PLAN.md`.
2. Inspect `git status` and the current diff so existing work is not overwritten or attributed to this pass.
3. Inspect the crate layout, exports, internal `extern ""C""` declarations, function-pointer types, call sites, and relevant tests.
4. Run and record a practical baseline:
   - `cargo fmt --check --manifest-path {cargo_dir_path}/Cargo.toml`
   - relevant `cargo build`, `cargo check`, and tests supported by the repository
   - `cargo check-unsafe2 --manifest-path {cargo_dir_path}/Cargo.toml`
5. Record all pre-existing failures and the initial unsafe-entity count.

Target category: low-cost, mechanically provable unsafety removal.

A. Scalar and pointer-free functions
- Find functions whose parameters, locals, operations, callees, and return values require no pointer validity, aliasing, initialization, lifetime, mutable-global, foreign-call, or callback invariant.
- Remove `unsafe` from ordinary helpers performing arithmetic, bit manipulation, byte swapping, modulo operations, bounds calculations, flag construction, and similar scalar work.
- Process call chains bottom-up so safe scalar helpers allow their scalar callers and ABI wrappers to become safe too.
- A function does not need to be unsafe merely because it is `extern ""C""`.
- Preserve all wrapping operations, casts, integer widths, signedness, truncation, shift behavior, modulo timing, sentinel values, and translated-C edge behavior. Do not replace wrapping arithmetic with ordinary arithmetic unless overflow is impossible for every admitted input.
- Keep callback function-pointer types unsafe and unchanged where callers rely on raw-pointer or foreign invariants. Rust function safety is not part of the machine-level C ABI, but changing Rust-visible function-pointer types can still break the translated API and call sites.
- Do not mark a public raw-pointer function safe merely because its current body only forwards arguments. If correctness relies on the pointer being valid, aligned, initialized, in bounds, non-aliased, or live, the function remains unsafe.
- Returning a raw pointer does not by itself require an unsafe function if the implementation only obtains a stable pointer to immutable storage and imposes no caller-side precondition. Verify address stability and symbol behavior before making such a change.
- Calls through an `extern` declaration remain unsafe from Rust’s perspective even if the linked implementation happens to be a safe Rust `extern ""C""` function. Do not add unsafe blocks solely to manufacture a reduction.

B. Read-only lookup data
- Convert only data proven never to be mutated to immutable `static` or, when identity is irrelevant, `const`.
- Prefer immutable `static` for lookup tables whose address is returned, stored, compared, or exposed through the C ABI.
- Integer arrays and integer-only unions are generally straightforward immutable-static candidates.
- Do not broadly replace `static mut` by search-and-replace.
- Do not change exported copyright strings, error-message arrays, tables, or other data symbols if external C code may legally write them or if their historical declaration is writable. An exported symbol that merely appears read-only internally is not sufficient proof.
- Search all declarations and uses of each exported table. Keep symbol name, linkage, element type, length, alignment, and layout unchanged, and update internal declaration mutability consistently where appropriate.
- Do not convert a pointer-containing static to immutable storage if its type is not naturally `Sync`. Do not add `unsafe impl Sync` or a wrapper whose only purpose is to force compilation.
- Avoid changing pointer-containing descriptor statics in this pass; those require a separate ownership and synchronization design.
- Preserve stable object identity for tables exposed by address. Do not use `const` where doing so could produce distinct promoted objects.

ABI and compatibility requirements:
- Preserve every exported symbol name, calling convention, parameter and return width, linkage, and `repr(C)` layout.
- Never create two definitions of one exported symbol.
- Before renaming a Rust item or adding `#[export_name]`, search internal `extern ""C""` declarations and all call sites. Prefer leaving existing symbol structure unchanged when simply removing `unsafe`.
- If a distinct safe implementation and ABI wrapper are genuinely needed, give them distinct Rust identifiers and export exactly one under the historical C symbol.
- Do not alter raw-pointer fields, callback types, allocator signatures, or stream-state layouts.
- Do not fix translated-C oddities as part of this safety-only pass.

Unsafe-code discipline:
- Do not introduce new integer-to-pointer casts, raw-pointer helpers, mutable statics, unsafe functions, or unsafe blocks merely to move existing unsafety.
- Any newly added or modified unsafe block must be confined to an existing ABI boundary and have a concise `// SAFETY:` explanation identifying the exact invariant.
- New implementation helpers must accept safe scalar or reference/slice types, not raw pointers.
- Safe functions must not panic for any values admitted by their signatures.

Testing:
- Add focused tests only where inexpensive and useful.
- For scalar helpers, cover zero, one, maximum-width values, negative signed inputs where applicable, overflow boundaries, and known checksum-combination or bounds results.
- For immutable tables, verify representative first, middle, and last entries and any externally returned address stability that matters.
- Avoid large generated fixtures or tests that duplicate complete lookup tables.

Validation after editing:
1. Run formatting checks.
2. Run relevant builds and functionality tests.
3. Run:
   `cargo check-unsafe2 --manifest-path {cargo_dir_path}/Cargo.toml`
4. Report the exact before and after counts and reduction relative to this checkout.
5. Inspect the checker output for regressions, especially new raw-pointer entities, unsafe blocks, integer-to-pointer casts, mutable statics, or unsafe function-pointer changes.
6. Where practical, inspect produced symbols with the repository’s available symbol tool to confirm uniqueness and unchanged exported names.
7. Review `git diff --stat` and the final diff for accidental whole-file formatting, generated-file churn, ABI drift, changed table identity, writable-symbol changes, or unrelated edits.
8. If a command cannot run, report the exact command and reason. Never claim an unrun or failing command passed.

Update `SAFETY_PLAN.md` as a short working scratchpad with:
- the low-cost scalar/read-only-data category completed this iteration;
- exact before/after unsafe counts and reduction;
- items completed;
- validation commands and results;
- pre-existing failures;
- ABI or behavior pitfalls discovered;
- remaining work and the next best general candidate category.

Keep the change set and response efficient:
- Do not print or rewrite entire generated-looking files.
- Make surgical edits only.
- Do not include full source files or large code excerpts in the response.
- Spend effort on inspection, correctness, and validation rather than broad formatting or commentary.

Final response only:
- concise change summary;
- exact unsafe-entity reduction;
- validation results;
- remaining caveats or blocked checks.",[0.0]
"Continue the iterative Rust safety refactor documented in `SAFETY_PLAN.md`.

{target_goal}

{after_refactoring_instruction}

This project is a C-to-Rust translation of zlib with a public C ABI and many generated-looking modules. The historical baseline was 6,604 unsafe entities; a prior checksum refactor reduced that to 6,524 while functionality tests still passed. Treat the current tree and `SAFETY_PLAN.md` as authoritative, but measure the checker count before and after this iteration and aim for a meaningful reduction.

Make one coherent, high-confidence change set. Prefer a batch of closely related, inexpensive reductions over one elaborate pointer-heavy rewrite. Do not rewrite or print entire generated files.

Before editing:
1. Read `SAFETY_PLAN.md`.
2. Inspect `git status`, the current diff, crate layout, exports, internal `extern ""C""` declarations, call sites, and relevant tests.
3. Run a practical baseline:
   - formatting check;
   - relevant build/tests;
   - `cargo check-unsafe2 --manifest-path {cargo_dir_path}/Cargo.toml`.
4. Record pre-existing failures and the initial unsafe-entity count so they are not attributed to this change.

Target selection, in priority order:
1. Remove `unsafe` from pointer-free arithmetic, bit manipulation, bounds calculations, state-independent helpers, and scalar-only C ABI entry points.
   - `extern ""C""` does not itself require an `unsafe fn`.
   - A wrapper taking only integers and calling safe code should normally be a safe `extern ""C"" fn`.
2. Convert genuinely read-only `static mut` lookup data to `const` or immutable `static`.
   - Prefer immutable `static` when callers require one stable address.
   - Prefer `const` only when object identity/address is irrelevant.
   - Do not change an externally writable data symbol or silently alter its linkage.
   - Check all `extern` declarations of exported tables and update mutability consistently without changing the symbol name or layout.
   - Do not add an `unsafe impl Sync` merely to force a pointer-containing static to compile. Leave such a value for a later design if safe immutability is not straightforward.
3. Move pointer-free implementation logic into ordinary safe Rust functions.
4. If a bounded buffer algorithm is selected, implement a safe core using slices, indexing, iterators, or chunks, with only a thin raw-pointer ABI wrapper.

Avoid complex stream-state, allocator, callback, and codec pointer rewrites unless `SAFETY_PLAN.md` identifies one as an already prepared next step. Those areas contain interdependent C layouts, function pointers, raw allocation state, and internal declarations that often resolve directly to exported symbols.

ABI and API constraints:
- Preserve every exported symbol name, C signature, calling convention, linkage, integer width, `repr(C)` layout, and function-pointer type.
- Internal `extern ""C""` declarations may bind directly to an exported Rust wrapper. Search callers before renaming or changing a Rust-visible signature.
- Never define the same exported symbol twice. When a safe Rust implementation uses the logical API name, give the ABI wrapper a distinct Rust identifier and use `#[export_name = ""...""]`.
- Do not assume `pub` means a safe Rust API is appropriate. A public function accepting raw pointers must remain unsafe unless its body cannot rely on pointer validity, aliasing, initialization, or lifetime invariants.
- Keep unavoidable raw-pointer operations at the ABI boundary and add a concise `// SAFETY:` justification to every new or modified unsafe block.
- Do not create a new raw-pointer helper simply to relocate unsafe code; new implementation helpers must use genuinely safe parameter types.

Behavioral constraints:
- Preserve null-pointer sentinel and initialization behavior exactly, including the order in which special cases are evaluated.
- Preserve whether null is accepted with zero length and whether a non-null zero-length pointer is accepted.
- Never call `slice::from_raw_parts` or `slice::from_raw_parts_mut` with null, including for zero length.
- Before constructing a slice, reject lengths exceeding `isize::MAX` unless a stronger invariant is proven.
- For an oversized length, use the API’s established invalid-argument result. Do not map it to an unrelated null-buffer sentinel merely because both avoid slice construction.
- Preserve wrapping, truncation, modulo timing, checksum chunking, integer promotion, state transitions, output accounting, and error values. Reordering reductions or replacing wrapping arithmetic can change translated C behavior.
- Ensure safe cores cannot panic for inputs admitted by their safe signatures.
- Do not “fix” apparent translated-C bugs or undefined behavior as part of a safety refactor unless compatibility tests and the plan explicitly authorize it.

Validation:
- Add focused tests when they cheaply protect changed behavior, especially scalar edge cases, standard checksum vectors, incremental/combined calculations, table contents, null handling, zero lengths, and chunk boundaries.
- Run the relevant formatting, build, and functionality tests.
- Run:
  `cargo check-unsafe2 --manifest-path {cargo_dir_path}/Cargo.toml`
- Compare its before/after unsafe-entity count and inspect all newly reported unsafe or unsafe-adjacent constructs. Integer-to-pointer casts, raw-pointer parameters or fields, new unsafe blocks, and new mutable statics are regressions unless required at an existing ABI boundary.
- Where practical, inspect produced symbols to confirm that wrappers and data exports remain unique and correctly named.
- Review the final diff for accidental whole-file formatting, symbol duplication, ABI drift, changed null semantics, table identity changes, and unrelated edits.
- If a command cannot run, report the exact command and reason; do not claim it passed.

Before finishing, update `SAFETY_PLAN.md` as a short working scratchpad with:
- the coherent category changed this iteration;
- the before/after unsafe count and reduction;
- completed items;
- validation commands and results;
- ABI or behavior pitfalls discovered;
- remaining work and the best next general candidate category.

Final response only:
- concise change summary;
- unsafe-entity reduction;
- validation results;
- remaining caveats or blocked checks.
Do not include full files or large code excerpts.",[0.01635372501514234]
"Continue the iterative Rust safety refactor documented in `SAFETY_PLAN.md`.

For this iteration, make one narrow, high-confidence batch focused on pointer-free functions and scalar-only C ABI entry points. Search the current tree for functions whose parameters and return values are only integers or other plain scalar values and whose bodies perform only arithmetic, bit manipulation, size calculations, constant lookup, or calls to safe functions. Remove unnecessary `unsafe` from both their safe Rust implementations and their exported ABI wrappers.

Important lessons from the previous iteration:
- `extern ""C""` does not itself make a function unsafe.
- A scalar-only exported wrapper that calls only safe code should normally be a safe `pub extern ""C"" fn`, including wrappers using `#[export_name = ""...""]`.
- Do not stop after making an internal arithmetic core safe while leaving its scalar-only forwarding ABI wrapper unnecessarily unsafe.
- Pointer-free size-bound, compile-flag, integer-limit, checksum-combination, byte-order, polynomial, and similar helpers are the general candidate category. Discover candidates from the current tree rather than following a hard-coded function list.
- Previous checker reports have not always matched the historical narrative. The original historical count was 6,604, one reported intermediate result was 6,496, and other plan entries may record different later counts. Treat the current checkout and a fresh checker run as authoritative.
- Large lookup-table rewrites can create enormous diffs and output. Do not rewrite, rename, reformat, or print entire generated-looking tables in this iteration.
- Some pointer-containing immutable data cannot become a normal Rust `static` because raw pointers are not `Sync`. Do not add `unsafe impl Sync` or redesign such data merely to lower the count.
- Do not “correct” suspicious translated-C expressions such as apparently tautological comparisons, odd casts, wrapping calculations, or redundant branches. They may encode compatibility behavior and are outside this safety-only change.

Before editing:
1. Read `SAFETY_PLAN.md`.
2. Inspect `git status`, the existing diff, crate/workspace layout, manifests, exports, internal `extern ""C""` declarations, call sites, function-pointer types, and relevant tests.
3. Determine the actual manifest path rather than guessing it.
4. Run a practical baseline:
   - the repository’s formatting check;
   - relevant build and functionality tests;
   - `cargo check-unsafe2 --manifest-path <actual Cargo.toml path>`.
5. Record all pre-existing failures and the initial unsafe-entity count.

Selection rules:
1. Prefer a batch of closely related scalar-only functions over one complex rewrite.
2. Convert pointer-free implementation logic to ordinary safe Rust functions where doing so does not disturb linkage.
3. Make scalar-only exported C ABI wrappers safe when they merely forward to safe code.
4. Keep the wrapper’s C calling convention, exact parameter and return widths, symbol name, and linkage unchanged.
5. If a logical Rust implementation and exported wrapper need the same external symbol, keep distinct Rust identifiers and use `#[export_name = ""...""]`; never define a symbol twice.
6. Check whether internal foreign declarations bind directly to an exported wrapper before renaming or changing Rust-visible organization.
7. Preserve all existing function-pointer types. Do not change an `unsafe extern ""C"" fn` callback type as part of this batch.
8. Do not make a public raw-pointer function safe merely because its current body delegates elsewhere. It must remain unsafe whenever callers must uphold pointer validity, alignment, initialization, aliasing, lifetime, allocation, or callback invariants.
9. Do not move unsafe code into a new raw-pointer helper just to change the enclosing function’s declaration.
10. Avoid stream state, allocators, callbacks, codecs, filesystem/gzip state, and pointer-heavy compression or decompression loops in this iteration.

Behavior and ABI constraints:
- Preserve every exported C symbol, calling convention, parameter order, integer width, return type, linkage, `repr(C)` layout, and callback signature.
- Preserve wrapping, truncation, shifts, modulo timing, signed-to-unsigned casts, overflow sentinels, branch order, and error values exactly.
- Do not replace wrapping arithmetic with ordinary arithmetic unless overflow is impossible for every admitted input and that fact is obvious.
- Ensure newly safe functions cannot panic for any value admitted by their safe signatures. Pay particular attention to shifts, indexing, division, subtraction, and platform-dependent integer widths.
- Do not alter null-pointer behavior or pointer-validation order in nearby functions.
- Do not make unrelated style cleanups or apply whole-file formatting to generated-looking modules.

Validation:
1. Add focused tests only where inexpensive and useful, especially for:
   - zero, one, negative signed inputs where applicable;
   - maximum and near-maximum integer values;
   - overflow/saturation sentinels;
   - scalar combination and identity cases;
   - platform-width-dependent results.
2. Run formatting checks, relevant builds, and functionality tests.
3. Run `cargo check-unsafe2 --manifest-path <actual Cargo.toml path>` again.
4. Report the exact before/after counts and reduction.
5. Inspect the checker output for regressions such as new raw-pointer parameters or fields, pointer casts, unsafe blocks, mutable statics, or unsafe wrappers.
6. Where practical, inspect produced symbols to confirm each affected ABI symbol remains present exactly once.
7. Review the final diff for ABI drift, accidental table rewrites, broad formatting changes, symbol duplication, changed arithmetic, and unrelated edits.

Before finishing, update `SAFETY_PLAN.md` as a short working scratchpad containing:
- the category changed this iteration;
- authoritative before/after unsafe counts and reduction;
- completed work;
- validation commands and results;
- pre-existing failures;
- ABI or behavioral pitfalls discovered;
- remaining work and the next best general candidate category.

Work directly on the repository. Do not output complete source files, generated tables, or large code excerpts. Keep the final response concise and include only:
- change summary;
- unsafe-entity reduction;
- validation results;
- remaining caveats or blocked checks, including exact failed commands and reasons.",[0.0]
"Continue the iterative Rust safety refactor documented in `SAFETY_PLAN.md`.

{target_goal}

{after_refactoring_instruction}

This project is a C-to-Rust translation of zlib with a public C ABI and many generated-looking modules. The historical baseline was 6,604 unsafe entities; a prior checksum refactor reduced that to 6,524 while functionality tests still passed. Treat the current tree and `SAFETY_PLAN.md` as authoritative, but measure the checker count before and after this iteration and aim for a meaningful reduction.

Make one coherent, high-confidence change set. Prefer a batch of closely related, inexpensive reductions over one elaborate pointer-heavy rewrite. Do not rewrite or print entire generated files.

Before editing:
1. Read `SAFETY_PLAN.md`.
2. Inspect `git status`, the current diff, crate layout, exports, internal `extern ""C""` declarations, call sites, and relevant tests.
3. Run a practical baseline:
   - formatting check;
   - relevant build/tests;
   - `cargo check-unsafe2 --manifest-path {cargo_dir_path}/Cargo.toml`.
4. Record pre-existing failures and the initial unsafe-entity count so they are not attributed to this change.

Target selection, in priority order:
1. Remove `unsafe` from pointer-free arithmetic, bit manipulation, bounds calculations, state-independent helpers, and scalar-only C ABI entry points.
   - `extern ""C""` does not itself require an `unsafe fn`.
   - A wrapper taking only integers and calling safe code should normally be a safe `extern ""C"" fn`.
2. Convert genuinely read-only `static mut` lookup data to `const` or immutable `static`.
   - Prefer immutable `static` when callers require one stable address.
   - Prefer `const` only when object identity/address is irrelevant.
   - Do not change an externally writable data symbol or silently alter its linkage.
   - Check all `extern` declarations of exported tables and update mutability consistently without changing the symbol name or layout.
   - Do not add an `unsafe impl Sync` merely to force a pointer-containing static to compile. Leave such a value for a later design if safe immutability is not straightforward.
3. Move pointer-free implementation logic into ordinary safe Rust functions.
4. If a bounded buffer algorithm is selected, implement a safe core using slices, indexing, iterators, or chunks, with only a thin raw-pointer ABI wrapper.

Avoid complex stream-state, allocator, callback, and codec pointer rewrites unless `SAFETY_PLAN.md` identifies one as an already prepared next step. Those areas contain interdependent C layouts, function pointers, raw allocation state, and internal declarations that often resolve directly to exported symbols.

ABI and API constraints:
- Preserve every exported symbol name, C signature, calling convention, linkage, integer width, `repr(C)` layout, and function-pointer type.
- Internal `extern ""C""` declarations may bind directly to an exported Rust wrapper. Search callers before renaming or changing a Rust-visible signature.
- Never define the same exported symbol twice. When a safe Rust implementation uses the logical API name, give the ABI wrapper a distinct Rust identifier and use `#[export_name = ""...""]`.
- Do not assume `pub` means a safe Rust API is appropriate. A public function accepting raw pointers must remain unsafe unless its body cannot rely on pointer validity, aliasing, initialization, or lifetime invariants.
- Keep unavoidable raw-pointer operations at the ABI boundary and add a concise `// SAFETY:` justification to every new or modified unsafe block.
- Do not create a new raw-pointer helper simply to relocate unsafe code; new implementation helpers must use genuinely safe parameter types.

Behavioral constraints:
- Preserve null-pointer sentinel and initialization behavior exactly, including the order in which special cases are evaluated.
- Preserve whether null is accepted with zero length and whether a non-null zero-length pointer is accepted.
- Never call `slice::from_raw_parts` or `slice::from_raw_parts_mut` with null, including for zero length.
- Before constructing a slice, reject lengths exceeding `isize::MAX` unless a stronger invariant is proven.
- For an oversized length, use the API’s established invalid-argument result. Do not map it to an unrelated null-buffer sentinel merely because both avoid slice construction.
- Preserve wrapping, truncation, modulo timing, checksum chunking, integer promotion, state transitions, output accounting, and error values. Reordering reductions or replacing wrapping arithmetic can change translated C behavior.
- Ensure safe cores cannot panic for inputs admitted by their safe signatures.
- Do not “fix” apparent translated-C bugs or undefined behavior as part of a safety refactor unless compatibility tests and the plan explicitly authorize it.

Validation:
- Add focused tests when they cheaply protect changed behavior, especially scalar edge cases, standard checksum vectors, incremental/combined calculations, table contents, null handling, zero lengths, and chunk boundaries.
- Run the relevant formatting, build, and functionality tests.
- Run:
  `cargo check-unsafe2 --manifest-path {cargo_dir_path}/Cargo.toml`
- Compare its before/after unsafe-entity count and inspect all newly reported unsafe or unsafe-adjacent constructs. Integer-to-pointer casts, raw-pointer parameters or fields, new unsafe blocks, and new mutable statics are regressions unless required at an existing ABI boundary.
- Where practical, inspect produced symbols to confirm that wrappers and data exports remain unique and correctly named.
- Review the final diff for accidental whole-file formatting, symbol duplication, ABI drift, changed null semantics, table identity changes, and unrelated edits.
- If a command cannot run, report the exact command and reason; do not claim it passed.

Before finishing, update `SAFETY_PLAN.md` as a short working scratchpad with:
- the coherent category changed this iteration;
- the before/after unsafe count and reduction;
- completed items;
- validation commands and results;
- ABI or behavior pitfalls discovered;
- remaining work and the best next general candidate category.

Final response only:
- concise change summary;
- unsafe-entity reduction;
- validation results;
- remaining caveats or blocked checks.
Do not include full files or large code excerpts.",[0.016505148394912173]
"Continue the iterative Rust safety refactor documented in `SAFETY_PLAN.md`.

This is a generated-looking C-to-Rust translation of zlib. It exposes a public C ABI, duplicates many C layouts and declarations across modules, and contains tightly coupled codec, allocator, stream-state, callback, and raw-buffer code. The historical checker baseline was 6,604 unsafe entities. A prior checksum-oriented iteration preserved functionality while substantially reducing that count; reported intermediate counts have differed between runs, so do not rely on a remembered number. Treat the current checkout and `SAFETY_PLAN.md` as authoritative and measure the exact count before and after this iteration.

Goal: make one coherent, high-confidence, inexpensive reduction in unsafe entities without changing behavior or ABI. Prefer a batch of related scalar helpers, pointer-free ABI functions, and genuinely read-only lookup data over a complex pointer-heavy rewrite. Do not rewrite or print entire generated files.

Before editing:
1. Read `SAFETY_PLAN.md`.
2. Inspect:
   - `git status` and the existing diff;
   - workspace/crate layout and the relevant manifest;
   - exports (`#[no_mangle]`, `#[export_name]`, and public data symbols);
   - internal `extern ""C""` declarations and all call sites;
   - function-pointer types, especially callbacks that are intentionally `unsafe extern ""C"" fn`;
   - tests and any existing symbol/ABI checks.
3. Run and record a practical baseline:
   - formatting check;
   - relevant build and functionality tests;
   - `cargo check-unsafe2 --manifest-path {cargo_dir_path}/Cargo.toml`.
4. Record all pre-existing failures verbatim and the initial unsafe-entity count. Do not attribute baseline failures to this change.

Target selection, in priority order:

1. Pointer-free functions and scalar-only C ABI entry points
   - Remove `unsafe` from arithmetic, bit manipulation, bounds formulas, compile-flag calculations, checksum-combination algebra, state-independent helpers, and wrappers taking only integer/scalar values.
   - `extern ""C""` does not itself require an unsafe function.
   - A scalar-only exported wrapper that merely calls safe code should normally be a safe `pub extern ""C"" fn`.
   - Prefer an ordinary safe Rust implementation function plus a thin ABI wrapper.
   - If the logical Rust API name and exported C symbol would conflict, use a distinct Rust wrapper identifier with `#[export_name = ""...""]`.
   - Do not leave a scalar-only wrapper unsafe merely because it is an ABI wrapper.
   - Preserve exact integer widths, signedness, casts, wrapping operations, truncation, shift behavior, modulo timing, sentinel values, and odd translated-C expressions. In particular, do not “correct” suspicious expressions such as self-comparisons or translated overflow checks during a safety-only change.

2. Genuinely immutable lookup data
   - Convert private read-only `static mut` arrays or tables to immutable `static` where callers need one stable address.
   - Use `const` only when object identity and address stability are irrelevant.
   - Confirm there are no writes, mutable references, linker consumers expecting writable storage, or conflicting `extern` declarations.
   - For exported data symbols, preserve symbol name, visibility, linkage, element type, array length, alignment, and layout. Update all declarations consistently only if immutability is ABI-compatible and external writability is not part of the contract.
   - Be especially cautious with generated compression/decompression tables whose addresses are stored in descriptors or returned through the C API.
   - Do not add `unsafe impl Sync` to force an immutable static containing raw pointers to compile. Raw-pointer-containing message or descriptor tables may require a later representation redesign and should be left unchanged if safe immutability is not straightforward.

3. Read-only table access and safe scalar cores
   - Replace accesses to immutable tables through raw pointers with safe indexing or references where this does not change address identity or ABI.
   - A Rust helper may return a shared reference to a private immutable table, while the C ABI wrapper returns the same stable raw pointer.
   - Returning a raw pointer does not automatically require an unsafe function if the function does not dereference caller-provided pointers or rely on caller invariants.
   - Safe cores must accept genuinely safe types and must not panic for values admitted by their signatures.

4. Bounded buffer algorithms, only if already prepared by the plan
   - Introduce a slice-based safe core and keep raw pointer conversion in a thin ABI boundary.
   - Preserve all null sentinels and the exact order of special-case checks.
   - Never construct a slice from null, including for zero length.
   - Reject lengths greater than `isize::MAX` before constructing a slice unless a stronger invariant is proven.
   - Map oversized lengths to the API’s established invalid-argument result, not an unrelated null-buffer sentinel.
   - Preserve whether null is accepted for zero length and whether non-null zero-length pointers are accepted.
   - Add a concise `// SAFETY:` explanation to every new or modified unsafe block.

Avoid:
- stream-state, allocator, callback, gzip I/O, Huffman tree construction, and codec fast-path rewrites unless `SAFETY_PLAN.md` explicitly says the next step is already prepared;
- introducing raw-pointer helpers that merely move unsafe code elsewhere;
- converting raw-pointer APIs to safe Rust functions when their bodies rely on pointer validity, aliasing, initialization, allocation provenance, or lifetime invariants;
- changing intentionally unsafe callback/function-pointer types;
- adding duplicate exported symbols;
- broad mechanical edits across unrelated modules;
- whole-file formatting churn;
- fixing unrelated translated-C bugs.

ABI and linkage requirements:
- Preserve every exported symbol name, C parameter and return type, calling convention, linkage, integer width, and `repr(C)` layout.
- Rust’s `unsafe fn` qualifier is not part of the C ABI, but changing it can affect Rust callers and function-pointer coercions. Search all Rust-visible call sites and function-pointer types before doing so.
- Internal `extern ""C""` declarations may resolve directly to exported Rust wrappers. Do not rename or duplicate the corresponding symbol accidentally.
- Never define the same exported symbol twice.
- Keep public raw-pointer functions unsafe when correctness depends on caller-provided pointer invariants.
- Do not silently change an externally writable data symbol into read-only storage.

Behavioral requirements:
- Preserve wrapping arithmetic and C-width truncation.
- Preserve checksum initialization, null sentinel behavior, incremental and combined calculations, and table identity where exposed.
- Preserve stream state transitions, output accounting, chunking, and error codes.
- Preserve the order of validation and sentinel checks.
- Do not introduce panics across the C ABI.
- Do not unwind through an `extern ""C""` boundary.
- Do not change observable results merely to make code more idiomatic.

Focused validation:
- Add small tests when they cheaply protect the selected category, such as:
  - scalar edge values and overflow boundaries;
  - negative-length sentinels for combination helpers;
  - standard split/combined checksum vectors;
  - lookup-table prefixes, lengths, and stable addresses;
  - null and zero-length behavior for any touched pointer wrapper.
- Run formatting, relevant build/tests, and the full practical functionality suite available in the repository.
- Run:
  `cargo check-unsafe2 --manifest-path {cargo_dir_path}/Cargo.toml`
- Report exact before/after counts and the reduction.
- Inspect newly reported unsafe or unsafe-adjacent constructs. New raw-pointer parameters or fields, integer-to-pointer casts, unsafe blocks, mutable statics, or unsafe functions are regressions unless required at an existing ABI boundary.
- Where practical, inspect the built library with `nm`, `llvm-nm`, `readelf`, or the project’s existing symbol tool to verify touched exports appear exactly once with unchanged names.
- Review the final diff for ABI drift, changed table identity, accidental mutability changes, duplicate symbols, changed null semantics, broad formatting, and unrelated edits.
- If a command cannot run, give the exact command and reason. Never claim a blocked command passed.

Before finishing, update `SAFETY_PLAN.md` as a short working scratchpad containing:
- the coherent category changed in this iteration;
- exact before/after unsafe counts and reduction;
- completed items;
- validation commands and results;
- pre-existing failures;
- ABI or behavior pitfalls discovered;
- remaining work and the best next general candidate category.

Final response only:
- concise change summary;
- exact unsafe-entity reduction;
- validation results;
- remaining caveats or blocked checks.

Do not include full files, large generated tables, or large code excerpts in the final response.",[0.0]
"Continue the iterative Rust safety refactor documented in `SAFETY_PLAN.md`.

{target_goal}

{after_refactoring_instruction}

This project is a C-to-Rust translation of zlib with a public C ABI and many generated-looking modules. The historical baseline was 6,604 unsafe entities; a prior checksum refactor reduced that to 6,524 while functionality tests still passed. Treat the current tree and `SAFETY_PLAN.md` as authoritative, but measure the checker count before and after this iteration and aim for a meaningful reduction.

Make one coherent, high-confidence change set. Prefer a batch of closely related, inexpensive reductions over one elaborate pointer-heavy rewrite. Do not rewrite or print entire generated files.

Before editing:
1. Read `SAFETY_PLAN.md`.
2. Inspect `git status`, the current diff, crate layout, exports, internal `extern ""C""` declarations, call sites, and relevant tests.
3. Run a practical baseline:
   - formatting check;
   - relevant build/tests;
   - `cargo check-unsafe2 --manifest-path {cargo_dir_path}/Cargo.toml`.
4. Record pre-existing failures and the initial unsafe-entity count so they are not attributed to this change.

Target selection, in priority order:
1. Remove `unsafe` from pointer-free arithmetic, bit manipulation, bounds calculations, state-independent helpers, and scalar-only C ABI entry points.
   - `extern ""C""` does not itself require an `unsafe fn`.
   - A wrapper taking only integers and calling safe code should normally be a safe `extern ""C"" fn`.
2. Convert genuinely read-only `static mut` lookup data to `const` or immutable `static`.
   - Prefer immutable `static` when callers require one stable address.
   - Prefer `const` only when object identity/address is irrelevant.
   - Do not change an externally writable data symbol or silently alter its linkage.
   - Check all `extern` declarations of exported tables and update mutability consistently without changing the symbol name or layout.
   - Do not add an `unsafe impl Sync` merely to force a pointer-containing static to compile. Leave such a value for a later design if safe immutability is not straightforward.
3. Move pointer-free implementation logic into ordinary safe Rust functions.
4. If a bounded buffer algorithm is selected, implement a safe core using slices, indexing, iterators, or chunks, with only a thin raw-pointer ABI wrapper.

Avoid complex stream-state, allocator, callback, and codec pointer rewrites unless `SAFETY_PLAN.md` identifies one as an already prepared next step. Those areas contain interdependent C layouts, function pointers, raw allocation state, and internal declarations that often resolve directly to exported symbols.

ABI and API constraints:
- Preserve every exported symbol name, C signature, calling convention, linkage, integer width, `repr(C)` layout, and function-pointer type.
- Internal `extern ""C""` declarations may bind directly to an exported Rust wrapper. Search callers before renaming or changing a Rust-visible signature.
- Never define the same exported symbol twice. When a safe Rust implementation uses the logical API name, give the ABI wrapper a distinct Rust identifier and use `#[export_name = ""...""]`.
- Do not assume `pub` means a safe Rust API is appropriate. A public function accepting raw pointers must remain unsafe unless its body cannot rely on pointer validity, aliasing, initialization, or lifetime invariants.
- Keep unavoidable raw-pointer operations at the ABI boundary and add a concise `// SAFETY:` justification to every new or modified unsafe block.
- Do not create a new raw-pointer helper simply to relocate unsafe code; new implementation helpers must use genuinely safe parameter types.

Behavioral constraints:
- Preserve null-pointer sentinel and initialization behavior exactly, including the order in which special cases are evaluated.
- Preserve whether null is accepted with zero length and whether a non-null zero-length pointer is accepted.
- Never call `slice::from_raw_parts` or `slice::from_raw_parts_mut` with null, including for zero length.
- Before constructing a slice, reject lengths exceeding `isize::MAX` unless a stronger invariant is proven.
- For an oversized length, use the API’s established invalid-argument result. Do not map it to an unrelated null-buffer sentinel merely because both avoid slice construction.
- Preserve wrapping, truncation, modulo timing, checksum chunking, integer promotion, state transitions, output accounting, and error values. Reordering reductions or replacing wrapping arithmetic can change translated C behavior.
- Ensure safe cores cannot panic for inputs admitted by their safe signatures.
- Do not “fix” apparent translated-C bugs or undefined behavior as part of a safety refactor unless compatibility tests and the plan explicitly authorize it.

Validation:
- Add focused tests when they cheaply protect changed behavior, especially scalar edge cases, standard checksum vectors, incremental/combined calculations, table contents, null handling, zero lengths, and chunk boundaries.
- Run the relevant formatting, build, and functionality tests.
- Run:
  `cargo check-unsafe2 --manifest-path {cargo_dir_path}/Cargo.toml`
- Compare its before/after unsafe-entity count and inspect all newly reported unsafe or unsafe-adjacent constructs. Integer-to-pointer casts, raw-pointer parameters or fields, new unsafe blocks, and new mutable statics are regressions unless required at an existing ABI boundary.
- Where practical, inspect produced symbols to confirm that wrappers and data exports remain unique and correctly named.
- Review the final diff for accidental whole-file formatting, symbol duplication, ABI drift, changed null semantics, table identity changes, and unrelated edits.
- If a command cannot run, report the exact command and reason; do not claim it passed.

Before finishing, update `SAFETY_PLAN.md` as a short working scratchpad with:
- the coherent category changed this iteration;
- the before/after unsafe count and reduction;
- completed items;
- validation commands and results;
- ABI or behavior pitfalls discovered;
- remaining work and the best next general candidate category.

Final response only:
- concise change summary;
- unsafe-entity reduction;
- validation results;
- remaining caveats or blocked checks.
Do not include full files or large code excerpts.",[0.01665657177468201]
"Continue the iterative Rust safety refactor documented in `SAFETY_PLAN.md`.

For this iteration, make one coherent, low-risk pass over genuinely read-only lookup data and closely related pointer-free logic:

- Prefer scalar-only lookup arrays, fixed tables, ordering arrays, base/extra-bit tables, and immutable records containing only integers or function pointers.
- Convert read-only `static mut` values to immutable `static` when callers rely on a stable address, or to `const` only when identity and address are irrelevant.
- Include function-local `static mut` lookup arrays when they are fixed and read-only.
- Where naturally adjacent, remove `unsafe` from pointer-free arithmetic or bit-manipulation helpers and scalar-only C ABI entry points.
- Do not undertake stream-state, allocator, callback, codec-buffer, or other pointer-heavy rewrites in this iteration.

This is a C-to-Rust translation of zlib with a public C ABI and many generated-looking modules. Historical measurements include an original count of 6,604 unsafe entities and later checkpoints of 6,524 and 6,494 on different trees. These numbers are context only: treat the current checkout and `SAFETY_PLAN.md` as authoritative, and measure the actual current count before editing.

Before editing:

1. Read `SAFETY_PLAN.md`.
2. Inspect `git status`, the current diff, crate layout, exports, internal `extern ""C""` declarations, table references, address-taking sites, and relevant tests.
3. Determine whether candidate data symbols are private, exported, or declared in another module. Check whether any external declaration treats them as mutable.
4. Run and record a practical baseline:
   - formatting check;
   - relevant build and functionality tests;
   - `cargo check-unsafe2 --manifest-path {cargo_dir_path}/Cargo.toml`.
5. Record all pre-existing failures and the exact initial unsafe-entity count.

Selection and editing rules:

- Batch a closely related family of inexpensive read-only tables rather than changing unrelated values across the project.
- Do not rewrite or print entire generated files. Make narrow textual edits and review the diff for accidental formatting churn.
- An immutable `static` preserves one stable object and address. A `const` can be duplicated at each use, so do not use it where pointer identity or a returned table address matters.
- Preserve exported symbol names, linkage, array lengths, element types, alignment, layout, and contents exactly.
- Do not make an externally writable data symbol immutable. If writability or linkage is uncertain, leave it unchanged and document the blocker.
- Update all internal `extern` declarations consistently when an exported read-only table is safely made immutable. Do not change symbol names or represent an array with an ABI-incompatible type.
- Do not add `unsafe impl Sync` to force an immutable static to compile. Raw-pointer-containing descriptor values that are not naturally `Sync` should remain for a later design.
- Function pointers in an immutable configuration record do not by themselves require mutable storage, but preserve the existing function-pointer type and calling convention.
- Preserve all table values exactly; do not regenerate, reorder, deduplicate, or “correct” translated data.

Function safety and ABI rules:

- `extern ""C""` does not itself require `unsafe fn`. A C ABI function taking only scalar values and performing pointer-free, panic-free work should normally be a safe `extern ""C"" fn`.
- Do not leave a scalar-only ABI wrapper unsafe merely because it is exported. Removing `unsafe` does not alter its C ABI.
- Conversely, a public function accepting raw pointers must remain unsafe whenever correctness relies on pointer validity, alignment, initialization, aliasing, provenance, lifetime, or accessible length.
- Returning a raw pointer to immutable static storage does not automatically require an unsafe function if the function has no caller-side safety preconditions, but preserve the pointer type and stable address.
- Internal `extern ""C""` declarations can bind directly to exported Rust definitions. Search all call sites before changing Rust-visible names or ABIs.
- Never define an exported symbol twice. If a safe Rust helper uses a logical API name, give the ABI wrapper a distinct Rust identifier and use `#[export_name = ""...""]`.
- Preserve every exported C signature, calling convention, integer width, function-pointer type, and `repr(C)` layout.
- Safe cores and scalar wrappers must not panic for any admitted input. Preserve wrapping, truncation, signedness, shifts, modulo timing, and translated-C edge behavior.
- Do not create raw-pointer helpers merely to relocate unsafe code.
- Add a concise `// SAFETY:` explanation to every new or modified unsafe block.

Validation:

- Add focused tests only where cheap and useful: representative table entries, full table equality or a compact checksum when practical, stable-address behavior, scalar edge cases, and exported wrapper behavior.
- Run the formatting check, relevant build/tests, and the project’s functionality tests.
- Run:
  `cargo check-unsafe2 --manifest-path {cargo_dir_path}/Cargo.toml`
- Report the exact before/after counts and reduction. Inspect newly reported unsafe or unsafe-adjacent constructs; new raw-pointer fields or parameters, integer-to-pointer casts, unsafe blocks, mutable statics, or unsafe implementations are regressions unless required at an existing ABI boundary.
- Where practical, inspect produced symbols with the available symbol tool to verify that changed exported data and functions remain uniquely defined under their original names.
- Review the final diff for:
  - accidental whole-file formatting;
  - changed table contents or lengths;
  - changed table identity;
  - exported data becoming incorrectly private or duplicated;
  - linkage or ABI drift;
  - unsafe scalar wrappers that could also be safe;
  - unrelated edits.
- If any command cannot run, report the exact command and reason. Do not claim it passed.

Before finishing, update `SAFETY_PLAN.md` as a short working scratchpad containing:

- the read-only-data category changed;
- exact before/after unsafe counts and reduction;
- completed table/helper categories;
- validation commands and results;
- ABI, linkage, mutability, or table-identity pitfalls found;
- deferred pointer-containing or externally writable values;
- the best next general candidate category.

Final response only:

- concise change summary;
- unsafe-entity reduction;
- validation results;
- remaining caveats or blocked checks.

Do not include full files, large generated tables, or lengthy code excerpts.",[0.0]
"Continue the iterative Rust safety refactor documented in `SAFETY_PLAN.md`.

{target_goal}

{after_refactoring_instruction}

This project is a C-to-Rust translation of zlib with a public C ABI and many generated-looking modules. The historical baseline was 6,604 unsafe entities; a prior checksum refactor reduced that to 6,524 while functionality tests still passed. Treat the current tree and `SAFETY_PLAN.md` as authoritative, but measure the checker count before and after this iteration and aim for a meaningful reduction.

Make one coherent, high-confidence change set. Prefer a batch of closely related, inexpensive reductions over one elaborate pointer-heavy rewrite. Do not rewrite or print entire generated files.

Before editing:
1. Read `SAFETY_PLAN.md`.
2. Inspect `git status`, the current diff, crate layout, exports, internal `extern ""C""` declarations, call sites, and relevant tests.
3. Run a practical baseline:
   - formatting check;
   - relevant build/tests;
   - `cargo check-unsafe2 --manifest-path {cargo_dir_path}/Cargo.toml`.
4. Record pre-existing failures and the initial unsafe-entity count so they are not attributed to this change.

Target selection, in priority order:
1. Remove `unsafe` from pointer-free arithmetic, bit manipulation, bounds calculations, state-independent helpers, and scalar-only C ABI entry points.
   - `extern ""C""` does not itself require an `unsafe fn`.
   - A wrapper taking only integers and calling safe code should normally be a safe `extern ""C"" fn`.
2. Convert genuinely read-only `static mut` lookup data to `const` or immutable `static`.
   - Prefer immutable `static` when callers require one stable address.
   - Prefer `const` only when object identity/address is irrelevant.
   - Do not change an externally writable data symbol or silently alter its linkage.
   - Check all `extern` declarations of exported tables and update mutability consistently without changing the symbol name or layout.
   - Do not add an `unsafe impl Sync` merely to force a pointer-containing static to compile. Leave such a value for a later design if safe immutability is not straightforward.
3. Move pointer-free implementation logic into ordinary safe Rust functions.
4. If a bounded buffer algorithm is selected, implement a safe core using slices, indexing, iterators, or chunks, with only a thin raw-pointer ABI wrapper.

Avoid complex stream-state, allocator, callback, and codec pointer rewrites unless `SAFETY_PLAN.md` identifies one as an already prepared next step. Those areas contain interdependent C layouts, function pointers, raw allocation state, and internal declarations that often resolve directly to exported symbols.

ABI and API constraints:
- Preserve every exported symbol name, C signature, calling convention, linkage, integer width, `repr(C)` layout, and function-pointer type.
- Internal `extern ""C""` declarations may bind directly to an exported Rust wrapper. Search callers before renaming or changing a Rust-visible signature.
- Never define the same exported symbol twice. When a safe Rust implementation uses the logical API name, give the ABI wrapper a distinct Rust identifier and use `#[export_name = ""...""]`.
- Do not assume `pub` means a safe Rust API is appropriate. A public function accepting raw pointers must remain unsafe unless its body cannot rely on pointer validity, aliasing, initialization, or lifetime invariants.
- Keep unavoidable raw-pointer operations at the ABI boundary and add a concise `// SAFETY:` justification to every new or modified unsafe block.
- Do not create a new raw-pointer helper simply to relocate unsafe code; new implementation helpers must use genuinely safe parameter types.

Behavioral constraints:
- Preserve null-pointer sentinel and initialization behavior exactly, including the order in which special cases are evaluated.
- Preserve whether null is accepted with zero length and whether a non-null zero-length pointer is accepted.
- Never call `slice::from_raw_parts` or `slice::from_raw_parts_mut` with null, including for zero length.
- Before constructing a slice, reject lengths exceeding `isize::MAX` unless a stronger invariant is proven.
- For an oversized length, use the API’s established invalid-argument result. Do not map it to an unrelated null-buffer sentinel merely because both avoid slice construction.
- Preserve wrapping, truncation, modulo timing, checksum chunking, integer promotion, state transitions, output accounting, and error values. Reordering reductions or replacing wrapping arithmetic can change translated C behavior.
- Ensure safe cores cannot panic for inputs admitted by their safe signatures.
- Do not “fix” apparent translated-C bugs or undefined behavior as part of a safety refactor unless compatibility tests and the plan explicitly authorize it.

Validation:
- Add focused tests when they cheaply protect changed behavior, especially scalar edge cases, standard checksum vectors, incremental/combined calculations, table contents, null handling, zero lengths, and chunk boundaries.
- Run the relevant formatting, build, and functionality tests.
- Run:
  `cargo check-unsafe2 --manifest-path {cargo_dir_path}/Cargo.toml`
- Compare its before/after unsafe-entity count and inspect all newly reported unsafe or unsafe-adjacent constructs. Integer-to-pointer casts, raw-pointer parameters or fields, new unsafe blocks, and new mutable statics are regressions unless required at an existing ABI boundary.
- Where practical, inspect produced symbols to confirm that wrappers and data exports remain unique and correctly named.
- Review the final diff for accidental whole-file formatting, symbol duplication, ABI drift, changed null semantics, table identity changes, and unrelated edits.
- If a command cannot run, report the exact command and reason; do not claim it passed.

Before finishing, update `SAFETY_PLAN.md` as a short working scratchpad with:
- the coherent category changed this iteration;
- the before/after unsafe count and reduction;
- completed items;
- validation commands and results;
- ABI or behavior pitfalls discovered;
- remaining work and the best next general candidate category.

Final response only:
- concise change summary;
- unsafe-entity reduction;
- validation results;
- remaining caveats or blocked checks.
Do not include full files or large code excerpts.",[0.01635372501514234]
"Continue the iterative Rust safety refactor documented in `SAFETY_PLAN.md`.

The project is a generated-looking C-to-Rust translation of zlib with a public C ABI. The historical checker baseline was 6,604 unsafe entities. The latest evaluated tree had 6,496, a cumulative reduction of 108, and passed functionality tests. Re-measure the current tree before editing; the current checkout and `SAFETY_PLAN.md` are authoritative if their count differs.

For this iteration, make one small, coherent, high-confidence batch focused on inexpensive safety reductions:

1. Audit pointer-free arithmetic, bit-manipulation, size-bound, checksum-combination, compile-configuration, and similar scalar helpers.
2. Convert scalar-only exported C ABI functions and forwarding ABI wrappers from `unsafe extern ""C"" fn` to safe `extern ""C"" fn` when neither their body nor their contract requires caller-provided safety invariants.
   - `extern ""C""` does not itself require `unsafe`.
   - A wrapper taking only integer/scalar values and calling safe code should normally be safe.
   - Returning a raw pointer to stable immutable data does not by itself require an unsafe function if the function performs no unsafe access.
   - Previous work made several scalar implementation cores safe but left corresponding export wrappers unsafe; include those wrappers in this audit.
3. Convert genuinely read-only scalar lookup arrays from `static mut` to immutable `static`.
   - Prefer immutable `static` where callers take the table’s address or stable identity matters.
   - Use `const` only where each use may be a separate value and address identity is irrelevant.
   - Local read-only decode-order, base, extra-bit, fixed-code, checksum, and similar scalar tables are strong candidates.
   - Do not change an exported data symbol from writable to read-only without confirming that the C API and all internal declarations treat it as read-only.
   - Search every declaration and use before changing an exported table’s mutability.
   - Pointer-containing descriptor statics may fail `Sync`; do not add `unsafe impl Sync` to force conversion. Leave those for a later ownership/design pass.
4. Move pointer-free implementation logic into ordinary safe Rust functions where doing so removes unnecessary unsafe function declarations without adding wrappers or casts.

Do not undertake stream-state, allocator, callback, gzip I/O, compression/decompression state-machine, Huffman-tree pointer, or codec buffer rewrites in this iteration. Those areas contain duplicated C layouts, raw allocation state, function pointers, internal declarations that bind directly to exports, and tightly coupled pointer arithmetic. Prefer a batch of simple scalar functions and read-only scalar tables.

Before editing:

- Read `SAFETY_PLAN.md`.
- Inspect `git status` and the existing diff. Preserve unrelated user changes.
- Inspect crate layout, exports, internal `extern ""C""` declarations, call sites, function-pointer types, table-address uses, and relevant tests.
- Run a practical baseline:
  - the repository’s formatting check;
  - relevant build and functionality tests;
  - `cargo check-unsafe2 --manifest-path {cargo_dir_path}/Cargo.toml`.
- Record the exact initial unsafe-entity count and all pre-existing failures.
- Use targeted searches or scripts rather than printing entire generated files.

ABI and Rust API requirements:

- Preserve exported symbol names, C parameter and return types, calling convention, linkage, integer widths, array lengths, and `repr(C)` layouts.
- Rust’s `unsafe fn` qualifier is not part of the C ABI, but changing an internal Rust-visible function may affect function-pointer coercions and call sites. Search first.
- Do not define an exported symbol twice.
- If a safe Rust implementation needs the logical API name while a distinct ABI wrapper owns the symbol, use a distinct Rust identifier with `#[export_name = ""...""]`.
- A public function accepting raw pointers must remain unsafe unless it fully validates all inputs and its body cannot rely on caller guarantees concerning validity, alignment, initialization, bounds, aliasing, or lifetime.
- Do not make a raw-pointer forwarding wrapper safe merely because it contains no explicit dereference when the callee relies on pointer validity.
- Preserve existing `unsafe extern ""C"" fn` function-pointer types unless the callback contract itself has been comprehensively audited. A safe implementation can still be coerced to an unsafe function-pointer type where required.
- Do not introduce integer-to-pointer casts, new raw-pointer helpers, new unsafe blocks, new mutable statics, or `unsafe impl` declarations merely to lower the checker count.

Behavior requirements:

- Preserve wrapping and truncating arithmetic, modulo timing, bit widths, shifts, sentinel values, negative-length behavior, overflow results, and C integer promotion behavior exactly.
- Do not simplify suspicious translated expressions or “fix” apparent bugs during this safety-only pass.
- Safe cores must not panic for any input admitted by their signatures. Verify all indexing and shifts are bounded by construction.
- Preserve stable addresses for lookup data returned through the ABI.
- If touching any pointer-returning table accessor, ensure it still returns the same table object and that the exported symbol remains unique.

Validation:

- Add focused tests only where inexpensive and directly useful, such as scalar extrema, negative lengths, wrapping boundaries, combination identities, stable table addresses, and representative table contents.
- Run the formatting check, relevant build/tests, and functionality tests after editing.
- Run `cargo check-unsafe2 --manifest-path {cargo_dir_path}/Cargo.toml` again and report the exact before/after counts and reduction.
- Inspect checker output for regressions, especially new raw-pointer fields or parameters, unsafe blocks, mutable statics, casts, and unsafe wrappers that could safely be ordinary C ABI functions.
- Where practical, inspect the produced library with `nm`, `llvm-nm`, or the repository’s symbol test to confirm changed exports appear exactly once with unchanged names.
- Review the final diff for accidental whole-file formatting. Do not rewrite or return entire generated files.
- If any command cannot run, report the exact command and reason; never claim an unexecuted check passed.

Before finishing, update `SAFETY_PLAN.md` as a short working scratchpad containing:

- the scalar-function/read-only-table category handled in this iteration;
- measured before/after unsafe counts and reduction;
- completed items;
- validation commands and results;
- ABI or behavior pitfalls discovered;
- remaining work and the best next general candidate category.

Final response only:

- concise change summary;
- exact unsafe-entity reduction;
- validation results;
- remaining caveats or blocked checks.

Do not include complete files, large excerpts, the full unsafe-entity list, or generated output.",[0.0]
"Continue the iterative Rust safety refactor documented in `SAFETY_PLAN.md`.

{target_goal}

{after_refactoring_instruction}

This project is a C-to-Rust translation of zlib with a public C ABI and many generated-looking modules. The historical baseline was 6,604 unsafe entities; a prior checksum refactor reduced that to 6,524 while functionality tests still passed. Treat the current tree and `SAFETY_PLAN.md` as authoritative, but measure the checker count before and after this iteration and aim for a meaningful reduction.

Make one coherent, high-confidence change set. Prefer a batch of closely related, inexpensive reductions over one elaborate pointer-heavy rewrite. Do not rewrite or print entire generated files.

Before editing:
1. Read `SAFETY_PLAN.md`.
2. Inspect `git status`, the current diff, crate layout, exports, internal `extern ""C""` declarations, call sites, and relevant tests.
3. Run a practical baseline:
   - formatting check;
   - relevant build/tests;
   - `cargo check-unsafe2 --manifest-path {cargo_dir_path}/Cargo.toml`.
4. Record pre-existing failures and the initial unsafe-entity count so they are not attributed to this change.

Target selection, in priority order:
1. Remove `unsafe` from pointer-free arithmetic, bit manipulation, bounds calculations, state-independent helpers, and scalar-only C ABI entry points.
   - `extern ""C""` does not itself require an `unsafe fn`.
   - A wrapper taking only integers and calling safe code should normally be a safe `extern ""C"" fn`.
2. Convert genuinely read-only `static mut` lookup data to `const` or immutable `static`.
   - Prefer immutable `static` when callers require one stable address.
   - Prefer `const` only when object identity/address is irrelevant.
   - Do not change an externally writable data symbol or silently alter its linkage.
   - Check all `extern` declarations of exported tables and update mutability consistently without changing the symbol name or layout.
   - Do not add an `unsafe impl Sync` merely to force a pointer-containing static to compile. Leave such a value for a later design if safe immutability is not straightforward.
3. Move pointer-free implementation logic into ordinary safe Rust functions.
4. If a bounded buffer algorithm is selected, implement a safe core using slices, indexing, iterators, or chunks, with only a thin raw-pointer ABI wrapper.

Avoid complex stream-state, allocator, callback, and codec pointer rewrites unless `SAFETY_PLAN.md` identifies one as an already prepared next step. Those areas contain interdependent C layouts, function pointers, raw allocation state, and internal declarations that often resolve directly to exported symbols.

ABI and API constraints:
- Preserve every exported symbol name, C signature, calling convention, linkage, integer width, `repr(C)` layout, and function-pointer type.
- Internal `extern ""C""` declarations may bind directly to an exported Rust wrapper. Search callers before renaming or changing a Rust-visible signature.
- Never define the same exported symbol twice. When a safe Rust implementation uses the logical API name, give the ABI wrapper a distinct Rust identifier and use `#[export_name = ""...""]`.
- Do not assume `pub` means a safe Rust API is appropriate. A public function accepting raw pointers must remain unsafe unless its body cannot rely on pointer validity, aliasing, initialization, or lifetime invariants.
- Keep unavoidable raw-pointer operations at the ABI boundary and add a concise `// SAFETY:` justification to every new or modified unsafe block.
- Do not create a new raw-pointer helper simply to relocate unsafe code; new implementation helpers must use genuinely safe parameter types.

Behavioral constraints:
- Preserve null-pointer sentinel and initialization behavior exactly, including the order in which special cases are evaluated.
- Preserve whether null is accepted with zero length and whether a non-null zero-length pointer is accepted.
- Never call `slice::from_raw_parts` or `slice::from_raw_parts_mut` with null, including for zero length.
- Before constructing a slice, reject lengths exceeding `isize::MAX` unless a stronger invariant is proven.
- For an oversized length, use the API’s established invalid-argument result. Do not map it to an unrelated null-buffer sentinel merely because both avoid slice construction.
- Preserve wrapping, truncation, modulo timing, checksum chunking, integer promotion, state transitions, output accounting, and error values. Reordering reductions or replacing wrapping arithmetic can change translated C behavior.
- Ensure safe cores cannot panic for inputs admitted by their safe signatures.
- Do not “fix” apparent translated-C bugs or undefined behavior as part of a safety refactor unless compatibility tests and the plan explicitly authorize it.

Validation:
- Add focused tests when they cheaply protect changed behavior, especially scalar edge cases, standard checksum vectors, incremental/combined calculations, table contents, null handling, zero lengths, and chunk boundaries.
- Run the relevant formatting, build, and functionality tests.
- Run:
  `cargo check-unsafe2 --manifest-path {cargo_dir_path}/Cargo.toml`
- Compare its before/after unsafe-entity count and inspect all newly reported unsafe or unsafe-adjacent constructs. Integer-to-pointer casts, raw-pointer parameters or fields, new unsafe blocks, and new mutable statics are regressions unless required at an existing ABI boundary.
- Where practical, inspect produced symbols to confirm that wrappers and data exports remain unique and correctly named.
- Review the final diff for accidental whole-file formatting, symbol duplication, ABI drift, changed null semantics, table identity changes, and unrelated edits.
- If a command cannot run, report the exact command and reason; do not claim it passed.

Before finishing, update `SAFETY_PLAN.md` as a short working scratchpad with:
- the coherent category changed this iteration;
- the before/after unsafe count and reduction;
- completed items;
- validation commands and results;
- ABI or behavior pitfalls discovered;
- remaining work and the best next general candidate category.

Final response only:
- concise change summary;
- unsafe-entity reduction;
- validation results;
- remaining caveats or blocked checks.
Do not include full files or large code excerpts.",[0.01635372501514234]
"Continue the iterative Rust safety refactor documented in `SAFETY_PLAN.md`.

This is a generated-looking C-to-Rust translation of zlib with a public C ABI. Historical checker counts include 6,604 unsafe entities at the original baseline, 6,524 after an earlier checksum refactor, and 6,496 in the latest evaluated example. Functionality tests passed at those stages. Treat the current checkout and `SAFETY_PLAN.md` as authoritative: measure the actual count before and after this iteration rather than assuming any historical number.

Make one coherent, high-confidence change set focused on inexpensive, broadly applicable reductions. Do not attempt a complex stream-state, allocator, callback, compression, or decompression pointer rewrite.

Preferred scope:
1. Batch-convert pointer-free arithmetic, bit-manipulation, bounds, size-reporting, combination, compile-configuration, and similar scalar helpers from `unsafe fn` to safe Rust.
2. Make scalar-only C ABI entry points safe `extern ""C"" fn` where their bodies call only safe code. `extern ""C""` does not require `unsafe`.
   - Do not leave a wrapper unsafe merely because it exports a C symbol.
   - Preserve ABI wrappers when needed, but make them safe if their parameters are scalar and the body has no unsafe operation or caller-supplied invariant.
3. Convert genuinely read-only lookup arrays and fixed scalar tables from `static mut` to immutable `static`.
   - Prefer immutable `static` when callers take or compare its address.
   - Use `const` only when stable object identity is irrelevant.
   - A zero-argument accessor that only returns a `*const` pointer to immutable stable storage can itself be safe.
4. If the selected tables contain raw pointers or another type that is not naturally `Sync`, leave them unchanged. Do not add `unsafe impl Sync` to force immutability.
5. Keep pointer-bearing functions unsafe unless they do not dereference, offset, compare as allocation-relative pointers, call unsafe functions, or otherwise rely on pointer validity, initialization, aliasing, provenance, or lifetime guarantees.

Before editing:
- Read `SAFETY_PLAN.md`.
- Inspect `git status`, the existing diff, crate layout, exports, internal `extern ""C""` declarations, function-pointer types, all call sites of candidate helpers, tests, and public headers or upstream declarations relevant to exported data.
- Run and record a practical baseline:
  - `cargo fmt --all -- --check`
  - the relevant build and functionality tests
  - `cargo check-unsafe2 --manifest-path {cargo_dir_path}/Cargo.toml`
- Record exact pre-existing failures and the initial unsafe-entity count.

ABI and compatibility requirements:
- Preserve every exported symbol name, C parameter and return type, calling convention, linkage, integer width, and `repr(C)` layout.
- Safe `extern ""C"" fn` and unsafe `extern ""C"" fn` have the same C ABI, but changing a Rust function’s safety changes its Rust function-pointer type. Check all casts, tables, declarations, and callers before changing it.
- Internal `extern ""C""` declarations may resolve directly to exported Rust symbols. Do not rename or duplicate a symbol without searching the whole repository.
- Never define the same exported symbol twice. If a separate Rust implementation and ABI wrapper are needed, use distinct Rust identifiers and exactly one export of the C symbol.
- Do not turn an externally writable data symbol into read-only storage. Verify mutability from headers, upstream zlib declarations, internal extern declarations, and usage before changing exported tables.
- Update all internal declarations of an immutable exported table consistently without changing its symbol name, element type, length, layout, or address identity.
- Do not introduce new raw-pointer helpers, pointer casts, mutable statics, unsafe blocks, or unsafe implementations merely to move an existing warning.
- Preserve translated-C behavior exactly, including wrapping arithmetic, truncation, signed conversions, modulo timing, sentinel values, odd-looking tautologies, and overflow behavior. Do not fix unrelated apparent bugs.

Editing constraints:
- Avoid whole-file rewrites and broad formatting of generated modules.
- Use narrow scripted replacements or small patches, then inspect each changed hunk.
- Do not print full generated files or large lookup tables in the response.
- Every new or modified unsafe block must have a concise `// SAFETY:` explanation. Prefer changes that require no new unsafe block.
- Add focused tests only where cheap and useful, such as scalar edge values, overflow boundaries, stable table addresses, representative table entries, and safe ABI invocation.

Validation after editing:
- Run `cargo fmt --all -- --check`.
- Run the relevant build and full available functionality tests.
- Run `cargo check-unsafe2 --manifest-path {cargo_dir_path}/Cargo.toml`.
- Report the exact before/after counts and reduction.
- Inspect newly reported unsafe or unsafe-adjacent entities. Raw-pointer fields or parameters, integer-to-pointer casts, mutable statics, unsafe blocks, and unsafe function-pointer entries must not increase unless required by an existing ABI boundary.
- Where practical, inspect produced symbols to confirm uniqueness and unchanged names for modified ABI functions or exported data.
- Review `git diff --stat` and `git diff` for accidental whole-file formatting, ABI drift, changed linkage, changed table identity, symbol duplication, and unrelated edits.
- If any command cannot run, report the exact command and reason; do not claim it passed.

Before finishing, update `SAFETY_PLAN.md` as a short scratchpad with:
- the category changed in this iteration;
- initial and final unsafe counts and reduction;
- completed work;
- validation commands and results;
- ABI or behavior pitfalls discovered;
- remaining work and the best next general candidate category.

Final response only:
- concise change summary;
- unsafe-entity reduction;
- validation results;
- remaining caveats or blocked checks.
Do not include full files, large diffs, or large code excerpts.",[0.0]
